DeltaT,t_cement,E_cement,alpha_cement,E_rock,alpha_rock,E_steel,alpha_steel,a0_interface,k_contact,r_inner,t_steel,k_cement,y_cc_max_jump_mm,y_cr_max_jump_mm,y_all_max_jump_mm
-54.13823153823614,0.051646558754146,16583693163.490112,7.427653476595879e-06,10483358449.74366,1.1558901977725325e-05,203955516982.8236,1.2415849767625333e-05,4.09692411526784e-05,0.1566034488775348,0.15282927993685,0.0207498176889494,0.8479906877599552,0.2527634193867266,0.1739187008599632,0.2527634193867266
-49.53507885336876,0.0275453365920111,5033547506.860851,1.4139739997684956e-05,41231194046.18168,4.426929245702922e-06,198838175851.8517,1.1541359763592484e-05,1.2902012745237149e-06,4.6131197966122,0.1203826123848557,0.0163736564097926,1.0888542925405802,0.1044975013805069,0.2583454463352778,0.2583454463352778
-21.745938193053007,0.0428580989968031,12671296914.464855,9.41756834834814e-06,22940397185.438946,7.342453497461974e-06,205263600125.90884,1.0704225782305004e-05,9.699907355764544e-06,1.851320849113159,0.1478391703218221,0.0122162854950875,0.5124465667160897,0.1805606080756136,0.1809344994002752,0.1809344994002752
-74.5792924053967,0.0166475174250081,6533372344.854369,1.21419897377491e-05,5506217074.5529375,8.648034174926578e-06,190067859515.54776,1.333074240386486e-05,3.0508268738255448e-05,0.3902709487056358,0.1786684062331915,0.0249077834784984,1.7825653152130263,0.1901354736726527,0.3421137368652216,0.3421137368652216
-65.45062212273479,0.0478556021489203,3521652455.1869392,1.1617153607308863e-05,8899571872.121227,1.2969157538376749e-05,209591160789.1321,1.0219581093639136e-05,3.723192605677041e-06,3.0547929365481297,0.1352943346835673,0.0228516365243122,0.6285491636317696,0.1631155906834175,0.242873752457911,0.242873752457911
-30.8399042673409,0.0230511849140748,19714089459.004173,1.0825217574834824e-05,27195074567.23075,5.2735354462638495e-06,194474429711.6995,1.384701321274042e-05,1.1834315497963093e-05,0.2357825469498108,0.1911281482316553,0.0144305318864062,1.4487866938893812,0.2563221601388457,0.2879192898117129,0.2879192898117129
-40.44118564575911,0.0580501605290919,7639028346.779881,1.3603068813681604e-05,49324141120.65139,8.185563036240637e-06,200877345968.03784,1.2898612141609192e-05,8.85198587914214e-05,0.6690086838403537,0.1652643940411508,0.0183853666707873,0.768108883880985,0.25061906864486,0.3188526667219402,0.3188526667219402
-63.26700061559677,0.0325426023686304,8719676123.961893,8.83151275664568e-06,17119966155.70159,1.005245633330196e-05,195682216007.26248,1.1026990819722415e-05,2.811664061316682e-06,1.0764895450914391,0.1078131488524377,0.0188973970022052,1.1985641672339131,0.1302660581992369,0.1660233064627881,0.1660233064627881
-57.66432782635093,0.0385912670893594,6968038421.457103,1.0208173617720604e-05,32590568544.92057,9.428562429733573e-06,208691596649.5872,1.0374605298042298e-05,4.4369146949624725e-06,0.2875066107496551,0.101590206939727,0.0213641448458656,1.6162981854598906,0.118273808152556,0.1881933996537796,0.1881933996537796
-38.54434469714761,0.0180001869052648,10365985314.497906,1.1484229035675529e-05,11301590741.549467,6.296060259453952e-06,193496399931.6096,1.3746178556233643e-05,1.3976640083378453e-05,1.2068220862223868,0.1714872893877327,0.0153538603121414,0.6720940539598339,0.2092963802983213,0.272208790363787,0.272208790363787
-32.751892991364,0.0501922201411798,3159085301.288213,8.198572956025601e-06,5934967677.563072,4.649384084157646e-06,202401786204.4275,1.2507250275462866e-05,5.932282169535617e-05,3.3982014094754605,0.1974059755913913,0.0128333912529051,1.396536782790654,0.2735502024354922,0.2392515204157428,0.2735502024354922
-71.03911988437176,0.0317105100955814,23054553804.52024,1.3485979050397873e-05,18130479790.37969,1.1079362903721629e-05,197285064663.738,1.1379769064486029e-05,1.867403092606709e-06,0.1020916289155788,0.1290164615027606,0.0238836218658834,0.7862596173072078,0.1728512050345495,0.2637589691249817,0.2637589691249817
-76.47637519985437,0.0565986127546057,13837685009.960644,1.4772669337689878e-05,29321903432.42477,1.0273846871219574e-05,203058394547.55188,1.2053305868059396e-05,4.667741575964024e-05,0.7929866276264248,0.1849462797865271,0.0218314436981454,1.110801266982356,0.2444557151788346,0.4283210062340977,0.4283210062340977
-27.349284663796425,0.0367105667106807,5474446901.168782,7.544694572687149e-06,7031513914.24064,7.70269373152405e-06,197862587179.98865,1.192686228454113e-05,1.4832433395453071e-06,0.4361328379662665,0.1415613433346152,0.0150452557718381,0.985610247702196,0.1954518327031532,0.1601344508162882,0.1954518327031532
-43.946797009557486,0.0435915583977475,18415401704.277954,1.275907664000988e-05,13528207876.7922,6.053068065084516e-06,206785598658.02527,1.08265448436141e-05,6.21442510248955e-06,0.1736966678350685,0.1141597166657447,0.0173616017866879,1.898464012588031,0.1335416652696807,0.2431809521846591,0.2431809521846591
-52.22694242373109,0.0244066425506025,4287530600.7822895,9.5505129173398e-06,53190682198.12471,1.1919365405105054e-05,191668267063.7965,1.3201108794659375e-05,1.9722297158528577e-05,1.9913380851622315,0.1590522214770317,0.0195141060315072,0.5704253681246779,0.2274902151449207,0.2232958691725144,0.2274902151449207
-51.137965228408575,0.0447660240903496,10897127879.751854,1.397908379137516e-05,5079276170.384826,7.578058066777884e-06,199620192982.2564,1.0965335614979268e-05,1.6310540610038697e-05,0.2204561480004856,0.1600214867852628,0.0230331777520477,1.285260745612243,0.1847308813487924,0.3450702034165711,0.3450702034165711
-45.186922047287226,0.0259766969410702,7321038241.35466,8.703514970839024e-06,21136034453.44596,1.0710507665760811e-05,204424721784.8897,1.3092827852815389e-05,5.185101805819307e-06,2.566492953212068,0.1166815697215497,0.013785586932674,0.7087451451728676,0.1685338788093907,0.1546116579612089,0.1685338788093907
-24.22057021409273,0.0556636977475136,23445304429.744133,1.1989170841872692e-05,38079033630.57655,1.2361643818207082e-05,190848924200.98184,1.2160602170974016e-05,2.171247631958581e-06,0.9044089973494868,0.1394264035858214,0.0177532162358984,1.504042654304593,0.1833603499839312,0.2806326646305577,0.2806326646305577
-79.45605896413326,0.034765000459738,3211073221.040827,1.0701278567314149e-05,9693627982.938648,5.931578095071018e-06,205731313657.0156,1.1789040893316269e-05,6.895579825412452e-05,0.6255262733342886,0.1843715452589094,0.0190661437595263,0.6122963010480797,0.2451225274763531,0.2759704698160805,0.2759704698160805
-69.8328698053956,0.0494139461405575,5383204415.700494,9.039585702121258e-06,15831483700.971848,6.737213754095136e-06,194005835335.7017,1.2646048199385405e-05,1.6628523201922875e-06,3.983531046458058,0.126861398294568,0.0201616049129515,1.7334263957292777,0.1871559134506935,0.2078728626308167,0.2078728626308167
-33.87474425137043,0.0299214131897315,13613670704.877682,1.2268050849437716e-05,45556708788.779526,9.30821347143501e-06,208810974787.92072,1.127149622887373e-05,5.237379036780015e-05,0.1415753812326634,0.1968019623309373,0.0166127232722938,0.5324977415098824,0.2361685037775885,0.3070330822547632,0.3070330822547632
-35.53261702880263,0.0399223737884312,4078556015.819044,7.0536685734987255e-06,25057955671.009266,1.0953653818927704e-05,195212671495.9741,1.0481909707188607e-05,2.2241002855154067e-05,0.3528169173225214,0.172476484067738,0.0124425578871741,1.0031093633973305,0.2071350320829325,0.182328304132185,0.2071350320829325
-60.76099926605821,0.0197267106408253,17527454032.91285,1.426174233108759e-05,8210137304.013925,5.087100059725344e-06,200095671005.54703,1.3608364317566155e-05,6.994288744448072e-06,1.5986684570214609,0.1041411446407437,0.0243323652213439,0.9103494876657738,0.1193021205686121,0.2446172411048186,0.2446172411048186
-62.59905155748129,0.0598425988806411,4481231071.219818,1.2635091021656992e-05,19605930417.34156,5.430036324076354e-06,193028141651.3025,1.276054759323597e-05,1.1448142680828673e-06,0.5207374075298165,0.1103694222867489,0.0224323254656046,0.5678427883850394,0.1915230807750082,0.2129191196429894,0.2129191196429894
-41.19413569569588,0.033324400037527,14772151520.41442,9.92251405864954e-06,6425759738.654873,1.2562164624221625e-05,207911074403.6734,1.1134041998535396e-05,3.6383286076902334e-05,0.8507581095405695,0.1662482552230358,0.0147934702783823,1.9286400144989888,0.1660428495522496,0.2683525324080069,0.2683525324080069
-28.22743279859424,0.0461324319289997,6012608044.18441,1.4644685976207258e-05,12265439887.637789,9.650823545642196e-06,196815241128.20624,1.0111545216292144e-05,2.7230225052482748e-05,2.1364290479151267,0.1905310092493891,0.0171480014370754,0.9293514774020872,0.1715232530075352,0.3647844210372046,0.3647844210372046
-67.9797519929707,0.0217235924955457,11666936562.022034,7.920754492282867e-06,35327060949.656845,8.345501433126628e-06,201620390117.16843,1.3986047200858591e-05,8.640651284341162e-06,0.2073902025485932,0.1331324009224772,0.0200768027035519,1.1656249794053488,0.2221063656709869,0.166279176795481,0.2221063656709869
-73.79429934546351,0.0412860766192898,21421599536.971672,8.32058947533369e-06,57661234813.57875,4.0242230379953975e-06,198644940406.08405,1.0566168386489151e-05,1.0171790913153615e-05,1.3307768218966134,0.1781005430035293,0.0211698849871754,0.8259914754796017,0.2194786093341139,0.218800101444176,0.2194786093341139
-22.381843347102404,0.0154709011875092,3824815616.159247,1.3112038850784303e-05,14683061824.239231,1.1719895555637776e-05,203527263104.9156,1.3437801688909533e-05,3.204644895851532e-06,0.3319073608817779,0.1456973570398986,0.016011474257335,1.3147354404252944,0.1442529687367867,0.2797887053239791,0.2797887053239791
-47.03982304781675,0.0535901449481025,9794380373.655205,1.0334187880158423e-05,7613559898.906317,8.803410134278238e-06,192449052724.98727,1.2307821996510027e-05,2.4078138832229858e-06,0.1178589106867558,0.1229097981937229,0.0134528201026842,0.683427319262759,0.1970909589982284,0.1793278871882887,0.1970909589982284
-56.78457796573639,0.028478110441938,8575832275.62191,1.1106230057775976e-05,31710502371.7591,6.936601595021784e-06,207253591064.3637,1.1680400904268028e-05,7.578415450504548e-05,3.7472084580270666,0.1537932087667286,0.0237275471510365,1.606158273999179,0.1518914411018323,0.2793201084878453,0.2793201084878453
-55.9073630720377,0.0421446561673656,3043357065.9840894,1.4440885677933692e-05,16600979672.361427,8.451150704175233e-06,191011891942.47125,1.1201321125030518e-05,5.297307253776207e-06,0.1346449873141686,0.193605415802449,0.015211100785993,0.6568824830045448,0.2423055591623434,0.3656084262585607,0.3656084262585607
-47.79567334800959,0.017334826150909,22206415812.05063,7.243672408163547e-06,50743319481.0016,9.82642372138798e-06,206206773649.90115,1.2825842190533876e-05,1.6814053529180426e-05,4.200211717125665,0.1362106221728027,0.0220210924232378,1.648597822181663,0.1708324304166431,0.1663322978004443,0.1708324304166431
-23.734781984239817,0.0523407326778396,6767501328.015266,1.2465859584510328e-05,26314726204.710377,1.2667863214388487e-05,199769734777.51016,1.392854007706046e-05,7.044676209301953e-05,1.491466432713191,0.1073866625316441,0.0196783639378845,0.8025872051346745,0.1831048154450188,0.2169631406440872,0.2169631406440872
-72.56158089265227,0.0268277724646031,10069316127.091412,9.226533889770509e-06,9130672609.677387,5.605587180703878e-06,204886752255.26096,1.0052114583551883e-05,2.2382355955250343e-06,0.3791368981056733,0.1632738878019154,0.0175528372321277,1.3641134004164108,0.1565671206808081,0.2316169472664829,0.2316169472664829
-67.21221486106515,0.0573628477798774,18642227416.186848,1.050138234347105e-05,5645723273.355253,7.0411688964813945e-06,195358548797.66705,1.338199794664979e-05,5.21942867781616e-05,2.4727550398299334,0.1198325298726558,0.0155942900935187,0.9662604201184668,0.2016218099900632,0.2068425884815853,0.2068425884815853
-29.1080947779119,0.0332560519035905,4340775347.53589,1.1808199226856232e-05,22211049543.88208,8.980093352496623e-06,200554041750.7291,1.0504534885287283e-05,1.6423145075576324e-06,0.2283970851324309,0.1507182292640209,0.0215807709163054,1.1363846567760627,0.1565814176350589,0.26843976797219,0.26843976797219
-42.422519251704216,0.0485731702996417,14601833008.642303,8.530363515019418e-06,42391397315.165085,1.1824482068419456e-05,194172467570.7519,1.174987193197012e-05,6.970684190881576e-06,0.5735479031212928,0.1810739574953913,0.0241256387550383,0.5840107570854841,0.2658641741064443,0.2190534206132895,0.2658641741064443
-61.25685650855303,0.0223570042848587,5776203368.377797,1.3787007667124272e-05,10171632789.264112,4.200887044891715e-06,209290094505.9955,1.2371402245014904e-05,2.196746294889585e-05,0.9848130438055724,0.1486806897446513,0.0130484306029975,1.860080853247089,0.1153445670597455,0.3103367473282966,0.3103367473282966
-59.41812427714467,0.0508836970198899,12309833058.29878,1.1159874752163889e-05,54970137079.73117,5.8270097710192194e-06,196333670467.1383,1.3023846350610255e-05,3.1683648993284665e-05,0.3156245480681878,0.1424028683453798,0.0141869530724361,1.0629045706072615,0.22281673840527,0.2418342837981383,0.2418342837981383
-36.7607649974525,0.0310012246901169,6348020533.772194,1.0399677254259587e-05,13185800154.60172,1.218496158905327e-05,201451326012.6114,1.0902243118733168e-05,1.0059458688775326e-06,1.4029854556264552,0.1873518247157335,0.0226382090775296,0.866145660160495,0.1963490692675328,0.2938853219837741,0.2938853219837741
-34.754698574543,0.0378751138038933,15980342870.698915,1.3185348384082318e-05,7251333538.834018,1.060592428781092e-05,192572202775.6273,1.1844357375055552e-05,7.524404268168886e-06,3.4963754931472266,0.1569411652162671,0.0186585787367075,1.8168912202003589,0.1505955057439727,0.3369448069564182,0.3369448069564182
-69.0651248022914,0.0186957823997363,4849617036.044204,8.382054269313812e-06,28501826366.33724,7.401390891522168e-06,207767648044.9736,1.2221746608614922e-05,2.392672065802909e-05,0.1266653233279264,0.1136096404865384,0.0181671782881021,0.5012056722608592,0.1694419523000112,0.1355465406008013,0.1694419523000112
-78.2230906188488,0.0443008397798985,8062975522.048212,7.845382265746594e-06,17634275101.84394,4.981451911851763e-06,191989454124.1229,1.1329492416232824e-05,3.6143663781284e-06,0.8197891238880378,0.1694967775605619,0.0162110100192949,1.4184811251643,0.2220691958845367,0.2120684053190705,0.2220691958845367
-25.57284321635961,0.023715172377415,9202675498.866903,1.458920729160309e-05,6116855752.785172,1.0778052486479282e-05,207106500212.10312,1.2705966092646125e-05,1.1369555833182352e-05,0.5395549476737181,0.1011637269519269,0.0205570199312642,0.6439788567738928,0.1190256215357857,0.2252924647516344,0.2252924647516344
-45.94255017116666,0.0559030212834477,3565959297.363756,9.874840274453164e-06,11022330996.308285,9.202511578798293e-06,198167029470.2053,1.3540597438812256e-05,8.547784388363892e-05,0.1901357204908082,0.1299327545799315,0.0247403765395283,1.2253982758463906,0.2317773168301829,0.2150632193047813,0.2317773168301829
-50.26005698367953,0.0374267132906243,19964035189.479965,1.2567523635923864e-05,33660758924.901287,6.56166616640985e-06,203361863493.91937,1.041612558439374e-05,2.691484460384316e-06,2.3260671915300146,0.1998832368291914,0.0120282486733049,0.7535026566379914,0.1931101075259182,0.3411605283890135,0.3411605283890135
-52.87710608914495,0.0549488749215379,6038611804.663907,8.902380749583245e-06,8484883092.564415,1.118408624269068e-05,205425346568.2268,1.3683057144284248e-05,1.1966626546980142e-06,0.2562905199646708,0.1942270448431372,0.0157679200451821,1.9751871243525656,0.3193819480007926,0.2824312041983634,0.3193819480007926
-43.41799793764949,0.0354619262460619,11716292802.25964,1.3663068659603598e-05,24423957796.62897,4.825910191982984e-06,190542099401.3548,1.0305656049400567e-05,3.7658748680255945e-05,2.817491530168986,0.1258474489673972,0.02095648214221,0.5557425720308401,0.1301055068063507,0.2466091825936592,0.2466091825936592
-26.238045692443848,0.0454560848465189,4768793114.968026,1.0877397321164607e-05,46981372317.485344,6.400764320045709e-06,204106280077.2488,1.1440945636481049e-05,2.8294951012891227e-05,1.1221013248015277,0.1048605933785438,0.0234887538747862,1.1431962168852985,0.136779271250401,0.1968052510330925,0.1968052510330925
-77.46739398688078,0.0252659952454268,15721626854.026815,1.1680201441049578e-05,15388860571.027378,9.605107815936206e-06,199301426429.3015,1.2562537960708142e-05,8.91564286386554e-06,0.6435983499978578,0.1747599646449089,0.0132346567092463,0.9499356345305632,0.2046431334360207,0.3033795323544208,0.3033795323544208
-71.56495824456215,0.0392254520254209,9358661333.965063,1.2091874681413175e-05,9428234058.749975,1.2025201827287671e-05,201022003162.65225,1.1986808974295857e-05,1.2991364948993715e-05,4.9281586859765785,0.1173293021507561,0.0146308488771319,1.3431960316967009,0.1391247390673917,0.2451132174117838,0.2451132174117838
-32.1129297837615,0.0204415267612785,8195656211.094758,9.34853622317314e-06,39245646858.75604,6.228482162579894e-06,196139365453.27307,1.2111269921064378e-05,4.124139337729876e-06,0.1463606839089405,0.1622301992960274,0.0222395526971668,0.8064931396933768,0.2121098195508012,0.2116488134002839,0.2121098195508012
-37.54301147535443,0.0501246438128873,20986949626.076733,1.406290303170681e-05,20613569666.17498,7.808480901643633e-06,209759013131.2609,1.3135292418301106e-05,3.086616681340232e-06,0.4121231897383192,0.1816730315797031,0.0199094203663989,1.5715558793258178,0.2478638156526279,0.3944214792887462,0.3944214792887462
-58.77947254106402,0.0292313591390848,3746614319.707169,7.369733519852162e-06,5246016093.052484,1.0449310220777988e-05,194954770728.9457,1.0758806880563498e-05,9.805419268017792e-05,1.7499684764746142,0.1382919098250568,0.0169599892171099,0.6968679364723598,0.1692114906892216,0.1570998486835673,0.1692114906892216
-64.38282437622547,0.0468252753932029,24943390914.68294,9.746856912970543e-06,30748921797.777004,8.54219445027411e-06,201918994244.18808,1.16066869571805e-05,1.4668831153011752e-05,0.4741271419649671,0.1445628688670694,0.0167785928882658,0.7248996276748355,0.2057826085002212,0.2087535320440506,0.2087535320440506
-39.44008890539408,0.0210046980762854,3416572623.27534,1.2943583555519582e-05,7832547997.94125,7.167042668908834e-06,197114780452.1024,1.2483100589364768e-05,4.614956510786211e-06,0.731468048912628,0.1754020229913294,0.0203512782398611,1.2597361216204548,0.1624708872801774,0.3364987994686551,0.3364987994686551
-30.201649609953165,0.0591305721737444,10941446448.142466,7.721396647393703e-06,14207619167.0648,4.321143198758363e-06,208236879073.0834,1.3271283347159624e-05,1.9597826723066e-06,2.075480725683658,0.1560019156895578,0.0244966481169685,0.5996763954499504,0.2716731157741839,0.1675127269722048,0.2716731157741839
-65.97666746005416,0.0340131250536069,7350091960.375058,1.4961208432912827e-05,59158025876.44792,1.1383437471464276e-05,193354193679.9884,1.0646751374006272e-05,6.17000400233379e-05,0.1670781326009372,0.1235575369559228,0.0126338183218613,1.5392439641648008,0.1204788282326826,0.2679715117085761,0.2679715117085761
-75.570561978966,0.0543090433906763,3994775050.597141,1.331136264652014e-05,36222439513.00304,9.947736129164694e-06,206324779950.0823,1.3785346996039152e-05,1.388086901312478e-06,1.2890938754759105,0.1685317302122712,0.0140260417032986,0.5433582353146199,0.2865702860400411,0.3029207849507846,0.3029207849507846
-20.635363962501287,0.0277852602722123,17164613899.013197,8.00405529141426e-06,11875590294.147264,8.009033760055899e-06,191519954912.36447,1.0163805775344373e-05,4.407754183982976e-05,0.2686679120043072,0.1110888773575425,0.0232498288117349,1.6948706446534012,0.1204329720086446,0.1494461093112637,0.1494461093112637
-49.00650106370449,0.0405973475798964,5142403022.995059,1.1281891271471976e-05,6606635666.464956,5.168830363079905e-06,202581703718.75168,1.109059937298298e-05,1.845735123273881e-05,0.1078216573325626,0.1321184571832418,0.0193081852504983,0.8894187477017819,0.1791221203703061,0.2161048143757344,0.2161048143757344
-54.78908944875002,0.0161829345999285,13006768558.577934,1.0025737054646016e-05,19023120064.441887,1.2792613141238687e-05,197698408868.16385,1.2968050573021174e-05,5.86839245559978e-06,3.212522685870206,0.1879560854285955,0.0179682801878079,1.0241800196773934,0.2028308183973363,0.2916992708881536,0.2916992708881536
-55.17679091542959,0.0483142000855877,5546723712.496377,1.2905443355441094e-05,49963356528.539024,1.022575412597507e-05,195007816068.8281,1.2597865723073485e-05,2.316864303367409e-06,0.1209548793214973,0.1283657406456768,0.019973109640181,0.6037455003130234,0.2102952651317879,0.2359827323478883,0.2359827323478883
-48.52993622422218,0.0224935370218008,14029083431.41519,9.661980636417866e-06,16060709745.760794,7.733221628703176e-06,200280766449.86868,1.1476289194077256e-05,7.362184624238253e-05,3.6595316772247015,0.1982635800726712,0.0172524972315877,1.516464796033081,0.1815165126390925,0.2909344293454333,0.2909344293454333
-20.18804593011737,0.0578057960746809,4237974290.8591785,1.4876286648213864e-05,9089364111.320864,6.004962311126291e-06,193898677136.74905,1.0278087560087445e-05,1.7346445192900383e-05,1.468468636954665,0.1710267486982047,0.0146941406233236,0.7377573459404972,0.1827419536561274,0.3347199781962005,0.3347199781962005
-76.10468344762921,0.0326882628723979,18210025994.72705,7.683240920305252e-06,25676512742.340218,1.194988083001226e-05,208937587793.91647,1.3655564531683924e-05,5.5051173039196506e-06,0.3013924660958528,0.1026486846618354,0.022530870986171,1.2546220909217165,0.1838133167387057,0.1446802991352139,0.1838133167387057
-66.4816158823669,0.0528082712972536,10488075013.641497,8.091008625924588e-06,22299198582.21449,9.380533386953176e-06,190663066413.2536,1.0794173028320074e-05,2.119771616153024e-05,2.361457611110436,0.1585838867351413,0.0236285173427313,0.8834318721476637,0.2128054065795142,0.2061084729238601,0.2128054065795142
-29.842327255755663,0.0262845740932971,7045133548.488946,1.3351332038640975e-05,5789755870.515198,6.326515066437423e-06,205936626251.78696,1.3170612372457982e-05,6.677444275210761e-06,0.1872052090115143,0.1152012450620532,0.0135526588410139,1.0395500227926555,0.1502530872103444,0.2228424043411622,0.2228424043411622
-38.87575279921293,0.0419106199359521,22749416442.28944,1.0065721973776818e-05,10323712728.668072,4.601350883953273e-06,199492816440.76108,1.208379989862442e-05,1.593727469285862e-06,0.5312438696311816,0.1408941008150577,0.0159072891818359,0.5338811209308917,0.204774100361753,0.1897365763729015,0.204774100361753
-64.79993224143982,0.0174962925352156,3116233649.711684,1.136889011412859e-05,43842128525.77914,1.1109813016839324e-05,204532338343.5607,1.1959232676774264e-05,5.016846145938754e-05,0.832254184541956,0.1857965178787708,0.0212732921270653,1.7017938021842658,0.1556360696424763,0.3346544071117914,0.3346544071117914
-59.152640011161566,0.0564476306643337,19496283979.783543,1.374992834031582e-05,12756705633.490871,1.2876561312936246e-05,192341445703.05945,1.067429691553116e-05,2.4588655824362955e-05,0.3620628261375513,0.1795682879164815,0.0189652138967067,1.163485655535079,0.2084449689966332,0.3843625902518172,0.3843625902518172
-37.022615764290094,0.0369605960743501,3480583432.2661223,8.942504830658435e-06,54125076499.14689,5.38370590750128e-06,207380958069.11588,1.3298783648759128e-05,7.815609976104127e-06,1.5609852524172834,0.1471223773434758,0.0178533371202647,0.9460692748850824,0.2221225498234182,0.1970464750626389,0.2221225498234182
-31.68037462979555,0.044143541380763,8839357277.62242,1.1720279537141323e-05,27810503058.45713,8.09297150466591e-06,198439561054.11053,1.2447810914367435e-05,1.0396226497420187e-06,4.395947131579611,0.1214722458273172,0.0136834692815318,1.9885687059104384,0.1429380560557716,0.2431414886818169,0.2431414886818169
-72.14313946664333,0.0239533662004396,7740698480.8824,1.0964241951704024e-05,7218544551.736207,1.0162630951963364e-05,203713187649.84607,1.157129005342722e-05,3.302158743358846e-05,0.1285825805640929,0.1523129317909479,0.0231360733872279,0.5475239715607763,0.2021692068345593,0.2378439535052629,0.2378439535052629
-77.95757953077555,0.0377371703926473,4964344449.566718,9.3104892000556e-06,6272922655.886159,1.1466369991190727e-05,196688637658.95367,1.2995573941618204e-05,2.6160405802476714e-06,0.9997263955543711,0.1089196392334997,0.0242297539599239,1.5441615223981122,0.1680765445101176,0.1935767952951549,0.1935767952951549
-25.834663584828377,0.0189533308753743,16367241791.569572,1.20068441927433e-05,17704218330.609398,4.5370260803028936e-06,201727538779.378,1.111813758313656e-05,8.238413240507516e-05,0.5647475311785811,0.1647557475604117,0.0125443663690239,0.699707088704248,0.1402342105945875,0.2635630341047837,0.2635630341047837
-42.868195828050375,0.0514473177306354,6606886029.4998665,7.284718081355095e-06,34812625091.14988,7.2499339831992975e-06,192842979449.7788,1.012843193858862e-05,1.101383097752281e-05,0.2248905147129686,0.1920353039167821,0.0165120948543772,1.3341405557361945,0.232273302083052,0.2109365390912816,0.232273302083052
-53.33804482594133,0.0305541191389784,12818149473.554844,1.4024901993572711e-05,11187156558.430182,8.758144018240272e-06,208115996588.0215,1.3750049989670517e-05,3.464087769914565e-06,2.5102241320944305,0.1345939709804952,0.0202630175137892,0.8186049538683331,0.1811975049718813,0.2898589867236264,0.2898589867236264
-50.79521020874381,0.049570421394892,3909438251.340594,1.0437815442681314e-05,23859681085.58205,4.134333551861346e-06,200750616136.93832,1.0016977734863758e-05,9.286278682395434e-06,0.1696021224951106,0.1336003869771957,0.0237835025796666,1.8046213856677389,0.1577026125480451,0.2328004219522702,0.2328004219522702
-45.49626031890512,0.0296878633182495,21887888421.46959,1.1244752801954748e-05,8435992271.585991,1.1627376711927353e-05,195789185855.5377,1.3893479105085134e-05,2.925665324037675e-05,2.0435259605714524,0.1894891321659088,0.0129343195175752,0.5087167303201274,0.2814901402831241,0.284407414484542,0.284407414484542
-25.097306556999683,0.0393758839694783,8411417530.071229,8.466977886855602e-06,14870651455.801414,8.913507371209561e-06,209405876994.133,1.2853113312274218e-05,3.909155426716793e-05,0.7202101422980174,0.1669151967391371,0.0152509630788117,1.0443439328072752,0.2406802052092445,0.2101937493538755,0.2406802052092445
-78.61182384192944,0.0201964664831757,9599981476.058578,1.3223502039909364e-05,46317250884.58013,6.844070010818541e-06,194679168313.7417,1.1228608042001724e-05,1.2303762045891694e-06,0.4812869045693076,0.1095188831910491,0.0214662640951573,0.8696643941921265,0.1015277491288019,0.2338846942954532,0.2338846942954532
-69.48303196579218,0.0456256139511242,15062139973.996248,1.4502256028354168e-05,40639653028.20087,5.540210272185504e-06,205155866742.1341,1.233636386319995e-05,9.403652813402884e-05,3.068007857488766,0.1544434855692088,0.0194122959515079,1.233738887577909,0.1876096923361765,0.3566905187647811,0.3566905187647811
-34.19116534292698,0.0250400324631482,4571003389.316628,7.805411040782929e-06,9558029464.025211,1.246957242209464e-05,190195047706.3656,1.1714727275073528e-05,2.9885672355674103e-06,0.1128516273522656,0.1220517496578395,0.0174642146462574,0.7423680722461367,0.1735928792624838,0.139312185862699,0.1735928792624838
-36.40224551782012,0.0544140933221206,11412015828.986876,1.252753694355488e-05,5373164298.013101,9.760993604548276e-06,203750016037.3748,1.0531844392418862e-05,3.977379655921231e-06,0.2812030754834711,0.1461575013585389,0.01494384476915,1.4436730115478462,0.1656719508986301,0.290457613051182,0.290457613051182
-59.923871997743845,0.0359378709085285,5884980286.641258,9.787843443453312e-06,20719775551.392887,8.252904805354774e-06,199023916814.47623,1.3409261260181666e-05,1.2620972082631108e-05,1.2310973363905084,0.1770416689105332,0.0219320705179125,0.6413779221594823,0.2785535261692087,0.2497543802835928,0.2785535261692087
-61.83584060519934,0.0408219855185598,13345730482.865288,7.156810954213143e-06,7787397548.33154,6.767664537765085e-06,206599867232.1439,1.2194513574242592e-05,6.416119905044145e-05,0.6533556190477707,0.183264563139528,0.0248032862795516,0.7885806100111615,0.2778331364216755,0.1967987042395594,0.2778331364216755
-41.990763396024704,0.0160120695875957,5279099952.606924,1.4400763608515264e-05,30038588035.22272,9.260180941782891e-06,191873758472.50223,1.1817017111927273e-05,2.020846407689014e-06,1.1047667451126204,0.1399345583282411,0.0123199799628928,1.3696406662786766,0.0769455144674958,0.2783988263988529,0.2783988263988529
-28.588498365134,0.053829016238451,17905930750.49446,9.186457864940167e-06,58321915357.5242,1.0984109028242528e-05,202931139599.5319,1.0937357019633055e-05,4.826017497961961e-06,2.773950416583446,0.1157738746143877,0.0162751122936606,0.652439515146573,0.1570109327911629,0.1607952794812312,0.1607952794812312
-67.58618520572782,0.0283159704459831,4169499941.848718,1.2379013121128083e-05,13729154994.563826,5.039071419276297e-06,197970387320.9655,1.3058915011584758e-05,1.5176710165056624e-05,0.2601774593212718,0.1607213110662997,0.0208491459395736,1.6733213909926137,0.2060363216897143,0.3076144518106099,0.3076144518106099
-73.02354780957103,0.058675393173471,7164769750.867322,1.18462480828166e-05,12039049119.76754,7.608572821132838e-06,202197057139.12845,1.0388808388262988e-05,5.637043072823612e-06,1.6711382832991395,0.1032410573214292,0.0187975596683099,0.5943889292405844,0.1401632113431428,0.1934067101013259,0.1934067101013259
-23.186011631041765,0.0345686830440536,10660322708.451157,1.0586410760879517e-05,37509150185.20357,1.0662401241250336e-05,197470338921.994,1.351335707306862e-05,1.7920073017155417e-05,0.4313768906030005,0.1731930714100599,0.018484395074658,1.852548689324012,0.2343306108045731,0.2869491066574193,0.2869491066574193
-47.39332299679518,0.0470744178257882,3275798517.902449,1.3872021093964578e-05,19121176898.100098,1.2392171313054857e-05,208584560044.10983,1.2741057820618152e-05,4.219651843972029e-05,0.1531975555360634,0.1957120755687356,0.0143271233420819,0.9728269237778776,0.2832061683046742,0.3804343266305848,0.3804343266305848
-56.39857679605484,0.0208583378931507,23902661039.60896,8.568366326391698e-06,6766745305.261289,5.883484947495162e-06,193623196519.9113,1.1364598985761403e-05,1.3401039751631286e-06,4.706188188761181,0.1273774931207299,0.0229558230042457,1.1196040397258396,0.1388358622830177,0.1774326835372905,0.1774326835372905
-57.15762384235859,0.0585192387364804,9100947845.829489,9.978217259049416e-06,41797018139.95,4.862560918554663e-06,209866686761.37924,1.175368231534958e-05,2.968848309315944e-05,0.1036851056776089,0.1125042509287595,0.0127340398896485,0.9230878588866958,0.1754291441065713,0.1686862031443483,0.1754291441065713
-46.51932004839182,0.032000954314135,7968994024.562388,1.27063103094697e-05,10855262087.27087,1.0879368975758552e-05,194827489405.8704,1.2125289905816316e-05,9.338967898510254e-06,3.347524187713132,0.1574478726834058,0.0243956237696111,1.1831341076882091,0.1700049979711827,0.321597581576685,0.321597581576685
-21.949166599661112,0.0476200263295322,20238252745.57199,7.991989307105541e-06,5534770414.574222,9.08361669629812e-06,201227296832.9489,1.3120305445045231e-05,1.2485146935366797e-06,1.1888359266601558,0.1864427307620644,0.0204542777547612,0.5579463573183572,0.3011155854185627,0.1995952509012399,0.3011155854185627
-68.47004482522607,0.0425979325175285,6260910664.438105,1.3042648784816267e-05,27039264646.11207,5.708055343478917e-06,204232797864.8245,1.357302886620164e-05,2.892502585863894e-06,1.902641207550456,0.198984561022371,0.0180699879862368,0.6880587997185514,0.3005421171013564,0.357896265822341,0.357896265822341
-27.824172284454107,0.0167828431678935,12148844197.597397,8.266963303089142e-06,8694247927.726177,1.2286351436749098e-05,199194211158.90143,1.0446558579802514e-05,9.18361407047451e-05,0.1818835937519252,0.130647689756006,0.0192056684736162,1.5824108201691247,0.1309668676049535,0.1683571899217103,0.1683571899217103
-40.64444087445736,0.0520907033141702,4904075573.221261,1.105255837738514e-05,16877242269.32225,1.0486956583335996e-05,205610575377.9412,1.129905702918768e-05,1.221592673252943e-05,0.4566935363230873,0.1000722349621355,0.0233511375328525,0.840653949397509,0.1445410752030632,0.1894043354416961,0.1894043354416961
-63.06011188775301,0.0269787545548751,16165906276.500631,1.0264782287180423e-05,47661155610.86285,7.502767998725175e-06,190337262898.6836,1.2673533242195844e-05,3.884516536088382e-06,0.7576588474942866,0.1700143308378756,0.013925510966219,1.3093868887608422,0.2056830344269319,0.2645455680104789,0.2645455680104789
-61.148808021098375,0.043452064669691,4398111225.534569,8.63421805202961e-06,11702549409.256926,7.019498592242598e-06,202786492537.7071,1.395853140205145e-05,1.8038650898578668e-06,0.3963821472426138,0.1637433241121471,0.0133392561897635,1.4778144065426595,0.2701133401320811,0.2213517320399419,0.2701133401320811
-35.05617378279567,0.024662651438266,18899967197.2014,1.392530343681574e-05,33037737278.19477,9.019328236579894e-06,197513227742.1653,1.008401469513774e-05,5.675928456968218e-05,1.8236218241703903,0.1063431958667934,0.0233849633242934,0.6147986132741474,0.0870138626037437,0.2158510950020126,0.2158510950020126
-33.42753350734711,0.0571637837821617,5709383145.259188,1.0647513262927533e-05,18570483474.40926,1.180282450467348e-05,206432023830.71185,1.1169423405081032e-05,1.3546925985819998e-05,4.544057138505295,0.1368759256787598,0.0210551285399124,1.2766118945316651,0.1719549537760738,0.2489494058596316,0.2489494058596316
-70.36711286753416,0.0362650007475167,14439133166.430698,1.1919919908046722e-05,5965758507.718433,4.240135205909609e-06,191393408514.55927,1.2795852288603782e-05,4.269192168090559e-06,0.1590571686687913,0.1927562785334885,0.0156684957118704,0.7193837573980122,0.2872170729336135,0.3064301664725303,0.3064301664725303
-79.96088579297066,0.0507380365161225,22467369350.62067,1.2323660425841809e-05,6869304617.173264,8.429416429251432e-06,208422822542.4886,1.1652847673743964e-05,2.0439583914299666e-05,1.0284713443389442,0.1493326157331466,0.0170597242694348,1.0209051339052315,0.196945326011237,0.2923183086286973,0.2923183086286973
-23.86114057153464,0.0312455891445279,3077110163.875688,9.110959649086e-06,29153839089.767624,9.865732500329613e-06,193148947693.4076,1.228031412512064e-05,6.487685904529333e-06,0.7005888359835287,0.1802144944667816,0.0198104880452156,0.9066556219072897,0.233184597404559,0.2413119162089413,0.2413119162089413
-44.62246434763074,0.0384327616961672,9936265646.974174,1.4333070293068888e-05,51397212723.28524,1.2646133365109562e-05,202046304177.4929,1.3473083674907684e-05,1.5285993106782022e-06,0.246910209988965,0.151176912151277,0.0223428589599207,1.7451920324252457,0.2083868027332673,0.3538147686825814,0.3538147686825814
-51.55496580526233,0.0182371844630688,6675554324.630513,7.1092630997300144e-06,13336438915.742949,5.644899848848581e-06,197007078211.7545,1.0601557720452548e-05,4.856663011506043e-05,2.918557104661364,0.1187752580270171,0.0145267584798857,0.5246190744176131,0.1334284379896884,0.1217013032786676,0.1334284379896884
-52.80604811385274,0.0400907066278159,16826682264.064104,1.1428527638316156e-05,21674538570.73234,9.987048394978044e-06,194358265604.82385,1.3365788355469705e-05,6.631667541674789e-05,0.1981375863836086,0.1244557687081396,0.0182709674341604,1.4060319945153177,0.1961672484887148,0.2324346776808377,0.2324346776808377
-43.51514844223857,0.0194995408644899,3917544984.190262,1.013695228844881e-05,5099266255.587615,7.98730350844562e-06,209084688778.96667,1.073937812820077e-05,2.1058282428291605e-06,2.237230422806608,0.1552865364588797,0.0185539806606248,0.7746507213379697,0.1391764052617984,0.2321698870914353,0.2321698870914353
-26.829809844493862,0.0488803608063608,13287763486.86361,1.341474225372076e-05,10025793160.594164,5.208138471469283e-06,195485718064.01013,1.1514057826250792e-05,4.958607478829897e-06,0.8909036894973806,0.1764931186102331,0.0227376348152756,1.6450238910272648,0.1915539382926947,0.3684263669077052,0.3684263669077052
-76.85045283287764,0.0303985648462548,5257015222.473097,8.142825990915298e-06,38650013471.106186,1.2770878195762633e-05,200446175001.56165,1.2388594143092632e-05,1.576557982520158e-05,0.4975021548360159,0.144044919218868,0.0140883052702993,0.6693747093142559,0.2123991018850034,0.1780868758752336,0.2123991018850034
-71.50097951292992,0.0551110149174928,3343733195.718632,7.6140828952193264e-06,44075980148.52999,8.581443013623356e-06,199974378161.13232,1.1062119979411363e-05,7.280939008038362e-06,3.805973331612275,0.1890611262992024,0.0121271823989227,1.8856295794997355,0.2347034919418618,0.2424415330639611,0.2424415330639611
-32.20300104469061,0.0352230549557134,24400706255.907288,1.4826297491788866e-05,15588810308.805454,7.14538550749421e-06,204701411388.81445,1.2933665543794633e-05,2.2906567003232296e-05,0.1160963185721757,0.1316114010289311,0.024640640082769,0.5789810259154242,0.2029674314965552,0.2706865897285541,0.2706865897285541
-38.1418870575726,0.0449149164464324,7498080670.895873,9.60418663918972e-06,8010749721.792134,4.360378753393888e-06,191118995156.1392,1.3819734402000904e-05,5.47035527208584e-05,0.3269454913842548,0.1119976703077554,0.0206611089240759,1.0914179502953547,0.1952310793241583,0.1749438107861338,0.1952310793241583
-58.15541995689273,0.0257300863461568,11155132924.33599,1.2828480429947378e-05,24943760392.29129,1.1361767837777732e-05,206080062743.2764,1.0192286606878043e-05,1.722235834982214e-06,1.3516389479621336,0.1678299639374018,0.0161077051609754,0.9896071182571724,0.1228050268746611,0.3101319549365383,0.3101319549365383
-63.80204655230045,0.0531361729418858,8377033593.483088,1.4209038957953451e-05,6451033779.738158,1.2126578532159328e-05,198293692693.1143,1.1407093830406668e-05,8.295367176196614e-06,0.597651809839642,0.174107833020389,0.0176538631776347,0.5215485270829769,0.2346959745079133,0.3316342458611449,0.3316342458611449
-39.99477420002222,0.0290348646976053,9562314592.955906,7.481432028114796e-06,20105498173.023663,6.109514055773616e-06,203254807963.9673,1.253449833020568e-05,2.633381119320173e-05,0.947028757214075,0.1057198507711291,0.0195781407719478,1.775371676692446,0.1468331819006506,0.1372117026899778,0.1468331819006506
-30.36426031962037,0.0415340120578184,3674747286.895473,1.2195753298699858e-05,35856861036.499054,7.909870078787207e-06,192174823600.7989,1.37110943980515e-05,3.50467535182569e-05,2.6874223569318354,0.1253885127604007,0.0221233061570674,0.853765311162451,0.19418607457776,0.2391648795335802,0.2391648795335802
-65.83923375234008,0.0153233447391539,20570609925.963795,9.48682126402855e-06,12685701590.658316,1.0330355122685432e-05,206901828218.25143,1.0339506417512897e-05,1.1133501550355946e-06,0.2106334377202448,0.1952840633690357,0.0151081028692424,1.072766316314852,0.1726598045398368,0.27134512833176,0.27134512833176
-74.99732116237283,0.0463555195508524,11945979417.288568,1.0769606016576292e-05,14457957790.275652,1.1285398708656427e-05,192680021841.079,1.322833414003253e-05,7.902878482349066e-05,1.6236319328208997,0.1378219817765057,0.0131509457817301,0.7546975238741288,0.219473833976956,0.226205828257696,0.226205828257696
-21.182512249797583,0.0215511878952383,6159744423.752357,1.1545781403779984e-05,55787205250.950905,4.707015711814165e-06,207640526462.3463,1.0853877536952496e-05,2.487023533653988e-06,0.3475633979812413,0.1827160065062344,0.024023932554759,1.203437329444668,0.1571104788136269,0.3022364634736065,0.3022364634736065
-49.17668096721172,0.0593641220452263,15378452671.130611,8.760186597704887e-06,31566064603.3278,6.502081479877232e-06,196539104804.39664,1.1891740694642068e-05,3.3230605009373752e-06,0.1394665171144327,0.1615643563680351,0.0216813032515347,0.62430651044681,0.2571864468021045,0.1929436112085759,0.2571864468021045
-54.64408654719591,0.0338566497992724,4667463925.764524,1.3547472245991231e-05,7428642914.169917,9.48621749319136e-06,201265499368.31,1.2018229637295008e-05,1.0470838352476165e-05,4.0457573098536175,0.1181778999976813,0.0154929797742515,1.470501090526512,0.1186934489681463,0.2675057288311386,0.2675057288311386
-54.383628629148006,0.0380893733957782,11350313844.999378,8.232110612094403e-06,26021202942.998417,5.551238534972072e-06,191898057181.3881,1.2722166284918783e-05,5.60699688592692e-05,1.2257106989358766,0.1053264062851667,0.0168864040076732,1.9058686698901213,0.1517116869558424,0.1550878833361295,0.1550878833361295
-49.31903585791588,0.0186023281607776,5850327943.766725,1.3460314452648163e-05,9034454881.539385,1.2691450141370296e-05,207171042729.1692,1.1344670239835978e-05,1.7655047779757035e-06,0.2832154397504823,0.1744895350188017,0.0198370187561959,0.5730387235019215,0.1622120365574588,0.3311138377118994,0.3311138377118994
-21.03922976180911,0.0510979445418342,15105765688.022388,1.0238112047314644e-05,16236858233.628004,9.767680779099463e-06,198258435949.6832,1.0401899736374617e-05,7.497373867404042e-06,0.1005680518075478,0.194109178520739,0.0221671573100611,1.103122931859977,0.2418118033369476,0.2799557406153748,0.2799557406153748
-75.25687562301755,0.0309077798388898,4581736185.649219,1.144641659408808e-05,49541139752.44446,8.470342865213751e-06,203297311440.1102,1.3523457191884515e-05,2.358415284788653e-05,3.4513819991893886,0.1265512743964791,0.0145572574930265,0.979458740114666,0.1770922969642271,0.2298687698775216,0.2298687698775216
-65.68862346932292,0.0560952545749023,8483676648.864032,1.279658390581608e-05,43471220850.76371,4.140977878123521e-06,196264244541.52585,1.0916453707963228e-05,4.924953598233238e-06,0.4429524321791469,0.1815536147914827,0.0133086576070636,1.390173496998525,0.2113370471412556,0.3506134813771155,0.3506134813771155
-30.63114257529378,0.0373114258702844,9687807526.921211,9.520757593214511e-06,10437235012.632116,1.1844840453937648e-05,201537840738.8925,1.3041001856327056e-05,1.5660763700733223e-05,0.7811393756004994,0.138997236546129,0.0235607645437121,0.7832060039531344,0.2130577612960311,0.2060131534679753,0.2130577612960311
-39.726995639503,0.0444930824590846,3846386474.556612,1.4798639111220838e-05,5754726014.580334,8.92457848228514e-06,192641638237.983,1.2205592192709449e-05,6.55790282233677e-05,1.9615910877291431,0.1177965671755373,0.0210284990342333,1.6264514153103204,0.1329310540279608,0.3051094906948522,0.3051094906948522
-63.95172208547592,0.0235998728871345,21545354216.97544,7.510973811149597e-06,22599196576.716133,7.065922047942876e-06,207681123781.94928,1.1829133775085212e-05,2.0821144936552413e-06,0.1764123466481149,0.161958170030266,0.0158419147683307,0.6767748675872369,0.2254127162306513,0.1708691324438979,0.2254127162306513
-58.36371203884482,0.0524561501014977,3297219073.767677,9.388122014701367e-06,7140131740.080929,7.426145149394869e-06,195442622117.6981,1.0551954306662084e-05,3.360435406111706e-06,4.685296542385788,0.1556864540092647,0.0178942858520895,0.7638317552560774,0.1960022126483669,0.2171064547916609,0.2171064547916609
-37.81549194827676,0.0266354976827278,24070614643.973915,1.2179310083389283e-05,28048184620.022007,1.055040831118822e-05,200482174418.86664,1.3428456094115972e-05,1.0590104837305844e-05,0.154266953622867,0.1240683327428996,0.0192361679710447,1.189473717378723,0.180294974232972,0.2309281284762457,0.2309281284762457
-32.52846855670214,0.0422600829787552,7151914271.005074,7.393623724579811e-06,53407347594.7561,1.2205321013927458e-05,194088384713.9776,1.232595669105649e-05,7.95688993013488e-05,0.3844474564849967,0.1452262771315872,0.0231778177553787,0.6318563843837952,0.228696367537679,0.1610706037121806,0.228696367537679
-77.16859254986048,0.0486664970498532,17699444523.124584,1.3577583506703376e-05,11255093751.15858,6.580857221037149e-06,191078875865.7873,1.287133352085948e-05,3.4035057196338074e-05,0.2394679891498443,0.1327802658081054,0.0127074100933969,0.5163649085610442,0.2141346363127441,0.2443640922918287,0.2443640922918287
-26.627942100167274,0.0221427890332415,4119139664.349859,8.864749051630498e-06,34351310668.396618,9.143769742920994e-06,206117818113.41644,1.1249696396291257e-05,1.0813618256253115e-06,3.0091706746377103,0.1878801375627518,0.024569043116644,1.792549254816789,0.171192632983587,0.2637416121801407,0.2637416121801407
-43.71611988171935,0.0574561624601483,13523261351.080372,1.1579161874949933e-05,17855021743.052963,1.0801638374105094e-05,199702741317.451,1.0004679903388025e-05,8.093201871138904e-06,1.0604105651905853,0.1682177698239684,0.020423679462634,0.8452692767833021,0.1905553007937106,0.2906617556626739,0.2906617556626739
-52.48697364702821,0.0330418460397049,5346723980.622173,1.0855457365512849e-05,6204841577.185535,4.92710430547595e-06,204975717328.48883,1.3882097188383342e-05,2.5688449969079096e-05,0.679467018791004,0.1115981226786971,0.0168521784851327,1.0831595419282134,0.1723022843997341,0.1937238489623272,0.1937238489623272
-51.82274391874671,0.0590262269088998,22898117126.597664,1.4674622975289824e-05,45814317730.367714,9.584817826747894e-06,206389635987.57983,1.0146652132272722e-05,1.2080100674582331e-05,0.8640689342493174,0.1075121560133993,0.0130760142887011,0.6800829066274235,0.1267535978732403,0.2399823537437564,0.2399823537437564
-44.47278926149011,0.0342163003329187,3138134938.9992323,7.88294443488121e-06,14997238758.79074,6.460605090484023e-06,191428242065.01245,1.3771138329058885e-05,3.840789732637205e-06,0.5129680319073411,0.162562430743128,0.0241551994970068,1.6015452059798323,0.2566352431149065,0.2069947809888716,0.2566352431149065
-24.011751301586628,0.0467209207406267,10469229899.789822,1.2668631061911584e-05,8324169429.155144,4.801225973293185e-06,202516857217.9973,1.2983276125043633e-05,2.872883873245093e-06,0.2042955686981446,0.1931441797874868,0.0216103378329426,0.830898550202522,0.2881437892322411,0.3287921324278398,0.3287921324278398
-79.69400309026241,0.0212078854255378,7036350984.868006,9.896848030388357e-06,24004476240.833344,1.123953218013048e-05,197790112178.77267,1.1106755681335929e-05,9.122597418890768e-05,2.169859337042863,0.1364764734171331,0.0156218675561249,1.3252362068558046,0.1258865711367511,0.2217668267957157,0.2217668267957157
-70.51039580255747,0.0404709760146215,4189092442.733381,1.036015908420086e-05,20846111727.48845,1.04256548974663e-05,202005824875.0865,1.2467920813709498e-05,1.2856339402614432e-06,0.3370953437708257,0.1806143166497349,0.0175248758262023,0.93202976884887,0.260758035791052,0.281032957094006,0.281032957094006
-33.16797859966755,0.0163642766978591,17990108605.46802,1.1072506912052632e-05,5301891134.80469,7.86289794370532e-06,197045041006.05844,1.1590484872460366e-05,4.047572685848359e-05,1.3109023083907894,0.148945084400475,0.0196492057600989,1.171362038195126,0.1225028530478639,0.248957219799692,0.248957219799692
-35.31663125380874,0.054182683895342,5620494347.471858,8.358094356954098e-06,9639665453.419016,6.2092210687696925e-06,208150057978.9281,1.066388975828886e-05,3.043019159966323e-05,3.6912387845845376,0.1199565205723047,0.0219919404201209,0.5633454326628934,0.1669002147567692,0.1480448280558016,0.1669002147567692
-61.006453577429056,0.0279665929824113,14208814741.70204,1.3082284957170488e-05,40197982738.52371,1.2084013702347872e-05,193423923589.2892,1.3285507272928951e-05,9.573639325406986e-06,0.1197013657970917,0.1500083211809396,0.0151831331569701,1.9172519887004351,0.2092560641240434,0.2982766086292899,0.2982766086292899
-62.85914000123739,0.0452748700696974,6571174408.38015,1.1955146335065366e-05,13913783361.176302,1.1442248240113256e-05,200949822310.35828,1.2062896601855756e-05,1.4913394805023258e-06,2.6066628378879555,0.1562853856012225,0.012056216689758,1.010437006600731,0.1991777439609809,0.2874155642592647,0.2874155642592647
-40.96351578831673,0.025392322638072,12742640210.343391,1.0727429062128069e-05,57968740214.12967,4.301883211359381e-06,196223754677.9216,1.1941319536417725e-05,4.737620360321658e-05,0.2171657650865417,0.1136794103309512,0.024769528155215,0.9163777829727964,0.1495360009090247,0.1895012510135421,0.1895012510135421
-27.5060330145061,0.054767672214657,4978730815.790334,1.3949631258845331e-05,30368774374.578533,7.2214586716145266e-06,209831184446.81168,1.0805251631885768e-05,1.9849466455467675e-05,0.6161912350986475,0.1427229054272175,0.0205861777216196,1.7272782507986078,0.1509156016069986,0.3221120903607191,0.3221120903607191
-68.67191212251782,0.0355882442509755,16405630443.432522,8.740840561687946e-06,7721483562.550088,8.518540166318415e-06,194870391041.0404,1.318272902071476e-05,6.301256807318544e-06,0.9185627826727554,0.1868364490568638,0.0162389718126505,0.5302507086338685,0.2974873502038841,0.2237816083316667,0.2974873502038841
-74.04690621420741,0.0499213383626192,8915306492.58217,7.015671595931053e-06,6709534904.743944,1.2848060185089706e-05,205336075127.1248,1.0259196039289236e-05,1.3639451571309913e-05,0.1437891068255307,0.1302543406374752,0.0181396012129262,1.4941499718459106,0.175767161196681,0.1607679670698707,0.175767161196681
-22.15836169198156,0.0293357460619881,7811494801.193776,1.4291988320648673e-05,19330811397.48708,5.144145037978887e-06,190609396845.1023,1.3635635800659656e-05,4.2977421260495685e-06,3.924016418154884,0.1993663583882153,0.0186290114326402,0.6078582069248857,0.2509002014689611,0.3730506944025371,0.3730506944025371
-46.31102751940489,0.0390221371874213,19181875904.74456,9.014106594026088e-06,37282357044.67426,8.068875569850206e-06,204195541981.60767,1.2610957056283953e-05,1.8241454369720693e-06,1.5747870286727252,0.1688395413570106,0.0226086479481309,1.290712622035552,0.233299308356296,0.2436521782525875,0.2436521782525875
-57.48401939868927,0.0205459257541224,3426105336.0179577,1.2301281899213792e-05,12200600337.20139,9.927445100620388e-06,199234138522.29715,1.1486389297991992e-05,5.740554090691244e-05,0.3583330235068637,0.1012350919656455,0.0141593697741627,0.7112689873074804,0.1054299358652826,0.1881371039968388,0.1881371039968388
-56.130773201584816,0.0503845391795039,7547126161.100806,1.3151562295854093e-05,23185830889.962067,8.693592718802392e-06,202976448070.2579,1.187944094091654e-05,4.004052700169537e-06,1.4242427731581644,0.1395473127253353,0.0243555658850818,1.221462296148862,0.1796985432333283,0.3086144034325674,0.3086144034325674
-47.54302356392145,0.031595136928372,11233583380.7168,8.40796634554863e-06,5568385285.510477,7.32765667233616e-06,197937210779.6371,1.2006845857948066e-05,1.2707382787315566e-05,0.3107606340227138,0.1836646710522473,0.0124637814946472,0.7495597294973682,0.2486000558922048,0.2126091203462638,0.2486000558922048
-23.035412076860663,0.038783595515415,3337740421.84195,1.1130183801054956e-05,10737441552.177296,4.476882019080221e-06,206867535598.57608,1.324655245617032e-05,9.510544722381956e-05,0.124713586339058,0.1595526251010597,0.0166339407050982,1.4293236044406197,0.2427219718122592,0.2515023193211583,0.2515023193211583
-73.29041933640838,0.0178848016681149,24370398093.808582,1.0437241263687612e-05,42153018304.91989,1.1548499985598027e-05,191593653000.8912,1.0874963939189912e-05,3.02211690097111e-06,3.549344189982398,0.1169550421647727,0.0201848117997869,0.6475840180461009,0.113312023181861,0.1952021634331923,0.1952021634331923
-67.44290629401803,0.0438057320751249,13134559294.032978,9.83709315955639e-06,48068462541.91778,1.0103577476926146e-05,208631622083.4852,1.3700689118355511e-05,3.8134001624360326e-05,0.5477382378930584,0.1720122737810016,0.0190433208160102,1.8264460441706187,0.2653227844230784,0.2834442031826931,0.2834442031826931
-28.84804924950004,0.0243132742261514,5193551184.80257,1.2597519762814045e-05,16693899819.299288,8.173992673866451e-06,193592994250.35715,1.0326231978833675e-05,1.2004079601993412e-06,0.8071679382497047,0.1044101132079959,0.0177315900642424,0.5028186682273542,0.0987263403114318,0.1891159932037588,0.1891159932037588
-41.730287596583366,0.0568127743620425,17050552851.977728,7.819653294980525e-06,8747301610.673044,5.32026236038655e-06,202461751233.78635,1.1427205666899682e-05,9.019280589198212e-06,2.2902601329594536,0.1269777543842792,0.0137639545863494,1.0569831484784091,0.1775058519014144,0.1580239958792513,0.1775058519014144
-61.978213377296925,0.0366172077739611,3967751897.953299,1.4622688204050066e-05,26680724127.93417,1.2953192343004044e-05,197188479881.73364,1.2553695026785134e-05,2.841144590323406e-05,0.1930191010926701,0.1960996903479099,0.0230103610316291,0.859574188920774,0.2630678526590734,0.4176745671309657,0.4176745671309657
-60.12481840327382,0.042951511661522,15295397975.203604,1.2496042631566524e-05,6031363032.540801,1.1063398814760146e-05,209685313701.62964,1.3830811128020288e-05,4.3445709356795886e-05,4.263827780031938,0.1898706438019871,0.023750363484025,0.5876778576703676,0.3055134078654546,0.3348569858744461,0.3348569858744461
-36.0831960849464,0.0164332162588834,4639990046.448572,9.18847778439522e-06,18413387049.97582,4.696109891869127e-06,194412013739.34747,1.0204401317983866e-05,1.379969047506526e-06,0.1325708028861721,0.1332067521288991,0.013474452836439,1.873030541861865,0.1235107717956084,0.1726998557743397,0.1726998557743397
-34.50931578874588,0.0517399593489244,11980652262.564545,1.4474179670214654e-05,33482183688.665024,6.284490936435759e-06,200783202592.28348,1.1041214745491744e-05,5.7785841906172055e-06,0.3732956613911459,0.1106818351894617,0.0160331008164212,0.9618550205407296,0.1353005608317724,0.2523198193060372,0.2523198193060372
-69.28115349262953,0.027331044813618,6174220120.866167,7.218252427875996e-06,11631738604.69201,9.479682534001768e-06,195744622442.8713,1.2915750525891782e-05,1.8367468224747e-05,1.5140588745229473,0.1657405022531747,0.0211927075432613,1.1319681160491843,0.2414633484001731,0.1957526183038572,0.2414633484001731
-78.93729493021965,0.0581654922058805,3706338066.581116,8.55657695233822e-06,13255865320.963472,1.1908962306566536e-05,204032581988.72208,1.1527151096612217e-05,4.771771382780392e-06,0.2318598050989686,0.1232268133200705,0.0200535954292863,0.7970372992228175,0.1951365485538971,0.1728588014776081,0.1951365485538971
-24.88810744136572,0.0323504133336246,20758843537.26781,1.3753042288124564e-05,52087154485.7766,6.103021944873035e-06,198758670780.8077,1.239869612455368e-05,1.5008243586742303e-05,2.4346987299694924,0.1532809027470648,0.0171267843917012,1.3555960126631692,0.152912677032177,0.3175770641264944,0.3175770641264944
-45.70453451946378,0.0479709432134404,8241978060.680709,1.0538644991815093e-05,28907491398.47763,7.687895867042243e-06,205186544656.7536,1.3346898712217808e-05,6.373385680383469e-05,0.9696547264721068,0.1774356736801564,0.0147722470583394,0.6594427199753479,0.2812170818494769,0.2546156887620219,0.2812170818494769
-50.4688329808414,0.0228589838091284,9412688354.131966,1.1778687566518784e-05,6944648836.354019,1.0319406454451382e-05,190147355049.84857,1.071945133432746e-05,2.0071024202608143e-06,0.5822445240595081,0.1457763596437871,0.0224091244144365,1.656146157270136,0.1148807865871378,0.2785722616118362,0.2785722616118362
-53.59852017834783,0.0460061461105942,4877577847.381362,7.69170045107603e-06,39073727962.99757,5.943080061115324e-06,198719248101.11523,1.3486176960170268e-05,1.547911625234869e-06,0.7425467283652013,0.1482973456382751,0.0188186353622004,0.8931889822391421,0.2519847399967072,0.1742267453951901,0.2519847399967072
-42.72582350298762,0.0219048488466069,16070773442.750278,1.499877864122391e-05,9941022975.82216,1.2310591070912776e-05,203445630148.0532,1.0611659716814755e-05,4.8719338786533975e-05,0.4668232417864298,0.1784056097269058,0.0183054214315488,1.0278241903476495,0.1138034438433632,0.3415951846575346,0.3415951846575346
-25.977942943573,0.0597163251321762,6279067071.876899,9.713077023625374e-06,5167695943.863798,1.0726403928361831e-05,192374735493.2129,1.1633958015590906e-05,2.0678566730186967e-05,0.1645039983244199,0.1527068411931395,0.0143505804240703,0.539783085265543,0.2261076364178427,0.1923973834714183,0.2261076364178427
-77.69802819937468,0.0335056470008566,12177412603.226042,1.2969490386545658e-05,21543500065.6541,7.531400085426866e-06,207335233557.96933,1.2260387316346169e-05,6.514830589303868e-06,2.106919486841936,0.1210910087451338,0.022772881058976,1.6825817790969582,0.1333919591473785,0.2782295519057394,0.2782295519057394
-72.29373946785927,0.0534857137687504,20412184343.19652,1.1256167545914653e-05,24792725696.78115,5.101965281181037e-06,193124422449.6186,1.1180500146001576e-05,1.7543700518356997e-05,0.2727412043473802,0.1651373545639217,0.0249861294301226,0.5975477469281149,0.236765874982299,0.2608057088383343,0.2608057088383343
-31.413502655923367,0.0286813716357573,3646453582.671697,1.0059211768209937e-05,8118482179.300273,1.090802687872201e-05,207851415742.1887,1.2807967014610768e-05,5.566942360769488e-06,1.269254532315072,0.1085260997526347,0.012296621675603,1.5327443041296585,0.132513418971886,0.1790778413520476,0.1790778413520476
-37.29041891172528,0.0411816360522061,8954198896.591904,1.3273609332740307e-05,15456854838.656313,9.318684396333993e-06,196718950793.1471,1.3937626153230669e-05,2.332411887820687e-06,3.16307561483236,0.1357570183463394,0.0164539863672107,0.7301932450296323,0.2080129855104751,0.2640286687572821,0.2640286687572821
-59.00293989107013,0.0156741744512692,7844310873.521075,8.034056663513184e-06,44560439295.84304,6.687192047946155e-06,201680058315.3963,1.0066099662333727e-05,7.412623278213446e-05,0.1094565521372312,0.1908607047982514,0.0208281698152422,1.2680750605500948,0.1965423696203465,0.2184361699340516,0.2184361699340516
-64.59165759384632,0.055460478211753,10001274293.923033,1.0910692743957042e-05,12517422505.574385,8.295478620566426e-06,193943735267.9669,1.1288651734590532e-05,1.094042561315494e-05,2.8601810115319526,0.1970828778110444,0.0194357535177841,1.5591053801813304,0.2353127181431147,0.3474069452173816,0.3474069452173816
-39.20213047415018,0.0348693014681339,6722484542.155096,1.1654779076576234e-05,36075472946.513504,9.661295576952396e-06,208904814179.98672,1.2660258788615463e-05,3.440513007581523e-06,0.2523409953079042,0.1295348918996751,0.0172812722167,0.6927515107799048,0.1876962962612278,0.2182194810907748,0.2182194810907748
-29.516856614500284,0.0445627951668575,22427135636.80832,8.932561412453652e-06,19887003754.72164,1.2516536644659932e-05,195274781100.452,1.3593140717595816e-05,2.5866239476512774e-06,0.6336814565303645,0.1022490412928164,0.0149649199787527,1.347063145686783,0.166268006613169,0.1605817264793059,0.166268006613169
-66.69081455096602,0.0260810100194066,3073280396.762451,1.362501398473978e-05,6506136614.519647,5.4449025848880406e-06,200001822076.73788,1.0465755291283132e-05,8.146928237637942e-05,1.1391008293746658,0.1714144588448107,0.021753097359091,0.8104602823850703,0.1387911635452409,0.3229065318547712,0.3229065318547712
-75.78653344884515,0.0397410732647404,5643563914.087847,1.4100164249539377e-05,7491884255.070659,6.889944720081984e-06,199541001431.64395,1.3108005676418544e-05,1.0657219564909024e-06,0.1485804833568095,0.1148139040917158,0.0239623769437894,1.1499850368783155,0.1844501296769256,0.2689176887256135,0.2689176887256135
-20.389923956245184,0.0198531237803399,14264784582.476383,7.340224243700504e-06,31223324260.946373,8.819305290468037e-06,204501470886.17087,1.098153580725193e-05,3.3845859778990244e-05,4.852285989432108,0.1589838992804289,0.0129133431026712,0.9575205020318194,0.1622402609333123,0.1715755484797374,0.1715755484797374
-48.32898937165737,0.0492326576868072,4456632494.906011,1.2118090502917768e-05,56125723961.12204,1.166884384769946e-05,190928125288.33743,1.1771900646388531e-05,2.5316470009785645e-05,1.7230296017843678,0.1846277365460992,0.0154338059388101,1.9655157564270704,0.2043577282820742,0.3673950996919743,0.3673950996919743
-55.49584079533816,0.0300478169415146,19142139669.592617,9.314569413661958e-06,14266302391.201572,4.035723964683712e-06,205654555018.99124,1.2146376322954891e-05,8.048071201658942e-06,0.4183729354085818,0.1420751729980111,0.0214429060984402,0.554144839726149,0.2043124268316979,0.1864617222782354,0.2043124268316979
-54.93145104497671,0.0569495322369039,4073208449.2790656,1.1694733254611492e-05,5433127510.5868,6.603136654943227e-06,208355523906.64816,1.2295524165034294e-05,3.107305842440781e-06,1.5376868154601515,0.1757831650786102,0.0161368718864396,1.3271605289207706,0.2382704751276774,0.319900039707105,0.319900039707105
-48.74603644013405,0.0363584415754303,17494831187.230976,1.0997661292552949e-05,23080054536.64676,9.10390749014914e-06,193238217942.41663,1.1669018987566232e-05,9.872542263385276e-05,0.3677296635106317,0.1441688644699752,0.0206890804274007,0.8159785274027981,0.1879585383557422,0.2388351745156587,0.2388351745156587
-20.89492602273822,0.0432378037367016,5420688021.122842,1.3711997583508494e-05,40782708322.04518,1.0823921697214244e-05,202113593276.5901,1.0584388595074415e-05,1.3139024067133288e-05,0.1305948501848017,0.1247201194055378,0.0246686177607625,1.5528119785684382,0.1449158159649601,0.2764781964851868,0.2764781964851868
-75.42727189138532,0.0247561043361201,13701771497.67114,8.972561575472354e-06,10572797535.453224,4.88724647834897e-06,196917817499.4886,1.3458890043199063e-05,4.170423238106941e-06,4.330343668407059,0.1548268516547978,0.0121563429012894,0.7050562435815809,0.2249208731921019,0.1992206207775396,0.2249208731921019
-66.24355731531978,0.0382405149936676,23744135946.26432,7.255332723259926e-06,17265864548.78619,7.448351761326194e-06,202702104505.15152,1.0101138044148683e-05,2.7601953707526444e-05,0.5563101804089742,0.1122635714709758,0.0140587592748925,1.994976870146609,0.1259708451223276,0.144744998831384,0.144744998831384
-30.0510317273438,0.0183524799300357,3253570021.2512045,1.4062039293348787e-05,48789020302.09542,1.0510611101984977e-05,197585409786.5522,1.3972770810127258e-05,8.698494235470143e-06,1.015358624426148,0.1673687778413295,0.0227100674258545,0.5504042246132378,0.1986986677611466,0.3317101751631867,0.3317101751631867
-39.58977114409208,0.0505458018835634,10764830771.237104,9.276398472487928e-06,27360370284.828533,1.2227540902793404e-05,206516402326.52423,1.278065750747919e-05,1.162257623894732e-06,2.549470495173772,0.1883497206494212,0.0185264194458723,1.15466030876544,0.273573231905151,0.27490505951793,0.27490505951793
-64.11503911018372,0.0313608752237632,7236128479.940752,1.2033183932304385e-05,8781687317.878517,5.727315096184611e-06,191321236006.9156,1.1153236832469702e-05,3.657092994185477e-05,0.2215310562595099,0.1317369459196925,0.0182414152156561,0.940802899056378,0.1548755257157352,0.239064119703574,0.239064119703574
-58.45308413729072,0.0475046008592471,9816719002.186483,1.4913732938468457e-05,18329426556.01581,4.259395997971296e-06,204302538502.9614,1.049298832565546e-05,1.900370249380448e-05,3.60493212364253,0.1254598338156938,0.0155225308304652,0.537598545221409,0.1451153402180083,0.2611566978914934,0.2611566978914934
-37.75129685178399,0.0234033891744911,8600128835.626524,7.653668642044067e-06,5884845441.227282,1.1744012931361792e-05,199107381720.0959,1.3620480980724096e-05,6.042957215628345e-06,0.1228473360448788,0.1946267832070589,0.0217088656285777,1.7124860865732268,0.3083778061130153,0.2255660332326227,0.3083778061130153
-31.903741843998432,0.0584038253361359,21294034479.87933,1.293147410452366e-05,11453354620.69301,9.042983861640096e-06,205540844276.54745,1.2625144887715578e-05,1.4229389737484362e-06,0.3061086175958437,0.1735909091308713,0.0240515011064708,0.8800015914182195,0.2619253560524661,0.3265401867966699,0.3265401867966699
-71.89041815698147,0.0321932331193238,3803895896.3911386,9.628076829016209e-06,32393821894.86102,6.965081248432397e-06,190424082800.746,1.1253583073616028e-05,4.517783910566203e-05,1.446556640399656,0.1060413913801312,0.0131804906148463,1.0348114626758418,0.1264329119990677,0.1667978167667314,0.1667978167667314
-77.2655338421464,0.0519973899750038,5918116684.538266,1.0099320605397224e-05,52868078686.37403,5.669584369286895e-06,209958398416.6384,1.2173693519085643e-05,1.9377603995583217e-06,0.1844093648237347,0.1610490321181714,0.0150789412045851,0.733154103832707,0.2515061312141757,0.2283768688006431,0.2515061312141757
-26.55617780983448,0.0271929617598652,11478047334.04859,1.1343042470514776e-05,13710003965.70742,1.2590687125921248e-05,194762632176.28003,1.1799141012132169e-05,6.101521637918169e-05,2.39836880596418,0.1184979884885251,0.0220953296413645,1.2459485685781435,0.1238863500572516,0.224852094996591,0.224852094996591
-43.09893017634749,0.0425046097906306,4521924460.478601,8.120886079967022e-06,6971931780.150853,9.886022187769412e-06,201135594714.4329,1.09464440792799e-05,1.4571146058448967e-05,0.8452644686178756,0.1378918015398085,0.0195501704309135,0.6065108105575111,0.1859761757207572,0.1648603342755507,0.1859761757207572
-53.07807082310319,0.0169970624428242,14898113675.529018,1.3313702642917634e-05,29643930921.530502,8.369575960561632e-06,196018221992.99933,1.3072899106889965e-05,4.5835848467240505e-06,0.5233089486268853,0.1820602768100798,0.01762469528988,1.5223817824972932,0.1615750123453098,0.3600654369612687,0.3600654369612687
-50.11037429794669,0.0416383653692901,7656470215.118168,9.148521862924098e-06,9800128790.388275,1.2747292609885332e-05,192768978569.65665,1.083963617682457e-05,6.7703011068542494e-06,1.088283681491907,0.1861707529053092,0.0138535149954259,0.9762919630404724,0.2174308790041389,0.258718126981687,0.258718126981687
-46.21033588424325,0.015120156048797,8744367194.800491,1.2409076064825058e-05,37756524265.83557,5.262485776096582e-06,207573543731.1232,1.3211208898574114e-05,2.133300031489781e-05,0.6635779161027078,0.1435716500505805,0.0232771528828889,1.1243511880387764,0.1447012619232818,0.2704111389036657,0.2704111389036657
-25.30595380812884,0.0532405141834169,3500689831.952778,7.131270870566368e-06,21420180995.83407,7.968112152069806e-06,196450138539.07587,1.203441434726119e-05,5.0916173218315896e-05,0.2642486489065837,0.1132096275687217,0.01913169004675,0.5900797520428842,0.1838063219076622,0.1186971088961683,0.1838063219076622
-78.37370805442333,0.02883168539498,19606234618.32093,1.4434177704155443e-05,5048497085.787306,1.004579053260386e-05,201332491636.27625,1.1906933553516866e-05,1.6023215154475e-06,2.7325581002968864,0.1573285058140754,0.017997985840775,1.8403658835181609,0.1232038974165393,0.3566197205260327,0.3566197205260327
-68.8055631890893,0.0594904801994562,12472191769.28835,1.3837935611605646e-05,8160616875.728243,1.134140811115503e-05,198365558832.88385,1.2518328879028558e-05,7.124777074167738e-05,0.4249344836589339,0.1007760164327919,0.0167487876657396,0.6496856040097607,0.1657756081961887,0.2225470408454324,0.2225470408454324
-34.897988215088844,0.0336753157479688,6427586622.638535,8.594699867069722e-06,25394582870.45053,4.420289261266589e-06,203170733451.8433,1.1391885712742806e-05,2.263364559430533e-06,1.6972595383263125,0.1698964205570519,0.0205278730131685,1.6673888988190952,0.1894918269487889,0.2266455500452001,0.2266455500452001
-36.61840295419097,0.0464818870928138,16734328903.292065,1.1816856525838375e-05,45172158708.075226,7.1206315513700245e-06,192102947924.28613,1.0353702001273634e-05,5.332837923552606e-06,4.779758701402617,0.1987140859477222,0.0244692252511158,0.7938040041424835,0.2132663013482402,0.3334815286953889,0.3334815286953889
-59.67858934774995,0.0213698417739942,5076461014.684955,1.0623553305864337e-05,16005269830.217691,8.636958688497542e-06,206985912267.11868,1.3728265415877103e-05,1.6929228624176075e-05,0.150909340922014,0.1311134572140872,0.0128064438244327,1.3796446476975093,0.1911202342435406,0.2056910015201703,0.2056910015201703
-61.57592382282019,0.0490615675365552,18391229113.17652,8.493010066449642e-06,34859259990.34003,1.0385869758203625e-05,199887862242.75827,1.2888204984366894e-05,8.490824212605518e-05,2.013025641275071,0.1373852209188044,0.0144543533828109,1.4351502194557042,0.2084233947678274,0.2003892350797986,0.2084233947678274
-42.22155496478081,0.0302722508646547,4279561130.480948,1.3189595848321916e-05,12340042235.58792,7.885117162019014e-06,204770836122.334,1.1013714443892242e-05,2.6731764126367465e-06,0.1722566778847477,0.1924423680640757,0.0222692586407065,0.6362972197891723,0.2161231853164812,0.3415374233022609,0.3415374233022609
-29.30995536968112,0.0402719227457419,13934016972.104551,1.0475259348750114e-05,6356080143.590744,6.169423457235097e-06,191205520611.25635,1.0239690992981195e-05,3.573735657826019e-06,0.4888189299539933,0.1636674276553094,0.0197368939490988,1.2398089342201597,0.1683052443393276,0.2587261411444731,0.2587261411444731
-66.89408229663968,0.0193732148129492,5509888483.921979,1.1215181954205036e-05,19773119924.91939,1.2106219911947846e-05,206010628473.01364,1.3866208031773566e-05,1.1243312719172002e-05,0.7094620898138086,0.1070050559006631,0.0169873129976913,0.7445081165692592,0.1502751436055057,0.1903777962701043,0.1903777962701043
-72.77076927945018,0.0451182353077456,3199345924.620136,1.255741296708584e-05,31981211994.174187,9.544960670173167e-06,194293724279.8507,1.069192796573043e-05,7.713292863396151e-06,0.1111656049322194,0.1510994667187333,0.0157404966950416,1.052684223124935,0.1916920817717013,0.2820030671807765,0.2820030671807765
-23.40932162478566,0.0256256913766264,23359726444.39455,9.75021643191576e-06,7530784772.091012,6.482889084145426e-06,209176086913.79428,1.3319360502064228e-05,2.452388981890858e-05,3.115980375408949,0.1194386208429932,0.0211291081290692,0.874832508085007,0.1662764830128198,0.1802753828932052,0.1802753828932052
-48.12206130474806,0.0553143217088654,6883432365.053048,1.4535857044160368e-05,14772511144.314016,4.761364122852683e-06,195550268925.7264,1.2434069961309434e-05,3.26213643525745e-05,1.2503448931185863,0.1498433675616979,0.0234589491365477,1.7994409948282224,0.1875191834798969,0.3684663776330372,0.3684663776330372
-55.699078142642975,0.0351186693739146,10245785639.786854,7.77956196665764e-06,56896075134.53391,1.1261812016367911e-05,200354767329.99088,1.1562448102980852e-05,1.0358647863645169e-06,0.2770023726616274,0.179898988828063,0.013411250998266,0.50622669133328,0.2521962775729494,0.1884718886061679,0.2521962775729494
-56.93427093327045,0.0439512089313939,21034943333.1428,1.067378767579794e-05,9253378620.014109,1.200093223620206e-05,196611887365.5796,1.1071709729731084e-05,2.2796525921148302e-05,1.7955190043532865,0.1666478032246232,0.0218517258381471,1.7531811798781098,0.1811491794793306,0.3051748555435353,0.3051748555435353
-46.77202705293894,0.024068747414276,3757236596.640525,1.1885771483182907e-05,26155142368.63917,5.9934616861864925e-06,201806729137.8975,1.2948123779147865e-05,7.169987627587304e-06,0.4023879266568234,0.1099816167727112,0.0148654887685552,0.5266647673211544,0.1509242335857991,0.183925767253419,0.183925767253419
-22.64870816841721,0.0562553102849051,9302987150.084291,8.671419724822044e-06,51300576098.77762,7.77987880539149e-06,192919739279.89603,1.3798440266400575e-05,1.712276994122611e-06,0.1614668214544234,0.1343133892863989,0.0173858524225652,1.014532207976708,0.2393498474489947,0.1752035116749165,0.2393498474489947
-73.64370649680495,0.037075967900455,8150846752.671313,1.3895974822342395e-05,16460300405.20328,1.0209858668036758e-05,208036796692.7588,1.017390775680542e-05,5.392297027706072e-05,4.474039519130562,0.1893621440976858,0.0193319574464112,0.9003850439692375,0.1648966384426672,0.368819921778809,0.368819921778809
-68.2392961718142,0.051233152099885,4693877428.93656,1.436319236457348e-05,10085725103.647251,1.1155441298149525e-05,192247607503.0864,1.3250378113240003e-05,2.156513843018191e-06,0.6898028161432613,0.1468658522702753,0.0215461946362629,1.271651840527484,0.2157194836083098,0.3527073574909002,0.3527073574909002
-28.084160592406988,0.0306474740523844,15467122874.259165,7.07139004021883e-06,42856534297.79211,4.586484321393073e-06,207443059328.94348,1.062883635610342e-05,6.849757649421641e-05,1.04406990298304,0.176919184718281,0.0153297084709629,0.7161028555242974,0.2057268770471386,0.1713214341544215,0.2057268770471386
-41.336500868201256,0.0375229953741654,6093484475.12798,1.2357015393674374e-05,22076976706.26546,6.376537577249109e-06,198533408790.8268,1.1617763683199883e-05,1.612917005697462e-05,2.962816599506858,0.1541806451044977,0.0130130586866289,1.4881000986218589,0.1547332789757885,0.2928563715748462,0.2928563715748462
-62.33858335763216,0.019046697858721,11816221492.32643,9.08535662293434e-06,5721540385.841989,9.370061657391486e-06,203651076853.2753,1.249521530047059e-05,5.126717916652108e-06,0.2431093187752726,0.122509881015867,0.0238634392954409,0.6186595439244694,0.1754310689149596,0.1713366439958341,0.1754310689149596
-60.44194223359227,0.0577123968210071,5135670966.089327,7.954303167760372e-06,28192624377.00865,1.0152160261757672e-05,190722726266.83115,1.315540425479412e-05,2.4348922349520377e-06,3.295956114656724,0.1162877556867897,0.022875887450762,0.8342749150670261,0.2078404150008161,0.1588402767812632,0.2078404150008161
-35.73357103392482,0.0329025559918954,12982638508.45251,1.4730247765779498e-05,7313134735.997627,8.142992976121603e-06,205840346645.56384,1.0778003577142955e-05,7.664710921704722e-05,0.1052555118022182,0.1604028192348778,0.0142483830107375,1.3020942614679492,0.1684095497898018,0.3120956921952186,0.3120956921952186
-33.67285907268524,0.0482207914441823,4022599049.2504816,9.952427312731744e-06,13011131873.774675,5.3688404513522976e-06,199433147050.4403,1.1976403694599867e-05,1.0241275374705292e-05,0.2964144136464203,0.1831962908618152,0.0184056485202163,0.6902743835869433,0.2624951332076344,0.243481436018215,0.2624951332076344
-70.15102695673704,0.022707842211239,17275799329.13046,1.273997426778078e-05,55304222027.14798,1.2922188487835226e-05,204628627486.5269,1.209799548238516e-05,3.2260863308836003e-06,1.1705199249809388,0.1405887956731021,0.0187176302894949,1.59073123222457,0.1242928558806123,0.2965311360623955,0.2965311360623955
-79.24685314297676,0.0417952802125364,11080927397.764584,1.1018711313605307e-05,33865660632.07193,8.742247520945965e-06,195089447833.5977,1.1459163952618836e-05,2.644419764205963e-05,0.1790843603904071,0.195639201067388,0.0209294856069609,0.561070352771242,0.2756618208935654,0.291994704814279,0.291994704814279
-24.546048007905483,0.0176884949812665,7447411560.254782,1.0290877409279348e-05,10876013852.724792,7.296592199243605e-06,200206457562.74463,1.2583624362945556e-05,8.392419278195596e-06,1.931487082245933,0.1280362835153937,0.0163534733550623,1.9512999817319072,0.1187349019760752,0.2046280304906189,0.2046280304906189
-44.86053721979261,0.0526929436437785,24640614196.829502,1.301301880925894e-05,6169045659.376598,4.525524348951876e-06,193817035835.2363,1.367075739055872e-05,1.116917819161023e-06,0.769147115102423,0.1037594422698021,0.012398334801197,0.9182561656400298,0.1685865820691655,0.2134927325706158,0.2134927325706158
-51.346247028559446,0.0264767671516165,3376967517.737684,8.304344266653061e-06,17442471103.35595,1.1517422503791749e-05,209011906217.7837,1.0294272270053623e-05,3.549168221199127e-05,0.4496640746488422,0.1728699281811714,0.0248836321216076,1.1793352386942495,0.1796892566456207,0.2321627663315585,0.2321627663315585
-52.08457680419088,0.0539552886458113,14582754736.666838,1.2232953540980817e-05,15221542561.226522,6.858867640607058e-06,202276563402.2653,1.3558815769851208e-05,8.753591457950945e-05,0.9324398360225375,0.1703244327567518,0.0212949035521596,0.6225127886425271,0.2841677400048793,0.2882654642647362,0.2882654642647362
-44.20726565644145,0.0281347221415489,5765478500.445257,9.457495033740995e-06,47382420748.187454,8.867948022671042e-06,197393275108.1884,1.0437212001532317e-05,2.780017103159045e-06,0.6067037333451271,0.1027649967931211,0.0159300958290696,1.4632996814976664,0.1026437169251188,0.1634759311667731,0.1634759311667731
-27.08974093198776,0.0409482673136517,18772120466.78518,1.4235315755009651e-05,24099867786.857124,1.163778004515916e-05,208505063317.71613,1.1317192647606137e-05,3.6979436763357374e-06,0.2138240500244148,0.1286346637643873,0.0135754593135789,0.7607226068632431,0.1549294465081646,0.2603551845362254,0.2603551845362254
-76.61964695900679,0.015830809213221,4368886389.164049,7.4472821727395055e-06,8536578277.973952,4.084379437379539e-06,193700250796.9737,1.2694582298398018e-05,1.17557262010252e-05,2.646017860144813,0.197799324337393,0.0236501349909231,1.2105856954047862,0.2442118630786968,0.2256252328721168,0.2442118630786968
-70.77225551009178,0.0471788570517674,6853790624.726539,8.793542996048927e-06,5277927273.80024,8.264474363066255e-06,206662282012.403,1.1864469226449728e-05,9.988259817202776e-06,0.3422143464855532,0.1411676246672868,0.0225096388310194,0.857963714190355,0.2150307429993277,0.196736818980259,0.2150307429993277
-32.90248539298773,0.0206550632882863,10202624121.556787,1.3521866835653782e-05,20340616440.189457,9.709873265586792e-06,191779604367.9118,1.224094332009554e-05,3.14108190278873e-05,1.6482479261138474,0.1853277076035738,0.0146709298621863,1.07585609157,0.1504847664705689,0.3605598691540113,0.3605598691540113
-38.39465128257871,0.0587798203295096,3006422815.1582274,1.0799725703895092e-05,39580291267.64349,1.2485536276362837e-05,202868734356.016,1.3013441056013108e-05,4.19927315223565e-05,4.107102940874929,0.1578770624473691,0.0172292802957817,0.518468150967539,0.2581797598150249,0.2304261868910478,0.2581797598150249
-57.93212426826358,0.0343654178269207,21948963874.97206,1.1507909774780276e-05,9325990562.109884,5.493484699167311e-06,198064531888.8128,1.0888968665152787e-05,1.3226173386758697e-06,0.1373198518754632,0.1153222041204571,0.0199518837081268,1.7613032557609185,0.1399841427720174,0.2164723937817452,0.2164723937817452
-63.59338499605656,0.0395791169162839,3574108541.5761976,1.3388957552611827e-05,59952714916.24632,4.99234480690211e-06,205059271231.29367,1.1728966683149336e-05,6.062967610805905e-06,2.2027539360486847,0.1215512029826641,0.020284244608134,1.0986443200088585,0.1423521086586812,0.2673636319047512,0.2673636319047512
-40.23290429264307,0.0200921574281528,20020687876.238613,8.176483750343322e-06,14121916102.233768,1.1000073921866712e-05,190255021080.3748,1.2353487212210894e-05,1.923890089500052e-05,0.201139686198517,0.1516480170190334,0.0165353106278926,0.9968326278710437,0.2020109358838612,0.1841945858179857,0.2020109358838612
-31.04911053553224,0.0497736422717571,8014996928.318112,1.1390835300087929e-05,7918532367.691799,9.20905949641019e-06,203846602011.472,1.3393074687570333e-05,4.5329828017238805e-05,0.5050391659502097,0.1790559379383921,0.0125675759678706,1.877665699452405,0.2519296427987119,0.3179942343786542,0.3179942343786542
-65.1251438818872,0.0295835636509582,9152383656.752062,1.0166770614683628e-05,30489384793.24238,6.779235201887786e-06,198963952977.2103,1.051664961129427e-05,1.4406258307146916e-06,0.8771761885201457,0.1474393485113978,0.0242509872773662,0.5769268907062156,0.1682939536921337,0.2210427491511788,0.2210427491511788
-74.78117803111672,0.0545953857991844,15729274277.767485,9.574551418423652e-06,18862015777.887104,5.8335318723693484e-06,200675993729.38275,1.3909650418907405e-05,5.972779967374024e-05,0.1143089287354762,0.1915276008658111,0.0231144569013267,1.6330934851258174,0.3495047424245355,0.2813818896579304,0.3495047424245355
-21.427780594676733,0.035811471180059,4771122959.670208,1.2865867592394352e-05,6679224504.628529,1.2402573606930672e-05,195871133524.92453,1.0032187774777411e-05,1.8798891871049536e-06,3.863697149747568,0.134906433802098,0.0136606676466763,0.664970951019389,0.124154818620451,0.2464716561225459,0.2464716561225459
-49.85413543879986,0.0458069158159196,12421672932.517168,7.580242030322552e-06,11803620549.71848,1.0616842999123035e-05,209480489864.9454,1.1214414410293102e-05,4.48679271234096e-06,1.3721362164321471,0.1089940418489277,0.0178305293107405,1.4110364856163875,0.1465787532603153,0.1510550895736483,0.1510550895736483
-53.93727798014879,0.0249136206647381,6402179442.581489,1.4852387368679049e-05,36709380756.75057,7.623369344510137e-06,194597230181.098,1.2835944186896086e-05,1.413573046632123e-05,0.3219125186528347,0.1640954335220158,0.0189436036339029,0.7779332946360548,0.1884859042092957,0.3474671238977005,0.3474671238977005
-53.76014037057757,0.0458804024336859,3772620786.111484,9.066648535430433e-06,22712872659.85759,1.102117368672043e-05,207139357235.28265,1.3095799047499896e-05,2.687998157642845e-05,0.6191209480561983,0.1996316228993237,0.0144694336066022,0.8077909436468956,0.3104427685742375,0.2605066655276827,0.3104427685742375
-49.91869168356061,0.0249376792833209,21119301314.16204,1.237382996082306e-05,5780185676.721884,5.004195041023195e-06,191944467481.2257,1.0970304816961289e-05,8.462642453983475e-06,0.9123625533841254,0.1297322516329586,0.0222986211394891,1.3442187097065776,0.1103644292942222,0.2566252136403559,0.2566252136403559
-21.59677144140005,0.0546702549280598,8116052689.213274,7.088143363595009e-06,10390401726.410618,6.80036252643913e-06,203329025618.732,1.1776295430958272e-05,1.1313997697486668e-06,2.588734761620486,0.1008900049142539,0.0197535613048821,0.6978708786930777,0.1583215235470974,0.1145226788706484,0.1583215235470974
-74.72310915589333,0.0358368911873549,9264014029.30495,1.4344423450529576e-05,43249862111.05168,9.22089906875044e-06,198211997114.12192,1.2149793680757284e-05,3.559497040885651e-05,0.2181742712899813,0.169269600789994,0.0170150887034833,1.5730198971132152,0.2009399053627759,0.3768917500170661,0.3768917500170661
-65.07248770445585,0.0496726887440308,15528679587.105118,1.3880990341305732e-05,49804025379.6967,1.2425959820859132e-05,201486547105.0143,1.1292070344090465e-05,2.436446890652408e-06,1.6098058244545863,0.1134442819282412,0.0157254288932308,0.5552249624729179,0.15284933457109,0.2344673996149844,0.2344673996149844
-31.223503351211548,0.0294331606663763,4713240065.782885,8.684389568865299e-06,16313176030.3357,5.847490993328392e-06,196291047893.46457,1.2664653036743402e-05,7.746528267479228e-05,0.3512501994634997,0.1568254036828875,0.0210997580522671,1.97234982168019,0.2075000773888072,0.2128872595587785,0.2128872595587785
-40.29189048334956,0.0394767778599634,11767125061.175133,1.1898802153766156e-05,8992978305.41274,7.646745298989117e-06,207732446100.5628,1.3581910740584137e-05,1.0303972840931162e-05,0.1409624832933809,0.1871628440916538,0.0234422941543161,0.9492135363404004,0.3002998965546228,0.3142146768162009,0.3142146768162009
-63.410659451037645,0.0199403907079249,6067263768.145665,1.0658864438533784e-05,25886001716.696827,1.0630829813890157e-05,192614806350.3206,1.04535478875041e-05,3.271936370988656e-06,4.011791861972991,0.1422619469463825,0.0133834876660257,1.1413588081592445,0.1060452022352835,0.2358951841327278,0.2358951841327278
-57.7493791654706,0.0589260616153478,12930538574.407572,8.286126129329205e-06,6233282198.026476,8.881918207742274e-06,200508977696.2996,1.1176106106489898e-05,2.1385061765546748e-06,0.2052311040549381,0.148490229435265,0.0138558875573799,1.6973121529691553,0.2057996483959223,0.2043698392175913,0.2057996483959223
-38.4536000341177,0.0344731964869424,5115490283.288677,1.302934628725052e-05,17947768598.41824,6.882259151898323e-06,195391328409.3141,1.280454867333174e-05,6.738353318999656e-05,2.155074253765364,0.1809346081689,0.0233191982479766,0.5438636993372575,0.2444386929493991,0.319189228901335,0.319189228901335
-33.07685485109687,0.0473237131442874,17350991359.072887,1.030714412033558e-05,34171613227.64976,4.098356260918081e-06,209335139412.4329,1.3949833825230595e-05,1.608321336851552e-05,0.8582917439422775,0.1505544427782297,0.0191356496438384,1.0258267572461617,0.245806792071595,0.2323625065860667,0.245806792071595
-70.7195652462542,0.0207614778773859,4039784723.654474,1.10004318729043e-05,11202971085.730886,1.1661147483624518e-05,194139706958.0853,1.0077329847961663e-05,5.061362902949809e-06,0.5153737812272261,0.1197152886539697,0.0180384445097297,0.8900971162784608,0.1017440369096705,0.2103521574492046,0.2103521574492046
-76.5616119466722,0.0409173862449824,7418372216.021696,1.2725478783249855e-05,12892758788.865437,9.721729467622934e-06,206164228338.74823,1.3497407682240009e-05,2.2556145184508684e-05,3.77402188318896,0.1629985936917364,0.0167464027302339,1.2587768498861698,0.2247038867619993,0.3330722312189551,0.3330722312189551
-27.25875491276384,0.0157614869764074,11036123858.6166,9.964909113943578e-06,53682224531.87444,8.285586130805312e-06,191047190297.395,1.0623866137117148e-05,7.165539871273786e-06,0.1173415822542277,0.1071609654463827,0.0204858152745291,0.723735492865096,0.1156242931936715,0.1544958578283037,0.1544958578283037
-44.27185956388712,0.0539257904235273,3391278135.791148,1.474279087036848e-05,27906485505.585182,5.505317230708897e-06,204929278418.4217,1.163054044917226e-05,1.6882526580728497e-06,0.3304135148445895,0.1359604879282415,0.0244652532320469,1.5378123546837497,0.1712765149211496,0.3362678482430236,0.3362678482430236
-51.90745897591114,0.0280667609581723,24748713093.18402,7.939868450164795e-06,7108345710.402555,1.2506654816679656e-05,199734455421.56696,1.2255992263555529e-05,5.35939296237252e-05,1.3401293397070313,0.1934033407829702,0.0127659727334976,0.598814191098934,0.2627758382478663,0.2192483659152232,0.2627758382478663
-51.28348428755999,0.0527073774067685,5743000342.420071,1.1526617906987668e-05,39994899648.02889,8.1289374968037e-06,191474680900.57373,1.152275586500764e-05,6.002619395587711e-05,0.393676621080513,0.1881210833787918,0.0155376143231987,1.134174842858978,0.24216295426176,0.3207525195467809,0.3207525195467809
-45.03948621451855,0.0265406498685479,14523770225.252775,1.0782911092042925e-05,9596751343.1302,1.0128852971829472e-05,206357921808.95807,1.2395278498530389e-05,1.9087598847273654e-06,1.8320490218959224,0.1322338581085205,0.0217382313963025,0.965198377357692,0.1604525570996254,0.227688428056638,0.227688428056638
-24.60225185379386,0.0418083525868132,4387411563.784584,1.3505113527178766e-05,5325940099.046971,1.2908160702325402e-05,197743701878.9351,1.3359105192124844e-05,4.494727867302874e-06,4.565609345009222,0.1112775450572371,0.0240681713921949,1.8567794611313555,0.1419948775391253,0.2770992497508252,0.2770992497508252
-79.07600799575448,0.0177509951870888,18854407439.067307,8.81231189519167e-06,20953400749.839043,5.345522901974618e-06,202548542711.8838,1.0730682235211135e-05,1.4270632035942436e-05,0.157990083078115,0.1686723386868834,0.0132082692505791,0.5832698535491674,0.1900147765103728,0.2009422332053847,0.2009422332053847
-69.97848844155669,0.0480580384796485,10161706199.148409,7.46226666867733e-06,23878902828.864628,7.284821291454136e-06,197071872893.7209,1.3842041134834289e-05,6.1347057527529695e-06,1.0717652977985106,0.123808694910258,0.0150638700854033,1.6506930290429922,0.2123847769388238,0.1638961745037624,0.2123847769388238
-33.72738027945161,0.0225945167429745,6826834412.118823,1.4222345896065236e-05,8285619268.9254465,8.72105153184384e-06,201954502556.47305,1.0216608930379153e-05,1.9316680730613808e-05,0.6737951323068541,0.1562019626609981,0.0220659762471914,0.6580500070861913,0.1142357953848797,0.2867155929503691,0.2867155929503691
-35.914485193789005,0.0575510075921192,22044506757.4823,9.444464407861234e-06,15065979110.59961,1.1505640934221443e-05,193397120237.3505,1.1037796463817358e-05,4.612887133113392e-05,0.237439333244813,0.1756753367371857,0.0195335125671699,1.3656134564321438,0.2306321638374385,0.2623961782640287,0.2623961782640287
-60.38116253912449,0.0327906160522252,3019262520.105797,1.2247876733541487e-05,46052293659.82978,4.504355919547378e-06,208201351612.8064,1.2911356665194034e-05,1.4510542413869974e-06,3.0410463195817825,0.1447896373458206,0.0175969290761277,0.8041514992638524,0.1915054456333435,0.2620708998299058,0.2620708998299058
-62.27776600047946,0.037640396207571,20100336577.77034,1.4870605550706389e-05,12144587187.94219,5.972274481318891e-06,196172432433.8138,1.3688481774181128e-05,9.837008780591708e-06,0.1029895236915473,0.1385667002759874,0.0161392477173358,0.642835024824667,0.2300700217173316,0.2795960867488658,0.2795960867488658
-41.51739524677396,0.0192025403631851,3588853852.340872,7.563914507627487e-06,37088641911.3839,1.1989168369211256e-05,200976654272.5265,1.031500218063593e-05,3.125413136163339e-05,3.363400472697234,0.1818982250057161,0.0207311290614306,1.41668346083047,0.1599633897008374,0.2238281259336407,0.2238281259336407
-28.138647936284546,0.0513519170042127,9114323227.020683,1.284960089623928e-05,19433387000.21151,1.018867823574692e-05,194921684749.42447,1.1431599736213683e-05,4.15964922629711e-05,1.1943293988743826,0.1624797821976244,0.0246725802877917,0.7520383816456699,0.2080894176751813,0.3054347643926868,0.3054347643926868
-68.0667345225811,0.0308047017501667,7980527984.631272,9.5928308442235e-06,6741071042.743734,7.76809126790613e-06,209804381169.37875,1.255711357668042e-05,1.320305819415177e-06,0.2899984468492769,0.1175308258272707,0.0121968045001849,1.2240498020716957,0.1645729992767604,0.1777845351406257,0.1777845351406257
-73.47288470715284,0.0561983353458344,4790641604.509775,1.0181266114115716e-05,7686835580.259256,4.5631855474784965e-06,190577682740.9864,1.1882858358323574e-05,8.718803531494452e-05,1.9824938377737544,0.1749502073973417,0.0140563710220158,0.8670992601813211,0.248973260375263,0.258254240969945,0.258254240969945
-22.704946100711823,0.037057456090115,15792394459.811466,1.1378353483974937e-05,30214131764.64858,1.11413958100602e-05,205382514037.19183,1.201124082133174e-05,2.7476530528041747e-06,0.1749069420416931,0.1049997251480817,0.022668006369844,1.06497484306367,0.1494420542434323,0.1953496716144325,0.1953496716144325
-46.95099560543895,0.0438928729388862,6374840364.314472,8.16394069045782e-06,58260323572.71908,9.346738810651002e-06,199265824090.68945,1.3235321287065743e-05,3.671173657151424e-06,0.4392274022336925,0.1260109702125191,0.0185224445452913,0.5018419870763776,0.219876894498852,0.146371368956216,0.219876894498852
-56.871545631438494,0.0240488527575507,12369640915.242027,1.3403392225503922e-05,13975338598.07279,6.362498727627098e-06,204149131756.27588,1.0862757250666618e-05,1.1551485656731985e-05,0.7895530254330068,0.1943440208211541,0.0182009412432089,1.820122935668801,0.1246358091517397,0.3650406408366128,0.3650406408366128
-55.76366120949388,0.055382282892242,17419866941.369835,1.2049448989331724e-05,26557951373.719875,7.872794725000857e-06,197905438784.5099,1.025577737018466e-05,1.919476164076032e-06,0.6390544336943823,0.1592065345495939,0.020319945464842,0.5320929525194964,0.1988586631333169,0.2608874010807181,0.2608874010807181
-47.94495409354568,0.0351481675961986,4056210376.379333,9.258117824792862e-06,8701780078.049622,1.0365225298330188e-05,203022792134.434,1.3631241612136364e-05,6.090857208304765e-05,1.1269644238800471,0.1142613928765058,0.0165567292096093,1.7306403629502625,0.1694793289027176,0.1851626129687482,0.1851626129687482
-23.3512831479311,0.0451875575445592,13758097495.925549,1.404381947219372e-05,16782384845.410448,1.2093891238793728e-05,191625434458.25577,1.2622186973690988e-05,1.4350499010355604e-05,2.8300189432103195,0.1417362848296761,0.012601690031588,0.9095015889253828,0.1799953499086836,0.293916663517333,0.293916663517333
-72.93978694826365,0.0256565724452957,5442338623.491391,7.271659024059772e-06,48293767695.82749,6.148802131414413e-06,206821181923.151,1.1498596761375666e-05,4.560719728115629e-06,0.2545133409709601,0.1850762018933892,0.0242739929910749,1.0016684395528808,0.2464829100739483,0.2044528846308952,0.2464829100739483
-67.06844113767147,0.0401655081566423,3240103637.1354656,8.985103949904443e-06,41964219873.14233,6.468286367133259e-06,193541767895.2217,1.207510317116976e-05,1.88661340102656e-05,1.7682993317285145,0.1292813575826585,0.023078743671067,0.7097651775753756,0.1940382310709365,0.1821457750986119,0.1940382310709365
-29.25727594643832,0.0192283587204292,23641582258.808296,1.3697562642395498e-05,10682879561.696188,9.522200617939233e-06,208658510595.5601,1.1952550586313007e-05,5.937967882653979e-06,0.4085880362442975,0.1976166970096528,0.0136392366914078,1.2864580654522482,0.1540074082455096,0.3802484927189115,0.3802484927189115
-42.038806173950434,0.0489537888765335,7264810071.7115965,1.0983165107667448e-05,5596467652.292319,1.124723283573985e-05,197239715699.10645,1.0800856787711384e-05,1.4172842090356624e-06,0.1450868140625803,0.1717712760902941,0.0177964028250426,0.613281601439106,0.2264923257707262,0.253012506018324,0.253012506018324
-61.63487603887916,0.0301260095788165,10809410770.335669,1.1707214802503584e-05,23288545693.43301,4.73859796859324e-06,202434853110.46243,1.3179311722517011e-05,4.465188772575946e-05,4.9792238226795575,0.1018307120539248,0.0189205854982137,1.5051878049402878,0.1290575189643329,0.2068790961018818,0.2068790961018818
-59.73756492137909,0.0466336538130417,8637700725.941736,1.3330457650125029e-05,6909605387.992388,5.239738397300243e-06,194438902325.92825,1.2456690032035113e-05,2.765076534263842e-05,0.1659098121276921,0.1081016669981181,0.0213433120707049,1.3135126470773648,0.165553896679987,0.2437036951077163,0.2437036951077163
-36.43568824976683,0.0214721808303147,9858498687.95028,8.102118343114853e-06,28779177384.88951,1.2732695726677775e-05,209634087421.0,1.157827851176262e-05,8.781507888701364e-06,2.084831285219517,0.1655002753250301,0.0159388315444812,0.8248038749606695,0.1875705015750136,0.2041156172233927,0.2041156172233927
-34.845328349620104,0.0596408831840381,3788569159.658209,1.1324336037039758e-05,52323979852.07314,1.0023014923557638e-05,195717724394.0532,1.0667307265102864e-05,1.1680639796920765e-06,0.734681246302207,0.1913884204812348,0.0136222811359912,1.6049352148478715,0.2120394524815016,0.3384498150278403,0.3384498150278403
-68.97995946928859,0.033776269275695,21210703755.86998,1.0116136379539968e-05,13324201061.128532,7.953526064753531e-06,200834438484.16208,1.328990238532424e-05,3.7132579238274536e-05,0.4707519979049778,0.1355095875449478,0.0236604577414691,0.6823297823675806,0.2197799903917142,0.2106653309563962,0.2197799903917142
-78.54268806055188,0.053215094176121,11526502271.100986,9.641108199954032e-06,11570740065.249382,4.3996491599828e-06,198805014919.4896,1.0151046112179757e-05,3.1620789052022823e-06,3.246001522842434,0.1788479715585708,0.0224612427344545,1.9317410265864263,0.1889127657171627,0.2911060197250016,0.2911060197250016
-25.247895549982783,0.0287568162661045,5944175366.323199,1.2916551120579243e-05,33326928817.36836,1.1329097140580411e-05,204000810068.10068,1.377455672994256e-05,9.944008959412872e-05,0.1068769445847006,0.1479645609855652,0.0146622065687552,0.5682758789561544,0.2305323062572622,0.2472732735865828,0.2472732735865828
-46.03319481015205,0.0416143067507073,14840261277.61043,7.638684891164302e-06,18497633463.654484,8.616329785436391e-06,190101001448.9293,1.2971068393439056e-05,1.329448569302361e-05,0.2663476881051905,0.1205323940142989,0.0171824708469212,1.1673041127015369,0.1971902467262461,0.1503003844113126,0.1971902467262461
-53.257043063640594,0.0425245044473558,8781304010.516693,1.060728829354048e-05,44764312911.32963,1.1766847750172018e-05,203491983823.4782,1.2860103454440832e-05,7.691316574107049e-06,0.3808453903553381,0.1535278567112982,0.0229115853775292,1.4503798389624345,0.2240301152834071,0.2719571286122924,0.2719571286122924
-43.03620140999556,0.0170553984353318,7690156011.883032,1.1835137128829956e-05,15536977790.85847,4.273906514048576e-06,198687466643.75067,1.1237488843500614e-05,2.4211257588829023e-05,1.4810358317193673,0.1226986207999289,0.0142697986625134,0.6297742561715206,0.1065877910511967,0.2053967066407962,0.2053967066407962
-26.38536663725972,0.0520159017853438,19530109504.2694,8.612919703125953e-06,8075907147.374978,6.987909965217112e-06,207288889493.79324,1.0008098125457764e-05,3.234896894086836e-05,4.170308577624987,0.1454129620455205,0.0184397593149915,1.2000874066685088,0.1614692582481826,0.1996145100400985,0.1996145100400985
-77.32176093384624,0.0272499366989359,3486474018.806252,1.3821609295904636e-05,24677761720.29435,9.05751791410148e-06,192406507488.3401,1.3886491108685732e-05,1.0190173522385573e-06,0.1352365995382079,0.1778596295975149,0.0187406327342614,0.7694741104983538,0.2723264647588338,0.3459491348533368,0.3459491348533368
-71.944908965379,0.0582465976383537,6455670462.998425,1.442163534462452e-05,21641450784.99375,1.2611239787191153e-05,207878313865.5126,1.0556349478662017e-05,8.371693621862115e-05,0.976183325691271,0.1329777272418141,0.0208937752582132,1.0869217177219177,0.1556747967465131,0.3222199461836089,0.3222199461836089
-31.73117650672793,0.0320744682149961,12525254079.082556,7.145705796778202e-06,5194335763.819712,5.681981706991791e-06,193073186632.2458,1.343187377974391e-05,2.65686421502634e-06,0.5795255430752957,0.1904289724305272,0.0163320452813059,0.8469148912315911,0.2953090959106438,0.1909353757734613,0.2953090959106438
-37.69049033522606,0.047348758354783,5056019611.350765,1.2423572294414044e-05,9890858858.892344,8.39015175588429e-06,201653169803.3213,1.231375015154481e-05,3.536052423058212e-06,0.2308033147274662,0.1660730008035898,0.0123642116328701,1.7790989290213823,0.2168483831464565,0.3151744413772112,0.3151744413772112
-58.63396789878607,0.0232859883410856,16668782858.112516,9.136040270328522e-06,38900285734.518974,9.89841328933835e-06,196770177148.28253,1.1690220043063164e-05,1.1236336712558504e-05,2.451397629607634,0.1102391872555017,0.0248606173032894,0.5118833255848366,0.1480437626936016,0.1593755362118958,0.1593755362118958
-64.29595673456788,0.0506577418232336,4261833133.178492,7.762807004153728e-06,14338248986.528511,9.116315221413967e-06,208853578288.1081,1.0913036230951548e-05,7.217155843934506e-05,0.1272141446334059,0.1039613617584109,0.0219001314267516,0.9868615522903984,0.1591009810109341,0.1376813690290371,0.1591009810109341
-39.528987761586905,0.0315222644526511,18311841537.577343,1.4554624736309051e-05,56374361072.11485,6.623696893453597e-06,193970633316.7851,1.3036606952548027e-05,2.269951753322987e-06,3.4716932819697086,0.1723508758470416,0.014874221554026,1.112777050207959,0.1841035923088313,0.3648425030329169,0.3648425030329169
-29.878504052758217,0.0383538404619321,5531719448.995145,9.76892288029194e-06,31083476634.46365,4.899626113474369e-06,200053048357.36752,1.2216823302209378e-05,5.420718986157268e-06,1.393258010948133,0.1966519154608249,0.0174326709760353,0.5710533920498791,0.2695559676727648,0.2487322759260146,0.2695559676727648
-66.29806790500879,0.0185152328945696,13991728478.813286,1.2540597178041936e-05,7453813984.64313,1.0844493133947253e-05,195247892513.8712,1.1841340523213148e-05,1.7070885642210885e-05,0.3170275930644957,0.1267548330128193,0.019342276928015,1.90216173618624,0.1130412683994588,0.2584149550942735,0.2584149550942735
-75.48347942531109,0.0431753035308793,23259596219.1348,1.1202150598168376e-05,6540621582.031537,1.0525128524750469e-05,204469689354.3005,1.2734373569488523e-05,6.811748263924031e-06,2.3061168451451795,0.1840825234539806,0.0214978014212101,0.6707879899715814,0.2746327890527495,0.3022813989101032,0.3022813989101032
-20.72407741099596,0.0247430319618433,3185996213.7432785,1.049018231779337e-05,19980216268.097027,7.471196034923195e-06,199587355032.5632,1.135590009763837e-05,2.163619365836751e-05,0.1921272325535288,0.1391900186426937,0.0153209880590438,1.6145195258925964,0.1494032461963384,0.2147856432040477,0.2147856432040477
-48.68328431621194,0.0568856495199725,10287868176.274143,1.3204579643905165e-05,35909467434.99534,5.741843314841389e-06,205686326939.61264,1.039750560745597e-05,5.094867615872399e-05,0.5451452947684378,0.1164207461290061,0.0129662525551393,0.7848630791593006,0.1399366179340442,0.2313641630860067,0.2313641630860067
-55.110389199107885,0.0363440078124403,6910942737.103247,8.480039954185487e-06,12452280209.073565,1.2250356946140524e-05,190881781149.6556,1.3520038701593877e-05,1.619425786160406e-06,0.8126548023746613,0.1598056825809181,0.0238531322358176,1.3947669072716968,0.2471125309535543,0.2309104028366763,0.2471125309535543
-55.55674208328128,0.0491591578256338,11282096814.49998,1.4608374647796154e-05,8826863293.860683,9.682412239722906e-06,193269904032.3496,1.3921857018023728e-05,4.710669293057813e-06,0.4781279114133469,0.1190145695582032,0.0120982744283974,0.5811903676909439,0.1996377408200747,0.2460082930272761,0.2460082930272761
-48.14818250015378,0.0300237662019208,7578638433.734797,7.832073330879211e-06,27484540048.047688,8.307311956770718e-06,208309113010.76413,1.0043418794870377e-05,1.4964635701673931e-05,0.7236823904372053,0.1514627689495682,0.0247719130907207,1.8944234414637329,0.1494851927171123,0.2011745197149522,0.2011745197149522
-20.33552434295416,0.0396662120148539,24270257000.487,1.2609878554940224e-05,48571934968.639305,5.466013011522591e-06,196886102724.8204,1.1210019536316396e-05,6.27003491175087e-05,2.053638532327212,0.1804270859807729,0.0206266488125547,0.9935493592644252,0.1891254674873238,0.3260588408314784,0.3260588408314784
-75.9591792523861,0.019827690529637,3324512706.704686,9.822718776762488e-06,17178595374.084751,1.2528393114916978e-05,202160032708.19785,1.2832526918500662e-05,1.990437609963924e-06,0.1685077708138505,0.1495963182300329,0.0162429438317194,1.0963243617956515,0.205368872366326,0.2245455927689467,0.2245455927689467
-66.86155240982771,0.0446637569088488,5215394770.718562,1.0418838813900948e-05,10627691285.808891,8.842674606479703e-06,197636702824.384,1.1725548043847083e-05,4.318118558804719e-05,1.2445779315105585,0.1928851113654673,0.0180975558478385,0.7711843928775316,0.2578107063002953,0.2908380406978115,0.2908380406978115
-29.46053117513657,0.0262313994253054,13190881577.28408,1.1146571613848207e-05,40969734526.20126,6.903920738957821e-06,202675301749.25925,1.234909299388528e-05,1.3606246517308726e-06,0.2789178607614525,0.137052817735821,0.0186266388706862,1.40045219681581,0.1637650872433611,0.2317306736652692,0.2317306736652692
-39.02307419106364,0.0555628036893904,3951891365.489122,8.424414984881878e-06,22973222556.427723,4.059116817079484e-06,191269914284.34848,1.3404304575175049e-05,5.7748684408221135e-06,0.1119220064084242,0.1064468226395547,0.0225681892791762,0.6662670308123693,0.2038036848904836,0.1344467026401281,0.2038036848904836
-64.65429874137044,0.0350210764026269,16981074456.09481,1.3133221089839935e-05,5404692630.258954,1.1682813764549792e-05,206543233618.14023,1.0528857104480268e-05,1.8173404710378115e-05,3.101209449870177,0.163896547909826,0.0141554101770743,1.638771605243588,0.1263847461115703,0.3319270619767103,0.3319270619767103
-59.06555790454149,0.0410354080097749,4619737161.773296,1.1763887397944929e-05,29783192528.40325,1.2324578690342605e-05,199080579038.7094,1.1868863176554444e-05,3.824311390309353e-05,0.2584834581772331,0.1701194372959435,0.0131053643655031,1.2082330034270767,0.2171568988621122,0.3040954187155841,0.3040954187155841
-37.11132876574993,0.0155663879122585,15230808036.747637,1.0551554501056672e-05,7008943705.930007,5.966454138047993e-06,204353831615.2989,1.2244361750781537e-05,1.2159142747588123e-06,2.787841083807656,0.1002238866873085,0.0241702672988176,0.7580892164788098,0.1103865164141711,0.1702014384318977,0.1702014384318977
-31.357157435268164,0.0533408497972413,6199292072.514838,1.3765891030430796e-05,13638800638.005604,7.545359474606811e-06,190450914166.8677,1.3001233354210854e-05,9.095273961768724e-06,1.1101580551145072,0.1307749505154788,0.0216381011651828,1.4761104598750412,0.1820047838719331,0.3041571957452338,0.3041571957452338
-72.46443966403604,0.0285749702900648,12027538379.553642,8.541715480387212e-06,52625236032.91269,1.0749788801185783e-05,205489522628.4861,1.0877738509327174e-05,2.88812796774931e-05,0.6490289869518916,0.1991629327647388,0.0156385225383564,0.6272188622354932,0.2359877801274783,0.2450891113923396,0.2450891113923396
-77.87071144208312,0.0597471979865804,20670553778.092896,7.19936241209507e-06,32537056441.17573,1.0919865646399556e-05,194716221354.9018,1.35475849583745e-05,4.061051622511802e-06,4.7573979831154665,0.1433184972032904,0.0174955133274197,1.7671269134227965,0.2445912620760658,0.1942636267526926,0.2445912620760658
-25.92356288805604,0.0335749828163534,3690272655.609722,1.4491056002676487e-05,11510992337.39849,5.123094483278691e-06,209990084581.0771,1.0425005670636892e-05,1.278544906773821e-05,0.1519266710047984,0.1867049535736441,0.0196341255363076,0.5195669453492955,0.1977350311031528,0.3330226498376315,0.3330226498376315
-42.54505071789026,0.0460356579115614,9449850356.389328,9.205415420234203e-06,5854892777.962255,6.699042013846337e-06,196064661499.11285,1.132061018422246e-05,9.611935491420366e-05,0.4278462063919385,0.1576857045292854,0.0219641647143289,1.0679674333945108,0.2087523447318147,0.2238314960664647,0.2238314960664647
-53.65944482386112,0.0219728018157184,8275161541.441035,1.2477213382720948e-05,18247135260.370834,9.339785502292215e-06,201103880014.2705,1.2698977380990983e-05,3.0240077145332343e-06,1.6895369002880836,0.1127916797995567,0.0151664658011868,0.8503760349346318,0.1249221571526037,0.2174094215351893,0.2174094215351893
-50.65143693238497,0.0479564962070435,16002414497.765314,8.048370264470578e-06,15923807597.217775,4.682071310468018e-06,207527104299.5155,1.1463559094816447e-05,1.0638445806376166e-06,0.3029020165008167,0.1180496185086667,0.0179363469080999,1.5769293343576298,0.1667693748419398,0.1614197154555955,0.1667693748419398
-45.64544104039669,0.0227951089711859,4856442971.311795,1.3261189252138138e-05,44969358757.73122,1.1040074626915154e-05,192800693344.32483,1.2587042078375816e-05,3.3526077464504365e-05,1.4589062958112882,0.161388015653938,0.0192385562239214,0.6850967826319209,0.174409199279389,0.3114295680707632,0.3114295680707632
-24.713593032211065,0.0581524277105927,12225459044.44992,1.0046852990984917e-05,25506871269.353046,9.465637850575148e-06,201378902532.16028,1.365855088084936e-05,2.5190744582395283e-05,3.635294854305545,0.1826128833927214,0.023218291727826,1.304632736756303,0.2858009544741395,0.2906793078764461,0.2906793078764461
-78.9898438192904,0.0322878998843953,6304369877.269139,1.1270541913807392e-05,8201684944.024203,6.261190284974872e-06,196418452449.1429,1.0283041398972273e-05,7.926371614680356e-06,0.1215452763831804,0.1376692616380751,0.0139560160934925,0.8371748880554143,0.1594325917470631,0.2222156403980381,0.2222156403980381
-69.33932965621352,0.0519027205277234,3630528164.43822,1.2987892851233485e-05,5022277979.159256,6.091234139166772e-06,203143902160.2273,1.314417415857315e-05,1.0750968915121372e-05,0.8253491861242732,0.1950450170785188,0.0126653614593669,1.1880500583139846,0.2789623386123412,0.3744887051869271,0.3744887051869271
-34.340446535497904,0.0274443567031994,20326058986.4198,9.696689195930958e-06,21321791952.65362,1.1887783215381203e-05,198416880555.45093,1.0765796054154637e-05,3.415799916619812e-06,0.5370249751101057,0.1251029212027788,0.0245666672857478,0.9264522747423776,0.1386927567562489,0.1973136150208594,0.1973136150208594
-36.01874712854624,0.0431128873117268,7876160661.275673,1.4982330046594143e-05,37933900469.39597,1.0307641782797872e-05,207012715023.01096,1.197982194647193e-05,2.5563862578123853e-06,0.1892664169785095,0.1055074768140912,0.0203832178637385,1.9448751525691337,0.1338741904090655,0.2761708249196265,0.2761708249196265
-60.30207760632038,0.0165451644128188,8989254662.64594,7.710041612386704e-06,9852155599.241606,7.666710539720952e-06,192051654886.45435,1.2102389372885228e-05,8.114164206729427e-05,2.342127246052017,0.1738443480804562,0.0168482159581035,0.559885449872154,0.2160372232661828,0.1934997731206541,0.2160372232661828
-62.15543849393725,0.056695386772044,6750768915.152788,9.329369626939296e-06,56632721706.733246,7.306486901827156e-06,204822157770.3953,1.3262585427612066e-05,1.771073053931112e-05,0.1292023555636368,0.1676161132752895,0.0169157574018463,0.9033625308592096,0.2920122915052301,0.2239001947555492,0.2920122915052301
-41.66581528261304,0.036461357390508,10044155665.220772,1.2105180948972704e-05,14695198779.763556,8.68181141745299e-06,199861030876.6365,1.0640066184103487e-05,5.576667228809407e-06,4.367097129588399,0.1117357604205608,0.0198520898753777,1.0166814334512135,0.1147312814492186,0.2232683372442369,0.2232683372442369
-28.67914255708456,0.0436869592918083,3061006220.409388,7.327375516295433e-06,7569885084.550299,1.1527302118949592e-05,205959335360.6761,1.1613369524478911e-05,2.368265285731886e-06,1.550914327448747,0.1313739297911524,0.0221949235238134,0.5228024856428554,0.1957170939628478,0.1416023236949355,0.1957170939628478
-67.50106289982796,0.0241560597717762,22335692033.46957,1.4115025706589224e-05,32127877924.20942,4.4651119159534575e-06,191232323292.6428,1.2491796839982272e-05,7.449748489920095e-05,0.3638541527179865,0.1887740580365061,0.0145739153567701,1.7376768583233884,0.175995442041115,0.3902181113642923,0.3902181113642923
-73.34298800677061,0.0388405622402206,14326439278.557346,1.3643904015421869e-05,19685141640.24729,8.150676465593277e-06,209207801613.9567,1.1068292282521726e-05,1.5591929295190308e-06,2.489827338890296,0.1439402210526168,0.0132792918393388,0.6174579094329421,0.1641164970812674,0.2791694748930153,0.2791694748930153
-22.86093533039093,0.017903327057138,5667113728.458198,8.915685065090656e-06,6323954282.179198,1.008954942319542e-05,194247284773.7372,1.294372884556651e-05,4.958049507560143e-05,0.2273529063839123,0.1763418751768768,0.0235456810509786,1.4829484421650951,0.2259659687434467,0.2368588888847831,0.2368588888847831
-47.48395321890712,0.0504428887506946,19063511071.47719,1.1637841485440733e-05,12403524628.69157,1.2929886930622158e-05,200323081165.5521,1.3809671346098184e-05,2.076097139883437e-05,0.5708586790556791,0.1551597316749394,0.0210007203985005,0.7223718666151461,0.2629557779916358,0.268611627628492,0.268611627628492
-56.3134110160172,0.0316150233708322,4438968282.784483,1.0929521948099138e-05,35017464935.49751,5.306206076405942e-06,195596679747.10464,1.018611453473568e-05,6.591542132610576e-06,0.991492132333012,0.1242778529413044,0.0158252444826066,1.281266494509086,0.1131334645576479,0.2163518718129495,0.2163518718129495
-57.303242925554514,0.0389541842183098,5826194316.418127,7.523820899426937e-06,5694996108.669628,4.289543876424432e-06,201838500536.97824,1.0695346545428038e-05,3.455823267022201e-05,0.4921690147338863,0.1344519603066146,0.0194444768112152,0.738921521900859,0.1772709453336648,0.1509634166313205,0.1772709453336648
-46.37195562943816,0.0205164139531552,11305513867.44781,1.4783776432275772e-05,21961252531.767075,1.1421620678156611e-05,196565543897.45,1.3323754779994488e-05,1.086777851764676e-06,0.8982892730044333,0.1918482738547027,0.0173296683132648,1.229049764536146,0.171176552311792,0.4206280983573801,0.4206280983573801
-22.331034317612648,0.0498520025471225,4601597049.984244,9.50595574080944e-06,43078789533.85181,8.506228391081095e-06,208005015831.44067,1.2422840014100076e-05,8.170254416296681e-06,2.255524532236536,0.1646419365890324,0.014975230355747,0.638507959192873,0.2414058585162112,0.2123993569371653,0.2414058585162112
-73.99253699928522,0.029304873207584,15168593890.581568,1.2809492237865925e-05,10131845412.847696,7.200820447877048e-06,192966092359.27463,1.15502406693995e-05,2.57333287660664e-05,0.1959887152021536,0.1087531914003193,0.0217999068079516,1.4379438142722054,0.1305274571237491,0.2347906148481419,0.2347906148481419
-68.61556343734264,0.0548740735603496,9649238570.956572,1.1463353499770163e-05,16387196921.881786,5.129559218883514e-06,207494286280.12537,1.2875998325645924e-05,3.3738264013967262e-06,1.360436013464451,0.1520845614373684,0.0239536412283778,0.5107432785619379,0.2556069123946171,0.2427179238724884,0.2556069123946171
-27.676736898720264,0.0357331082224845,8448969755.361836,1.021928257495165e-05,51041825736.16596,1.2825283234938978e-05,192220718394.9649,1.100248348340392e-05,1.071480374640678e-05,0.3253406906591459,0.121200393885374,0.0128649345841258,1.812733956017638,0.1320759995455865,0.2038390837561528,0.2038390837561528
-41.02612296119332,0.0453826566087082,21635620587.6767,1.3441423736512662e-05,26290036065.812702,9.912849022075534e-06,203599840439.85605,1.0244085807353258e-05,8.014879351953126e-05,0.1155411231076355,0.1469237444922328,0.015423483188264,0.8729829631970508,0.1710050963162784,0.2791842653318391,0.2791842653318391
-62.68006047233939,0.0255385506805032,3862942890.2199993,8.248986691236497e-06,9295428407.504383,8.046126313507557e-06,198560307510.1972,1.3869625359773636e-05,2.547921110769069e-06,3.8311731528697175,0.1793154804036021,0.0213960842760279,1.0492143518283756,0.2674419997282973,0.2313561840683164,0.2674419997282973
-60.82739382982254,0.054030908960849,24168748774.102688,1.0867817841470242e-05,17353795374.503693,6.437840277329087e-06,205813457462.93665,1.252955963090062e-05,4.900496246771762e-06,0.2083363986268491,0.1855933535844087,0.0188400663174688,1.844261540159688,0.2742970928701638,0.3173904101422199,0.3173904101422199
-35.37927608937025,0.027864267504774,3310069358.9917207,1.1564788669347765e-05,6141429353.931016,9.57023837789893e-06,190773953143.50723,1.1404092103242875e-05,1.5423945893362e-05,2.7095618073507213,0.1406459171324968,0.0183411346618086,0.5920293280348738,0.1565476667313176,0.2327360536421132,0.2327360536421132
-33.338705617934465,0.0403205866087228,10600373380.055067,8.850437149405479e-06,10924220562.562992,1.1216774005442855e-05,204655526131.3916,1.0350284405052662e-05,6.546351374993828e-05,0.9549373835181002,0.1149774985387921,0.0143735985597595,1.1144046324118433,0.1294043943924524,0.1672504326714826,0.1672504326714826
-70.4540809802711,0.0162633149558678,7121827672.788258,1.359000474959612e-05,34036368531.930622,4.786622451618313e-06,199381910562.5153,1.3723870392888784e-05,2.062441967227605e-06,0.5912091611977761,0.158307503350079,0.0228070075446739,0.9691307510311916,0.170638131145794,0.3235836144639047,0.3235836144639047
-79.63959978893399,0.0467463539913296,4135335181.468249,1.4182346031069755e-05,55016281023.12853,7.842275276780127e-06,200160114020.1092,1.0835242167115212e-05,5.541451684178187e-05,4.072791974603442,0.1025302498601377,0.0249647108484059,1.374865272434015,0.1131690446665498,0.2698732271444208,0.2698732271444208
-24.18440056964755,0.0212827466754242,17770993819.281506,7.375282771885395e-06,12951290259.33924,1.0413326492533086e-05,195121219158.1726,1.320779052749276e-05,1.7584043230977127e-06,0.1387911563418403,0.1708648323081433,0.0122609208188951,0.792259302728141,0.2564040046772619,0.1720944880756527,0.2564040046772619
-44.53367993235588,0.0590502776484936,5324070205.615336,1.2160908363759518e-05,7347429626.458477,1.2063367364928126e-05,209058259222.6565,1.20466219894588e-05,7.367541868541376e-06,0.345836473210616,0.1981261008419096,0.016430980653502,1.67998951764898,0.2623973327516164,0.3814417889415942,0.3814417889415942
-51.64194788783789,0.0342898001940921,13464425064.144903,9.40451005101204e-06,28341988840.766422,6.1968994364142414e-06,193785254899.4124,1.1918163768947124e-05,2.341474564653328e-05,1.6342985406486443,0.128174086753279,0.0207940557515248,0.6553716593122776,0.1785314376400836,0.1811228501539876,0.1811228501539876
-52.42791414260864,0.0574362760176882,3150465406.443363,1.306943791359663e-05,9369725332.00994,1.057322623208165e-05,197346922028.8097,1.2184923555701973e-05,1.3754370918226146e-05,0.2943966055348458,0.1276061287149787,0.023759083895944,1.044045195728911,0.1923967316789874,0.2772099182266432,0.2772099182266432
-43.89874707907438,0.0329834964685142,22990763203.02073,8.372956991195679e-06,39789990144.626175,7.440672563388943e-06,202308344263.58344,1.1811348594725132e-05,4.368813570666472e-06,1.1758724021245757,0.195984192751348,0.0135228460514917,0.8865021466990038,0.2472767705864972,0.2343615711643919,0.2472767705864972
-26.68051423504949,0.04864797166083,7006534811.433464,1.1087308779358864e-05,20234714489.285927,5.789945179596543e-06,193746594265.10333,1.0943025767803191e-05,1.829364571711767e-06,3.3114415878523284,0.1733919218182563,0.0160434078760445,1.7088648227697756,0.179219568312335,0.2988395699804059,0.2988395699804059
-76.99411211535335,0.022085822308436,10423696738.462135,1.0347250737249852e-05,5253653039.813287,1.221983816847205e-05,208473291918.6353,1.306850527599454e-05,5.81470875999706e-05,0.1045508957677563,0.103494082391262,0.0212395136747509,0.5358269708604707,0.1726959073014899,0.1613166372279382,0.1726959073014899
-71.12288789823651,0.0424172974331304,18063443827.27445,9.87991113960743e-06,8574416257.999555,9.16433930210769e-06,191752705648.54144,1.0488593123853207e-05,1.5072382767166626e-06,0.7539905590432797,0.1608638730831444,0.0200448626438155,1.5109587886074256,0.1765075165824286,0.2651882381642411,0.2651882381642411
-32.586614321917295,0.0172613120824098,4205425012.704376,1.2687460519373418e-05,24221350459.652603,6.593237660825252e-06,206713518425.82227,1.3617063324898482e-05,4.740585103408529e-05,0.4597448067988061,0.1159614560194313,0.0170783788030967,0.601246885701887,0.1441687667628475,0.209822828420332,0.209822828420332
-37.99272075295448,0.0526120004849508,14146531619.25303,7.901835195720195e-06,47141536449.86761,4.947663202881813e-06,198091420996.93417,1.2637351337820292e-05,2.013202712835207e-05,0.1830782995995273,0.1400488729588687,0.0147619275767356,1.2502760747765334,0.2235595821753642,0.1682838525754248,0.2235595821753642
-58.29923626035452,0.0267528852727264,5596869915.475375,1.4657746851444249e-05,15153402895.159456,1.0814046373590825e-05,202817507404.83405,1.1264814004302024e-05,6.3399686376888215e-06,1.89318915925993,0.1834315146319568,0.0223623058609664,0.7345813783115671,0.162200928716429,0.3750499991823701,0.3750499991823701
-63.88728374615312,0.0443811343051493,12691954311.014153,1.2288921467959882e-05,36898709744.46384,1.2703840438276527e-05,190306257568.29977,1.0104555431753398e-05,1.2647862955247097e-06,0.1603758808706465,0.1771605120040476,0.0243769939588382,0.7026134631799519,0.210121374094935,0.3149912512735114,0.3149912512735114
-39.9042440019548,0.0234384972369298,6544275059.382573,9.028479754924776e-06,11857260075.975922,5.571816207841038e-06,205032372586.4291,1.3977165803313257e-05,4.013965429386299e-05,4.495340788889355,0.1463198260404169,0.0124994918433949,1.549791631623672,0.192347537769731,0.2001186476652539,0.2001186476652539
-30.68932242691517,0.0559819426853209,16474388422.12105,1.430630023777485e-05,6649561164.795052,8.482739934697746e-06,198912726100.5342,1.2769426368176938e-05,3.004054020082596e-05,1.8038422091588653,0.1221896848641336,0.0166569555234164,0.8221458050544762,0.1794358392273211,0.2670958156759242,0.2670958156759242
-65.51975075155497,0.0371486646914854,5000158775.554131,7.003250338137149e-06,18766880568.73516,9.788234781473871e-06,203873491194.0992,1.1141030114144087e-05,9.545820810042882e-06,0.3996237537047016,0.1546355954371392,0.0202189349681139,1.3387754647786478,0.2044660851038356,0.1808912051299598,0.2044660851038356
-75.08237205445766,0.0511604579910635,7779282814.60685,8.724391236901284e-06,30647505617.418453,1.185937531106174e-05,195902914460.74844,1.2283316791057588e-05,1.2072334471964196e-05,2.904229160576175,0.1097223604097962,0.0190219051642343,0.9427933236822365,0.1747335973693407,0.1697953448937667,0.1747335973693407
-21.09176803380251,0.0309208443341776,8880113062.019592,1.3967972196638586e-05,7954742987.775042,4.163804717361927e-06,200629640724.50995,1.1657789219170809e-05,3.8002089555083134e-06,0.2485174736762603,0.1671636933460831,0.0176958921374753,1.1584754527719172,0.1736366923456419,0.3274423120493048,0.3274423120493048
-49.50164327397943,0.0381532482337206,3440968959.361587,1.0745830826461316e-05,14056400381.198368,7.080432832241058e-06,194565458856.52304,1.058878269419074e-05,2.8553923851589928e-06,0.7052282358110216,0.1897132392972708,0.0137409521415829,0.545535284887638,0.2177767128628423,0.2658340185054192,0.2658340185054192
-54.32453146204352,0.0186167751671746,19261608861.62168,1.1938758254051209e-05,59638455712.2713,8.947411959990857e-06,209526833407.58084,1.3462308563292026e-05,8.994715759253833e-05,1.0235521042363984,0.1338771309703588,0.0229762502368539,1.980341607285764,0.1378070883444216,0.2635875177950366,0.2635875177950366
-54.47421593591571,0.0593936203513294,7935614056.254368,1.0277813658118248e-05,17033595878.342464,6.132905902341008e-06,198869861420.244,1.3789742227643728e-05,2.0267036750570144e-05,2.1877189289372208,0.145926000457257,0.0248389965556561,1.52562656167767,0.2422992875000219,0.2601514467480401,0.2601514467480401
-49.23385577276349,0.0339246108988299,9062083563.716068,1.1037635393440724e-05,49105140256.20351,1.2140549186617134e-05,203909106757.49185,1.0167223401367664e-05,6.383375681209534e-06,0.2020691793004202,0.1775418329052627,0.0123414080608636,0.5952775044901153,0.1930209499682779,0.2625675706396696,0.2625675706396696
-21.358655653893948,0.0463864003680646,3627883422.9372816,8.251979552209377e-06,27318753125.50289,1.0353723298758268e-05,190036145411.4318,1.1078392893075944e-05,1.5243710829870093e-06,0.5074345382057424,0.153460328746587,0.0163092355346307,1.262402293355788,0.1917857058849852,0.1994910882562144,0.1994910882562144
-74.93175640702248,0.0216205103835091,20321048961.23792,1.305561885237694e-05,8945439081.111073,7.923847505822776e-06,205310039035.97592,1.29568196721375e-05,4.793803132635981e-05,0.8712913731478605,0.1233520646579563,0.0208721607336774,0.7272943972970656,0.1493047182134194,0.2509200366373634,0.2509200366373634
-65.77931057661772,0.0413891560491174,12096598367.4079,1.4717189691960812e-05,5477347750.881647,4.7281270101666444e-06,194525723420.0836,1.1595456950366495e-05,1.7845540056361308e-06,0.1191208133523174,0.1660009197890758,0.0187618617657572,1.031920187999301,0.2168455425540401,0.3496421885933583,0.3496421885933583
-30.546034574508667,0.0152169300662353,6234874009.224828,7.973221570253372e-06,22833995196.989548,1.1297254575416444e-05,209564357511.6992,1.247089297696948e-05,5.673080180944869e-05,3.715931796933436,0.1108972333371639,0.018462979350239,0.8972032465646602,0.134651462919202,0.1419992615190279,0.1419992615190279
-40.04660783335567,0.0529899314045906,16232598915.1074,1.2687603875994684e-05,41419884341.77519,9.507335430011152e-06,195630893763.15475,1.3274701628834009e-05,1.335890728706439e-05,1.3195043994546447,0.1334954170510173,0.0142930125230923,1.6889998193889086,0.1869687036258768,0.2860980286414571,0.2860980286414571
-63.626816887408495,0.0289270862890407,4923585943.692282,9.99503303319216e-06,10537687945.2074,6.51391327381134e-06,200904177930.20605,1.065114523470402e-05,4.242600959204615e-06,0.3354228973327186,0.1901066718623042,0.0229328206321224,0.5423010676152293,0.2211614193474451,0.2613730977976021,0.2613730977976021
-57.980170734226704,0.0450172554189339,18980683487.922684,7.121805474162102e-06,52945855822.36176,7.99915407784283e-06,193469596579.6709,1.199901631847024e-05,2.939923898295491e-06,0.9261844693641852,0.1963837284594774,0.0238318958189338,0.9532357584347542,0.2867521218072604,0.2155187021518371,0.2867521218072604
-38.19368325173855,0.0258818531502038,4417256221.229788,1.4318635351955892e-05,13457821143.14194,1.0008148629218338e-05,208742890283.4654,1.2122499719262124e-05,9.262287879581854e-05,0.6095811438824013,0.1272183109074831,0.0129430398568511,1.1454211294131578,0.1187514894279293,0.2748846256286782,0.2748846256286782
-32.384751942008734,0.0552119686966761,14382344202.008053,9.096463464200497e-06,7068775137.549747,1.2782718505710363e-05,197311896551.4004,1.3130898348987105e-05,1.2375459691743077e-05,0.2148121060304632,0.1046750592067837,0.0152977691860869,0.5515722424559296,0.1846508225869893,0.1395950665196452,0.1846508225869893
-71.44102225080132,0.0353734576888382,5686485227.696521,1.2336141973733902e-05,29459372963.148914,5.229266399517655e-06,202350463885.814,1.0755388330668213e-05,3.895085637601623e-06,2.627957907434607,0.1722230451181531,0.0214765712274238,1.9580456316521555,0.1434521814350779,0.3450431453571185,0.3450431453571185
-76.7849219404161,0.0488054915936663,3090598428.544049,1.1936184965074063e-05,18049252771.79348,7.159344159066677e-06,197816176880.15103,1.3679639726877212e-05,2.970287280684552e-05,0.3565768629487599,0.1171299397014081,0.0193638902902603,0.6953948688331889,0.2092221080422729,0.2173561496612732,0.2173561496612732
-27.005976382642984,0.030373144922778,22562637703.918884,1.0629232615232468e-05,5904815874.804107,8.60482889227569e-06,203090080041.43835,1.0301261086016896e-05,9.439859398969886e-06,1.585024787207253,0.1596825032494962,0.017455481885001,1.566376214308141,0.131427194695669,0.2635690731591469,0.2635690731591469
-43.57236091047525,0.0400172202615067,6648553272.870896,1.3907083615660668e-05,11358572392.921808,1.1375754049047829e-05,191714705899.3578,1.1452176805585622e-05,1.256362286144513e-06,3.9500277800092425,0.1838189386762678,0.0148970262883231,0.8136889925024966,0.1979062694693134,0.3646222655312131,0.3646222655312131
-52.63619728386402,0.01947548199445,9897526164.426807,8.650544352829457e-06,32734983337.40271,4.383753970265388e-06,206753884479.4035,1.2574744649231434e-05,3.9866659287867776e-05,0.1431004268726657,0.1396489434875548,0.0219217510120943,1.3531190341932906,0.1968381430930821,0.1795435133264525,0.1968381430930821
-51.49958450347185,0.0384910977724939,3934731150.5339575,1.2815449073910714e-05,8251532799.715781,9.007565107196567e-06,204378282874.82263,1.1341699045151472e-05,7.784470985217562e-05,3.414355048979797,0.1418144961819052,0.019000927102752,0.5049936865809628,0.1770700519678995,0.2531704091206592,0.2531704091206592
-44.79414634406567,0.018257079035975,16897989709.597576,9.619109608232976e-06,25168994169.84863,6.998311990872025e-06,199651907086.3724,1.2717197082936764e-05,2.474324007385486e-06,0.1014026097667032,0.1844120791181922,0.0178747681481763,1.8327915356239703,0.2480791401419251,0.2479527705480967,0.2480791401419251
-23.924840297549963,0.050795011203736,5235759768.904446,1.4841281287372114e-05,45352612307.66176,4.228348003700376e-06,205777723882.3473,1.3536202654242515e-05,3.291198488249019e-06,0.2855294756600497,0.1586950227618217,0.0137175957914441,0.8631444743616126,0.239281824675195,0.3215155188987034,0.3215155188987034
-79.78288808837533,0.0312641012063249,13235950503.732649,7.601112782955169e-06,15751055295.69623,1.1781644541770218e-05,190817238632.5896,1.0412708226591349e-05,1.045386997215292e-05,1.212425407984378,0.1145776644349098,0.0231590914502739,1.0608367832169807,0.1387682207773186,0.1571128919269038,0.1571128919269038
-70.18719291314483,0.0570450189616531,24504951773.85442,8.126071028411388e-06,9744997026.665537,9.85168640874326e-06,208784142825.7525,1.3020427741110324e-05,8.263162357231758e-06,0.177559359727746,0.1712642726488411,0.0241940531758591,0.7468373314268996,0.3028738279065802,0.2067159670320102,0.3028738279065802
-33.48932171240449,0.0361077729659155,3358286781.998691,1.3433509945869446e-05,38257562297.88857,8.406116917729378e-06,194057157579.80945,1.0897848870605233e-05,2.6022326822334304e-05,1.9519754578319364,0.1021423366852104,0.0125229477630928,1.2164090870125497,0.0952984558665444,0.222588056132113,0.222588056132113
-35.2295920625329,0.0433346635848283,11111299217.644257,1.015565873682499e-05,21038751146.16904,5.630860529839992e-06,200122474282.98,1.1855587352067232e-05,3.479014115844938e-05,0.7773972535201245,0.129354968201369,0.0164779807180166,0.6453415141880359,0.1815934814219791,0.1870055183498777,0.1870055183498777
-61.09518088400364,0.024506809185259,7467990169.417521,1.1411711849272251e-05,5052849317.156764,1.2622810183092947e-05,195161377787.59003,1.2233954012393951e-05,1.094223368184391e-06,0.4458889985576301,0.1969571287743747,0.0202400118242949,1.4231684369690565,0.2119286495774744,0.3516128358800402,0.3516128358800402
-63.00644708797336,0.052252092459239,9521168009.666496,1.3534929886460306e-05,31855624860.48205,1.0856062423437834e-05,207962396722.28693,1.338639198616147e-05,7.318438732726649e-06,1.8598003253234985,0.1906854049302637,0.020021505809389,1.3612283638687863,0.2693876223763464,0.4115197590683343,0.4115197590683343
-40.81783937290311,0.0270906945783644,8342226338.111893,8.774621523916722e-06,7653017440.505992,4.848506042733788e-06,193001309763.64017,1.0507953226566316e-05,2.325539618559222e-05,0.3876113304754155,0.1356267378665507,0.0172612205008044,0.7999421364931113,0.1505217883756101,0.1727408135781184,0.1727408135781184
-27.88592662662268,0.0427606857335194,20655463780.311424,1.156027763336897e-05,14606079141.180014,6.639661015942692e-06,201569096483.2902,1.173766425997019e-05,5.479139494402369e-05,0.1555562530593167,0.1083713821135461,0.014740949999541,1.6633078866323996,0.1448035165915193,0.2020467420284364,0.2020467420284364
-68.29010173678398,0.016896168384701,3689372493.704356,1.0757124423980712e-05,57393795662.54291,9.069589380174874e-06,196842044480.145,1.2360172059386968e-05,1.7388778376930544e-06,4.634759150127471,0.1650352737866342,0.0225411813873797,0.6617346428931535,0.1801156230508945,0.2689587397292833,0.2689587397292833
-74.19439893215895,0.0476069538714364,6133939813.655462,9.470556251704694e-06,35487725350.855064,1.2265154844149943e-05,203558977283.5373,1.1190090402960775e-05,6.710694594570115e-05,0.6840118667114317,0.1208066636696457,0.0235801087999716,1.866542018886936,0.1564932233802622,0.2208531807891035,0.2208531807891035
-22.012900412082672,0.0231486008595675,11894983878.23017,1.2214033901691437e-05,12328655359.555176,5.69628369808197e-06,198598501570.5228,1.2813635770231483e-05,2.1139239523039424e-06,1.0552687277838464,0.1524659777060151,0.0135439231982454,0.585147878787634,0.178868352704491,0.2476135230790452,0.2476135230790452
-46.69102160260081,0.0585048052249476,4686181829.639613,7.499651864171028e-06,6393342295.366713,7.4815990999341e-06,207221905570.47723,1.393195764347911e-05,5.045549067147821e-06,2.994244215872679,0.1781403090804815,0.015860467383638,1.1278583149411734,0.3062872432477375,0.2067575345705078,0.3062872432477375
-57.10227997973561,0.0319370713457465,15441421719.289436,1.4192712642252446e-05,19518881045.52482,1.0475174678489564e-05,192495463024.8249,1.0056509636342528e-05,1.588270294263401e-05,0.2410391705108365,0.1480862196534872,0.0212629693038761,0.9578745345981786,0.1350826867041293,0.2944536778357748,0.2944536778357748
-56.45577842369676,0.0470984766958281,14085152828.05713,1.1354394629597665e-05,10218242799.69786,9.245583320967852e-06,206238545570.5225,1.05773984529078e-05,2.620241000646978e-06,2.117454432771429,0.1113481337204575,0.0176689343210309,1.1758300878722934,0.1274831060581089,0.2185203228248876,0.2185203228248876
-47.22348278388381,0.0209318242594599,5569505518.291557,1.007820377498865e-05,42611644258.23566,6.744916555471717e-06,190965547803.78937,1.3450009241700172e-05,8.318022421603205e-05,0.1634341591665813,0.1680158400908112,0.0196074940934777,0.9363775003008789,0.2435088474188046,0.239894612900559,0.2435088474188046
-23.12047727406025,0.0587008130969479,18134041297.43636,1.3363875143229962e-05,22094832019.438,5.024484996683895e-06,204854970723.39056,1.230440377444029e-05,1.1070554962585236e-05,0.4637284561154617,0.1876049902290106,0.0221399639965966,1.9248924683996889,0.238951032074322,0.3911346382551982,0.3911346382551982
-73.19971803575754,0.034643552256748,4219808639.397406,8.076573908329011e-06,5619584007.670713,1.096133294980973e-05,199816088378.4294,1.1676006983965636e-05,3.516840618104945e-06,0.7461760380510136,0.1325547154992818,0.0151358691556379,0.5658772763242075,0.1901378467128005,0.1588214404430382,0.1901378467128005
-67.76792548596859,0.0536786135053262,7074313213.220276,7.665022782981395e-06,9172077844.700363,1.0650090874172746e-05,200605268031.3587,1.2756152421236038e-05,2.5019777028905963e-05,0.1085477090609778,0.1751606957055628,0.0131358622163534,1.5943806760055694,0.2902839778127696,0.2093233568883784,0.2902839778127696
-28.528551943600178,0.0282150166667997,10529629765.693945,1.4892614126205445e-05,26450192219.706814,7.587933457456528e-06,195331660211.08627,1.1130624312907458e-05,7.873673465490883e-06,3.197517686358544,0.1451088950969279,0.0239945668112486,0.6773829851087951,0.1318224508460143,0.2994637525150994,0.2994637525150994
-41.81551048532128,0.0406702187145128,3102781969.1697907,9.678247347474098e-06,50486901238.91686,5.871146350167691e-06,209238858614.1169,1.0123751755803823e-05,1.0520113010064866e-06,1.283218842078126,0.1238777331076562,0.0216646330384537,1.3190821088376603,0.1310562963245208,0.2008103178021747,0.2008103178021747
-61.88764026388526,0.0159097306150943,22655178508.48947,1.2887163914740088e-05,16527094740.475878,1.2371542745269831e-05,194199365619.57,1.3997278042137625e-05,3.3148540883274186e-05,0.2705108882734855,0.1555469653569162,0.0154652011143043,0.8277417333236432,0.1919029730100142,0.2928095189814622,0.2928095189814622
-59.97569501399994,0.0545218717306852,3466950195.895726,1.4009917512536053e-05,33830113286.27513,1.1606731514446436e-05,201424437500.53644,1.2649465676397083e-05,2.099447227606068e-05,1.1446010151562445,0.1617691454477608,0.0182733556143939,0.6102797818278602,0.2439881686904271,0.3189095890156008,0.3189095890156008
-36.22702669352293,0.0360841124458238,19417779758.58213,7.29768792539835e-06,11071081295.330025,4.122010511346161e-06,196384896822.2737,1.127589113265276e-05,6.666622257966536e-06,0.6295174346309604,0.1176556018181145,0.0185960417408496,1.5008671305728332,0.1514487462211384,0.1416410982912443,0.1514487462211384
-34.13123847916722,0.0457320286240428,7773631505.521325,1.201987486332655e-05,6089415357.443949,6.823448349721729e-06,207794546168.29755,1.0470678597688676e-05,1.5698491479821693e-06,0.2507146136500596,0.1388318325392902,0.0227416097884997,0.7139829921322041,0.1693051484685065,0.2421718629035736,0.2421718629035736
-69.66480968520045,0.0251848884718492,8877978086.020569,9.295565962791443e-06,17544457953.565372,8.901178228668869e-06,192520966958.2545,1.359615756943822e-05,4.991227819978929e-05,2.874313112957847,0.1814378078095615,0.0141287792185321,1.2967318358888495,0.2413448160123552,0.261375699907268,0.261375699907268
-78.78795640543103,0.0393065614812076,16300775417.95326,1.0945533864200115e-05,28653100587.80115,1.2446812973357735e-05,207060156147.92703,1.0953128330409528e-05,2.299900516839976e-06,0.4149761428019585,0.1262776037678122,0.0121248065922409,0.9121235277234953,0.1534239851228814,0.2181404791575278,0.2181404791575278
-25.031752418726683,0.0201655856659635,4945069783.280723,1.173709410429001e-05,7285407672.31038,5.525608292780816e-06,192021226119.2501,1.3081597995012998e-05,7.235705122748993e-05,1.7418841053918417,0.1938820531591773,0.024598591376096,1.0065967523192547,0.2060803825974345,0.328207128139308,0.328207128139308
-45.326386243104935,0.0495024602953344,12874545874.489613,8.959258154034614e-06,13125279610.967505,8.230139120481906e-06,203408217169.3444,1.2164996299892664e-05,1.7279103907990066e-05,4.904833947556192,0.1742379710078239,0.0206571463728323,0.5278779229502433,0.2637744244699794,0.2117116698086054,0.2637744244699794
-50.85238870233297,0.0296583650121465,6634793451.930595,1.3731159426271915e-05,54684453846.99691,9.74641475919634e-06,198135248012.8408,1.1792459383606913e-05,5.440000393203948e-06,0.1473554629118086,0.1051259532570839,0.0160672436347231,1.7204232677919065,0.1237013017908409,0.2334718307629789,0.2334718307629789
-53.509750068187714,0.0515112006990239,21799036096.483723,9.8023389428854e-06,5221938124.299678,5.404265810735523e-06,190495745800.43555,1.2056724537163972e-05,5.710658772195855e-06,3.526024403277724,0.1013984738849103,0.0133543240642175,0.7804938618583075,0.152103562293371,0.1578643396555115,0.1578643396555115
-42.81284850090742,0.0305685526505112,3894257417.058843,1.2515055127441884e-05,20506440987.05681,1.2888968574814495e-05,205457128100.0972,1.1931256473064423e-05,1.7968833074560506e-05,0.1253156631510502,0.1689563780091703,0.0234143133768811,1.384186916437355,0.2134384188187729,0.3208570705059725,0.3208570705059725
-25.65669985488057,0.0377996705146506,9642252925.408852,7.792867980897427e-06,39453946757.33709,1.0183201651088892e-05,199347770567.9834,1.0815314926207066e-05,4.288830561539407e-05,0.3122958439693875,0.1995564603246748,0.0210717834495008,0.6743168273392313,0.2506373746851871,0.2168503465596195,0.2506373746851871
-78.02130250260234,0.0189664033334702,8446925925.973094,1.4516690701246263e-05,9472538096.75774,8.105350536294281e-06,204074508156.6274,1.3188901331275702e-05,1.3515845201347732e-06,1.4150647962059766,0.1303933315910399,0.0156962590683251,1.619722751318946,0.1054009468304698,0.3022632765036588,0.3022632765036588
-72.20489727333188,0.0440302161639556,4553115154.925809,1.3241720221936703e-05,15319826681.276327,4.559870823286473e-06,196112467404.45496,1.0362398728728296e-05,6.456447870920562e-05,0.1951310432183537,0.1870861787348985,0.0170446440214291,0.5754188781191989,0.2218550647756506,0.3241602966621881,0.3241602966621881
-31.50042785331607,0.0237906129844486,15001452470.170944,8.450650364160538e-06,46742083804.17783,1.148088774923235e-05,201073239054.53085,1.3734947506338356e-05,2.049324482810732e-06,2.271667356238459,0.1429245758801698,0.0197811256190761,1.912817210555064,0.1895496553539932,0.201578957701443,0.201578957701443
-36.96896180510521,0.0563356906408444,5910027067.503775,1.1228486105799676e-05,24546841458.43991,8.78096066508442e-06,194981659315.5265,1.2511645119637251e-05,4.828355999590779e-06,0.8005136136992618,0.1139543460682034,0.0223261916283518,0.9836955525763836,0.1773143292868978,0.2154547295440614,0.2154547295440614
-59.32602789252997,0.0367992069292813,11461871270.605013,1.045609486848116e-05,8522411150.384274,7.264462939463555e-06,209707786850.63123,1.1383186362683772e-05,1.5340670413216612e-05,0.5536693984841,0.1565107243135571,0.0144989827014505,1.1069554161727218,0.1858527033407048,0.2480261725729779,0.2480261725729779
-64.97335398569703,0.0420664621889591,5300962346.961406,8.58335082232952e-06,18926992873.2838,7.74773180950433e-06,197166016269.4752,1.023081187531352e-05,9.377642926685191e-05,1.5042107192472052,0.1502816848456859,0.0127364248009398,1.7860410748317737,0.1561757317842454,0.2144505370139346,0.2144505370139346
-38.8221219740808,0.0176136936200782,13398627857.454657,1.385905123502016e-05,6577232356.507438,1.0248588475398718e-05,201892096120.86417,1.3859219573438168e-05,2.949885724595872e-06,0.3751624994163634,0.1201833389699459,0.0244376815808936,0.5142280214493681,0.1588025578328356,0.2464991646561053,0.2464991646561053
-29.662418141961098,0.0529654990788549,4151491189.43888,1.0573380134999752e-05,11929443792.825958,1.1964414144866166e-05,193302967324.8529,1.289519463479519e-05,3.943803932126257e-06,0.1332188782961051,0.1491962937638163,0.0204582497980445,1.0794072609378595,0.2419259756581132,0.2396933225533691,0.2419259756581132
-66.54339347034693,0.0264033389138057,17831819730.802185,1.1861171275377274e-05,36408911968.74506,6.027790424413979e-06,208263767585.1584,1.1022595707327127e-05,1.2418047930023693e-05,4.235556617402702,0.1808144150301814,0.0167168485745787,0.8416303686134673,0.1686164904477775,0.3112840056756474,0.3112840056756474
-76.16838686168194,0.0577872840128839,10702901280.894913,1.2397721253335477e-05,58848490093.05853,6.3389128735288975e-06,191551736369.72903,1.2411455787718296e-05,9.157394972965606e-06,0.5885850938655531,0.1366650956682861,0.018067615496926,1.194617393009363,0.2032151833587034,0.2800259289155377,0.2800259289155377
-20.010044761002064,0.0326312881847843,7194222740.722746,9.169643253088e-06,14141839896.533642,9.401086383499204e-06,206278426274.6573,1.1537941362708807e-05,2.907442069668137e-05,0.9616026811704874,0.1932847428135574,0.0191636230843141,0.7664864909329305,0.2326833954739197,0.2504050097599521,0.2504050097599521
-48.47456553950906,0.0482943055126816,23802910738.409767,1.4384010300040246e-05,7868440006.39749,1.112220472190529e-05,197666636873.03665,1.0716433513909578e-05,3.867306880219579e-05,2.4147871466713147,0.1627273847348988,0.023347177863121,1.4594921704936024,0.1567733594659997,0.3664753316448884,0.3664753316448884
-55.34846207126975,0.0224352009454742,3261762082.883015,7.175579853355884e-06,30908681592.48233,4.621927416883409e-06,202628047782.92776,1.3341972529888154e-05,1.2297586229603432e-06,0.2344109554574236,0.1076275129802525,0.0138850523214787,0.6341592158660025,0.1762782214243084,0.1110176778960755,0.1762782214243084
-54.84260929748416,0.0405678360303863,22118397894.627823,1.3803457006812096e-05,43619294568.773926,7.190417081117629e-06,200249080285.43,1.322393899783492e-05,3.624373827538272e-06,2.744889778862213,0.1727323990315198,0.022441058226861,1.0750366976016186,0.2281255448907831,0.365415019217601,0.365415019217601
-48.83296119049192,0.0161149813793599,3030856261.253149,8.512022562325e-06,10277486253.843151,8.556182539090513e-06,195054226890.2064,1.0850459821522236e-05,1.151859756227468e-05,0.2623989188694811,0.1035677384585142,0.0148418759396299,0.8565857202677083,0.1115277754926247,0.1337189193939822,0.1337189193939822
-20.57346846908331,0.0542781704524531,10111334474.644638,1.1789797507226468e-05,5815425634.45783,1.1406823081895708e-05,208969302494.0789,1.1903947204351423e-05,8.620524403333006e-05,0.6588591364710942,0.1279177973046898,0.0171583209428936,1.759665460221207,0.1622617533807412,0.2602927987033686,0.2602927987033686
-75.75036033987999,0.0277159245405346,6796751236.444043,1.0517770379781724e-05,22411578089.318848,4.335103191435336e-06,193852237630.6355,1.202946050837636e-05,2.735452273864801e-06,1.0930562643116766,0.1954772332683205,0.0201236211843788,0.5177227759423068,0.2529284737651159,0.2794114867303572,0.2794114867303572
-66.15478675812483,0.0592754363967105,4323076220.001074,9.238894365727902e-06,25542860334.65179,8.030162492766976e-06,205885333139.44937,1.1418323926627636e-05,3.2129454096678625e-05,0.1495882019401395,0.1403650945983827,0.0211611646478995,1.4654073480908083,0.2097662904232861,0.2170408732817198,0.2170408732817198
-30.13805717229843,0.0341195261478424,18567774306.47094,1.2451486378908155e-05,9047549686.96754,9.959574561566114e-06,190689869094.64,1.2546705853194e-05,1.0122458010051811e-06,4.8295336256978985,0.1829199529252946,0.0159630810180679,0.6230917903844012,0.2300818216522485,0.3092422451417845,0.3092422451417845
-39.26852850243449,0.046971503351815,5800969639.512136,7.22936050593853e-06,16136046638.073551,1.2813713643699884e-05,204583659991.622,1.3707676146179435e-05,7.6057900612364445e-06,1.715151883274877,0.1601996988989412,0.0134425129704177,1.2125323349672985,0.2613007270380676,0.1892325244379158,0.2613007270380676
-64.43831296637654,0.0211124846991151,14663268481.958448,1.4453306920826436e-05,50228006489.45332,5.1806795913726085e-06,199465985074.6393,1.0335112527012826e-05,2.3938641522831463e-05,0.4212615416266903,0.1160396159626543,0.0236807410437613,0.7613029512813665,0.089418969523489,0.235330048422443,0.235330048422443
-58.83493799716234,0.0500223180837929,6372873592.383213,1.258446054160595e-05,11135242958.78796,4.837743863463401e-06,207407760825.0081,1.10499126650393e-05,5.152164438612504e-05,0.7125314379286987,0.1223113874904811,0.0230545934764668,0.6643517245847499,0.1647691899303164,0.2350026281445533,0.2350026281445533
-37.37141720950604,0.0290795844560489,12359812963.289736,9.856010802090168e-06,34630186170.78532,1.1205203374847769e-05,192290152665.2277,1.2922435715794565e-05,1.6378662694724855e-06,0.4853713518578983,0.1539279769174754,0.0138212848352268,1.6307478433299154,0.1953558854133522,0.2373409514519026,0.2373409514519026
-32.04931756481528,0.0391244903672486,4829154611.42721,1.4570316575467586e-05,17796013154.386932,9.616965023800728e-06,203686356358.2301,1.3824128560721874e-05,6.858280134228139e-06,0.1710609118167189,0.1766909551806748,0.0177762186080217,0.777341824426713,0.2712612636599547,0.3499827071835227,0.3499827071835227
-71.7430398799479,0.0202911372715607,15910552029.975258,7.862258344888686e-06,6301615600.008024,6.421875350177287e-06,198490882776.6776,1.0195705067366362e-05,2.178095517159193e-05,2.021991023717816,0.1465941411443054,0.0191002545785158,1.4087683417079369,0.1333845782723171,0.1856909823209405,0.1856909823209405
-77.64722978696227,0.0455309458449482,9239760321.676544,8.394901357591153e-06,7186477569.887692,6.242457712069153e-06,201773949675.262,1.3369205802679062e-05,5.2642447906220114e-06,0.2746242535502735,0.1892481863498687,0.0201401768149808,0.9984368590576485,0.3195680231756426,0.2376242595024963,0.3195680231756426
-26.176169756799936,0.0252914287475869,8094787657.039639,1.3170485705137254e-05,27670266998.434013,1.2048570808023214e-05,196656951569.02075,1.0743773061782122e-05,1.6580465858477446e-05,1.2634517935965115,0.1341467946767807,0.0165770129961892,1.0994810178391363,0.1021016232235947,0.2630802248350062,0.2630802248350062
-43.24449215084314,0.0550223748665303,19877528099.116257,1.0384875401854517e-05,54404163147.07938,1.0463279534131288e-05,208069557156.4138,1.1502826746553183e-05,7.041290437282492e-05,3.148244736681692,0.109839460812509,0.0124195430930703,0.5777570986901465,0.1575094907347414,0.1670906392292804,0.1670906392292804
-52.93064929544926,0.0354859769018366,3550791346.11094,1.1172783084213734e-05,12814691593.905416,7.831873016431926e-06,192874694224.44705,1.2376387365162372e-05,2.214324681074731e-06,0.1101988960838628,0.1664606278762221,0.0242982419803738,1.8794146282873785,0.2398316433888195,0.2862471100183725,0.2862471100183725
-50.43539393693209,0.055844671963714,11763465341.66066,7.353284195065498e-06,20826611775.277832,1.2173181025311349e-05,195835625361.6512,1.1640641074627638e-05,1.4015303227809444e-06,4.299806719868218,0.1643195846118033,0.0213728804886341,0.7168911667228307,0.244328817719122,0.1852305409257859,0.244328817719122
-45.89083813130856,0.0374068265967071,6062452219.837555,1.4081243969500063e-05,5397587716.149754,5.805840604007244e-06,200718901436.7759,1.2269083105027677e-05,4.414930519906488e-05,0.1311597351073147,0.1092708298005163,0.0154022688549011,1.2741284504527035,0.1494724255170504,0.2382594182810551,0.2382594182810551
-25.391176249831915,0.0442438729712739,15653479001.740398,9.36693798750639e-06,9515568982.167269,7.389621123671531e-06,194632757492.36343,1.3477478548884391e-05,1.873819362607667e-05,0.369367127671546,0.1351099564693868,0.0128437140760943,0.619445096011153,0.2217432697278719,0.1724203527308146,0.2217432697278719
-78.2831353880465,0.0236966470722109,4748511262.128385,1.2075486600399018e-05,40434721873.38896,1.0584726890549063e-05,209437563158.5717,1.0604974988847972e-05,5.898534785311841e-06,1.5270142289425976,0.1917761429212987,0.0239304436640813,1.4907471914889754,0.1386567926044264,0.3723426571003647,0.3723426571003647
-69.1305679641664,0.037993886838667,8227730448.241767,1.1667841009795668e-05,46557397901.05105,1.0764023829251529e-05,190221879072.48737,1.3961950041353705e-05,1.4777101579768674e-05,0.2238530506740493,0.1475772323086858,0.0218227204289287,0.5257292157454698,0.2608071009338641,0.2441658342272295,0.2608071009338641
-34.57844788208604,0.0188529966026544,9396663756.511292,1.0891770482063294e-05,14938669983.606705,4.958134965971112e-06,205104545094.0728,1.0088408913463354e-05,4.695642993030933e-06,2.527584914386164,0.1792479963973164,0.0149968596026301,1.7509590734128944,0.0975247156215497,0.2849387039062786,0.2849387039062786
-36.70346859842539,0.0510010845260694,3730792691.791853,1.3677380576729776e-05,8396844651.791658,6.547609413042663e-06,198997114133.0897,1.115819351747632e-05,1.967428282701104e-06,1.0065297194925868,0.1517668101936579,0.0173512913854792,0.8986354729696302,0.1791993494914065,0.3050438631155208,0.3050438631155208
-59.58788760006428,0.031157075157389,20895346280.33974,8.88995949178934e-06,23734640147.56848,9.17920583114028e-06,203801309149.7123,1.2783644795417786e-05,6.243889116901494e-05,0.5620698736511472,0.1217134777456522,0.0194672966552898,1.0134159569983037,0.1804183702329076,0.176850936548282,0.1804183702329076
-61.4265857450664,0.0484117943979799,3402650450.9643,1.000880016386509e-05,6798485899.146538,9.803100271150469e-06,191822436749.93515,1.3568634916096926e-05,1.2970472951682756e-05,1.4364292418642823,0.1154363734647631,0.0207712362948805,1.9537802365419648,0.1814781855805479,0.2189712051634804,0.2189712051634804
-42.365199495106936,0.0222450563823804,24843684380.6087,1.1300720728933811e-05,19222457897.916183,8.437112726271152e-06,206626698523.75983,1.0443140149116516e-05,4.08465339381321e-06,0.3074902811532766,0.1580438686534762,0.0164093571938574,0.562067670202525,0.1527526725303039,0.2440238051638301,0.2440238051638301
-28.93180664628744,0.0572000866848975,7381610228.088464,8.022946052253246e-06,37313902952.67156,5.582286864519119e-06,198021680358.7973,1.1311264730989934e-05,3.070789038030442e-06,0.1233861768062813,0.1854701228439808,0.0122392911845818,1.1806319193080754,0.2586255748075531,0.205881924293998,0.2586255748075531
-67.27763846516609,0.0331427399301901,10987464618.115105,1.329448652267456e-05,11983664059.018105,1.2653819000348448e-05,202904336843.6396,1.268476339802146e-05,9.65829100134969e-05,3.579293302997941,0.1413550592958927,0.024941897614859,0.9200457444705148,0.1780649302111095,0.3082529764470657,0.3082529764470657
-72.62164544314146,0.0523537969216704,17096588439.045273,1.4948361389338973e-05,13790024144.13454,8.958913657814263e-06,197438624147.3257,1.1764913126826286e-05,1.1760380302815249e-06,0.5287591074619142,0.1979983155615627,0.0228302054964005,1.299562383104085,0.2407822821969693,0.4585481984619871,0.4585481984619871
-23.55315268039704,0.0268902861652895,3978360195.788988,7.736259281635284e-06,58615830817.30397,7.0293803531676526e-06,202243496570.7361,1.213749623671174e-05,3.738085873470284e-05,0.8378639298814687,0.1288878296501934,0.0143948186803609,0.8333581046597136,0.1703255828626387,0.1465263427621972,0.1703255828626387
-47.74398444220424,0.0421591032575815,13061077642.554354,1.2958385422825812e-05,29885910078.616623,4.179701248183846e-06,193654882609.8442,1.3116887908428908e-05,2.796160344896622e-05,2.377636429921792,0.102993771713227,0.0183623486077412,1.587907587662901,0.1380207222211372,0.2353478407332477,0.2353478407332477
-56.08273388817906,0.0173987009050324,5164610796.825175,9.733948566019536e-06,7752527282.747346,1.1812717061489818e-05,208538149148.22577,1.0988524518907072e-05,8.881464433254164e-06,0.186353581873355,0.1705966892652213,0.0188632704922929,0.6893985764444571,0.1832410271162811,0.2402778520161846,0.2402778520161846
-56.61106849089265,0.0535660942923277,5054469963.57328,8.812622740864755e-06,47885005554.90533,1.2547584437765178e-05,194795718081.2955,1.0377578351646662e-05,4.6438068713395256e-05,2.669130595804788,0.182298154104501,0.0168206415949389,1.6700700760110667,0.202973120047982,0.2742005911721656,0.2742005911721656
-47.09336971864104,0.0284046104969456,16655640243.893812,1.3619945146143436e-05,16966859922.147997,5.40727090742439e-06,209913030304.01468,1.3501149490475654e-05,1.4609873702058756e-06,0.2115964173732207,0.1381792758591473,0.0203536540465429,0.6501812432411265,0.2028893988671547,0.2649515972970083,0.2649515972970083
-22.561668530106544,0.0412606431171298,6507582182.327305,1.084215521067381e-05,8649084475.680605,8.33089757617563e-06,195985155235.976,1.274447613209486e-05,6.204432311189139e-06,0.6004591947628901,0.1187121960334479,0.0245371096432209,1.3816318144618769,0.1684906947925875,0.2192327069195205,0.2192327069195205
-73.73243425041437,0.0153960401890799,12619043735.96739,1.1598324358463287e-05,26915097180.342228,9.628064901567996e-06,201180943828.0761,1.1368992816656828e-05,1.9533466179985423e-05,0.9406898760208208,0.1613112988881767,0.0126377808731049,0.7945423286618243,0.1321962695675387,0.2745663787875655,0.2745663787875655
-67.91613630950451,0.0462828214187175,19798935365.60313,1.2127189569175244e-05,23601057543.515102,1.1707567754201588e-05,199142984282.22537,1.2198908776044843e-05,4.384643222875748e-06,0.1367181050255872,0.1061686022207141,0.0139839806230738,1.1233056622285391,0.1614233609701912,0.210255129651378,0.210255129651378
-28.405518122017384,0.021824554153718,3536412405.304795,9.43047785758972e-06,5562630526.175088,4.003601108677685e-06,204259687047.4517,1.1820434767752889e-05,1.3923058350419411e-05,4.136460300610287,0.173769230954349,0.0232474406315013,0.9748884133445292,0.1850619170817125,0.2389014930878227,0.2389014930878227
-41.24959031119943,0.059994373563677,8683982488.490475,1.415258873999119e-05,10799999019.763245,6.92428043205291e-06,190388499386.6086,1.0925150569528342e-05,5.830039324785429e-05,1.6598437669198989,0.1947318382561207,0.0192677113022655,1.83896419478974,0.1985629442515813,0.4205685228283985,0.4205685228283985
-62.42746790871024,0.0334267257666215,7608642282.872563,7.4127920046448705e-06,41609419766.72292,8.782764132134615e-06,205583676733.07657,1.3047684080898762e-05,1.853622987225345e-06,0.3406715316514225,0.1256114341318607,0.0179643052145838,0.5891320214247677,0.2115909589676116,0.1385071698192407,0.2115909589676116
-60.58943539857864,0.0398145871656015,10322414811.53526,9.53211046755314e-06,13405062954.025845,1.068987936619669e-05,197540116850.2867,1.2332946475595237e-05,3.779843212560396e-06,0.8848835543306742,0.1318404259160161,0.0157972857886925,0.8760914210865168,0.1899111886589726,0.1980279190918519,0.1980279190918519
-35.5881093069911,0.0195804826822131,6937494293.063535,1.2775464452803136e-05,51630411706.49102,7.565718128345906e-06,202735265586.5252,1.1710332281887531e-05,1.1895102846716216e-05,0.4998712842711847,0.1885027976706624,0.0209715657075867,1.053664716692332,0.1616596140502016,0.3477982650661395,0.3477982650661395
-34.05285270884633,0.049307545046322,23144438552.469044,7.561143212020397e-06,29024156466.69453,5.910939536057413e-06,191366509795.1889,1.0543075531721117e-05,8.937714782549751e-05,0.1990562414604465,0.1674974653869867,0.0235165325347334,0.5070413842453662,0.2286370718175526,0.1663509693295777,0.2286370718175526
-69.76928798481822,0.0297765489667654,3171963207.181253,1.4754328131675722e-05,6834576577.485081,1.2349331573583184e-05,206483260244.1311,1.342146797850728e-05,2.816242187751452e-06,2.221859803185865,0.1124403182417154,0.0132513269223272,1.800811372571437,0.1154155930672308,0.2839376168968912,0.2839376168968912
-79.39415978267789,0.0557330334791913,5450637492.839357,1.3471665494143964e-05,5996740154.48898,9.28543712478131e-06,193195291161.5372,1.0029185108840469e-05,4.112906728511681e-05,0.320480683178461,0.1550395824946463,0.014601495555602,0.6358134401412324,0.1845737755320375,0.2939583390448855,0.2939583390448855
-24.4003720395267,0.0347958733979612,13779047882.294464,8.210992991924287e-06,18655625487.264503,6.722628672607243e-06,208391051143.40784,1.390470887348056e-05,1.3056514598837955e-06,1.3817058731959635,0.1249839612282812,0.0222244815537706,1.4328433069822122,0.1973079771580153,0.1709819971621639,0.1973079771580153
-45.240431278944016,0.0448339773109182,4304877800.726785,1.1496587827801703e-05,32884854997.70496,5.064351272769272e-06,196960725132.37595,1.2848719213157892e-05,9.77150097186679e-06,3.891079262329829,0.1444083168171346,0.0198816540800035,0.7438148283113126,0.2141736868743411,0.2434183216645553,0.2434183216645553
-50.96443619579077,0.0260062084905803,18487761008.48912,1.0193799234926702e-05,11641289876.795784,1.0939058075658975e-05,202078085038.81097,1.122518952190876e-05,3.104166993291928e-05,0.1138149324350168,0.1760691626928746,0.0169433313775807,1.2380281677650309,0.2121508624165982,0.2598358855985646,0.2598358855985646
-52.17526435852051,0.0435276836436241,7289186602.619459,1.4280632361769675e-05,24828331418.04145,6.316637597046792e-06,209131041783.83948,1.2992155361920594e-05,1.000776965526372e-05,4.4282545284017525,0.1797721326351166,0.0142289984617382,0.5493347112642019,0.2550197626983287,0.3349759897696004,0.3349759897696004
-44.1221572086215,0.0243921954603865,10850956834.898191,7.036792226135731e-06,7968815198.952934,9.440952257253229e-06,194326484668.9999,1.11137433052063e-05,3.177436411357377e-06,0.1628857228211772,0.1496654003858566,0.0226405815668404,1.992781883703884,0.1887398337700634,0.1695490540476471,0.1887398337700634
-27.40935267880559,0.0565360990539193,3224053703.2374315,1.2251113258302214e-05,15669765807.824396,1.109991616848856e-05,200399831458.9262,1.0139661885797978e-05,2.376784057929608e-06,0.4058785244022278,0.119333872757852,0.0186990373814478,0.9391316800123858,0.1399104978084485,0.2335878869395758,0.2335878869395758
-76.2947422079742,0.0366975024668499,23537487131.713947,9.058414906263352e-06,44278056976.07437,4.661780550144612e-06,195517489388.58508,1.3762257423251868e-05,7.55788807521239e-05,1.776919225394581,0.150948173366487,0.0181711379578337,1.1531968161580617,0.2395353043789968,0.2162332827238904,0.2395353043789968
-70.86284236982465,0.0503055321145802,13556401499.680408,1.0716078780591488e-05,38478087303.72297,7.725521040149033e-06,204728310033.67905,1.068650357425213e-05,1.14426420122094e-06,0.2448050425518098,0.10676762862131,0.0161689522080123,0.817014615522935,0.1448512427470315,0.1833553263858665,0.1833553263858665
-32.817305754870176,0.0318732711905613,5359620892.908795,1.1976261287927628e-05,9975106722.541056,1.0288382063619791e-05,199923141673.20728,1.3310014609247446e-05,3.599460134303311e-05,2.94963529280266,0.1633804033510387,0.0205546350199729,1.3295213565460529,0.1993274568051636,0.3067247444193934,0.3067247444193934
-38.71407762169838,0.0387032149918377,17595763122.789413,8.690666243433952e-06,5125504730.157186,1.1942199486307798e-05,206053173560.6492,1.2443416099995374e-05,2.706027458040724e-05,1.0395567627717004,0.1922285628505051,0.0246999055212363,0.705832383345841,0.2786008969201203,0.2471936289710785,0.2786008969201203
-57.60700460523367,0.0181615628069266,4095184183.577644,1.3993945248425009e-05,21772878686.35404,6.067579586990177e-06,191170222032.8152,1.1567872725427153e-05,8.520610745813859e-06,0.6946920166867627,0.1371233564801514,0.0120242766300216,1.5558361869942603,0.0848945283603235,0.270416312314603,0.270416312314603
-63.20971483364701,0.0578943100618198,14835735711.7531,1.11246325224638e-05,7390823947.632284,4.441456324420869e-06,203203571550.54807,1.0782942276448013e-05,1.6770026317642877e-06,1.1583262934183909,0.1309012240730226,0.0152404632121324,1.2437369534565696,0.1613494016587765,0.2389314822451487,0.2389314822451487
-40.61093812808394,0.0324252148624509,4500005982.925734,1.031780005246401e-05,31424383982.502617,1.158171942923218e-05,198320591412.48465,1.3158405981957913e-05,5.322937098565973e-05,0.299003251826399,0.1984507418237626,0.0220361726712435,0.7322238803640666,0.2926494291429483,0.2923566922273117,0.2926494291429483
-30.905351117253304,0.0476983879460021,11619207805.306898,1.3095590256154538e-05,56033811566.77712,8.66255059186369e-06,206953055169.4333,1.208721749484539e-05,2.2302580441070927e-05,0.1061866838344838,0.1696575135923922,0.0197061397163197,1.5194215860208953,0.2379259523420012,0.327599121766243,0.327599121766243
-65.27436796575785,0.022932411879301,5988670264.9933605,8.338930636644364e-06,14530733185.816029,7.3652985086664545e-06,192147934492.67743,1.1963627699762584e-05,7.085976814909804e-06,3.26203509540422,0.1004905642010271,0.0175695045636966,0.6058442877554461,0.1373137415734437,0.1316019166926807,0.1373137415734437
-74.39763627946377,0.0428766243020072,3840723562.350896,7.93506809324026e-06,12619803172.538383,5.28591635543853e-06,207608745601.0282,1.260225973278284e-05,1.6486957276910597e-05,0.452877883935252,0.1572252374142408,0.0155649400409311,1.714368976084547,0.2338197271938516,0.2029124671245072,0.2338197271938516
-21.80597234517336,0.0167044842336326,21514459372.399376,1.4632265895605087e-05,35692199823.97904,1.2989727432839571e-05,192726374920.4576,1.1479707565158606e-05,5.187685815103111e-06,0.765777469640488,0.1130567621439695,0.0215657030418515,0.5386462620323181,0.0923121828590859,0.2375472929631453,0.2375472929631453
-49.71041927114129,0.0516664454480633,8541983922.11741,9.910155281424522e-06,20199926270.66304,1.006486493628472e-05,201297270767.39072,1.0265879917889834e-05,2.2017979104106743e-06,1.922781222651761,0.1434432217851281,0.0240978753985837,1.0361267942871184,0.1693977288753158,0.2351448424231058,0.2351448424231058
-54.08651581034064,0.0276036859117448,9753976068.875631,1.2649465389549731e-05,6485288156.366729,8.20612267125398e-06,196492761336.267,1.3644334316253665e-05,6.938765631252729e-05,0.1803441103833242,0.1859942654147744,0.0130317756934091,0.8815658130313396,0.2640103900726191,0.3228232840252535,0.3228232840252535
-54.03218610212207,0.0427904141647741,6769649922.457193,1.1151348307728768e-05,7332476294.1957,4.6574035454541445e-06,198278530091.0473,1.0118771955370903e-05,1.195609951527719e-05,0.9523825619588678,0.1274936047382653,0.0132923237923532,0.7361057673048516,0.1403310468052587,0.2069850173526781,0.2069850173526781
-49.6705068834126,0.0166236866265535,10076587713.098328,1.0406287290155888e-05,28258012126.26385,1.1086989689618348e-05,203317424058.9141,1.3994208935648204e-05,3.7604520965994e-06,0.5941502361219895,0.1958770153112709,0.0235336191989481,1.2509639245568265,0.2439856395482899,0.314834949961304,0.314834949961304
-21.85961540788412,0.0515800903039053,3043978734.616457,1.3129420511424544e-05,55397819890.05746,9.436335261911151e-06,191877943966.5377,1.2751385908573864e-05,2.827009100671008e-06,0.2110038638342343,0.1731138701550662,0.0210131565565243,0.60244360501626,0.2647352122612531,0.2994250229166787,0.2994250229166787
-74.43640425801277,0.0275227329041808,22224967672.771973,8.435989439487458e-06,13052717807.166964,6.303401792421937e-06,207150949183.85147,1.1127830468118192e-05,8.902794772487299e-05,2.682063999118777,0.1032106841914355,0.0158117948314175,1.51217385374313,0.1160305247835689,0.1508662535014002,0.1508662535014002
-65.33693742007017,0.0579865043750032,14642664365.129791,7.836818151175976e-06,10903638387.065536,6.06299578398466e-06,192622745726.2576,1.2297431994229555e-05,1.300274439109045e-06,0.349590864552324,0.1605567565187812,0.0169032949469983,0.5353964483059392,0.2639419436945717,0.1694025255822184,0.2639419436945717
-30.982800126075745,0.0325229826383292,5790013737.172042,1.4595779657363892e-05,33940656085.63718,1.1928930489346382e-05,207662250939.75665,1.1674914121627808e-05,4.130068922820272e-05,1.6146010865598013,0.1156581481918692,0.0198655162323266,1.7054703278722965,0.0998509414988692,0.274980652259372,0.274980652259372
-40.54722426459193,0.0477904265234246,18696474845.1023,9.818951025605204e-06,17471489351.385185,1.0284107049927117e-05,196283117979.7649,1.057070193439722e-05,3.0893169295416204e-05,4.054082112463951,0.1399653151631355,0.0221818682765588,0.8860147418133335,0.1693387419822781,0.218808495804864,0.218808495804864
-63.13157917931676,0.0230300349835306,4350660862.409332,1.2621497429907325e-05,6188585108.103663,7.712492570281028e-06,201556732654.5716,1.3449129667133092e-05,9.81952803768576e-06,0.1392133675320979,0.1833441480994224,0.0145859509119763,1.041883140532356,0.2509093626536241,0.3222638070276887,0.3222638070276887
-57.54329074174166,0.0502163955196738,15925795684.7318,1.449436451494694e-05,26081769227.67216,7.36960676498711e-06,194069511871.7849,1.217170462757349e-05,1.4681762793648048e-06,2.232635890264036,0.1770724261179566,0.0126779950857162,1.9815987597716105,0.1894419077252907,0.4086801185373188,0.4086801185373188
-38.635941967368126,0.0317785396752879,4831108871.796901,7.188264764845371e-06,9235624038.8203,8.675545785576104e-06,209343078862.8757,1.1793326940387488e-05,4.621626745944541e-05,0.1984979317410689,0.1462370866909623,0.02455341684632,0.5467136288822037,0.2192466853572817,0.1504245261123675,0.2192466853572817
-32.8798752091825,0.0386142126750201,12269203010.634052,1.2472928814589978e-05,16438375710.732405,1.1586267810314892e-05,195461514033.3772,1.0960110712796453e-05,1.9615125168058733e-05,0.4946169859967539,0.121887194737792,0.0203960523484274,1.1593089595977817,0.1339928913003404,0.2489686555335097,0.2489686555335097
-70.94029137864709,0.018066997420974,6323078305.583804,9.217490077018738e-06,51122730222.78946,4.454760709777474e-06,200501047857.1057,1.3082679510116577e-05,6.178915043806921e-06,0.8958865159262221,0.1543277587741613,0.0168359548943117,0.944589932813298,0.1969397875036586,0.2114510689999799,0.2114510689999799
-76.34838527068496,0.0436115227080881,3559713397.630564,1.0554837815463544e-05,42731030763.33813,8.210775054991243e-06,199722853936.25497,1.0475456457585095e-05,1.3868705846897151e-05,0.1158924796028048,0.1094396815635264,0.0179234893228858,1.3362291807073507,0.1445789477454672,0.1927499446239584,0.1927499446239584
-27.4481206573546,0.0244706434523686,19937127031.650726,1.1752768218517303e-05,10065129925.875404,1.0078065318986772e-05,204995811469.8529,1.3598940812051295e-05,4.401411425408e-06,3.8135779793448,0.1668848232366144,0.0192507907971739,0.8215547397958439,0.2088412914118794,0.2865262994292594,0.2865262994292594
-44.06782750040293,0.0566201045829802,8047940954.296482,8.537455156445502e-06,5713647045.718059,1.299407116137445e-05,191058782320.4696,1.2654457494616509e-05,1.8441157658283584e-06,1.3440410426364529,0.1896052441559732,0.0232056316109374,1.546451407261587,0.279322802902643,0.2763925977902683,0.279322802902643
-52.13535197079182,0.0367760844016447,9191313280.674854,1.3777986265718938e-05,21999391889.18595,5.298876076936721e-06,206097704898.566,1.1278948429971936e-05,5.85995427243205e-05,0.3288722400547094,0.1337653270922601,0.0139692434323951,0.7021677430944211,0.1565168804715575,0.2596344495985394,0.2596344495985394
-51.00228685885668,0.0556433847500011,4753053529.448598,9.692890986800196e-06,14080793924.741228,9.6414366774261e-06,202535730060.19,1.2512493818998335e-05,5.301592337819142e-05,1.813032549131456,0.1347590051591396,0.0175089638261124,1.0483712875986513,0.2049303405673555,0.2136556067611502,0.2136556067611502
-45.29316060245037,0.034700661599636,15659853226.433464,1.2999481149017811e-05,59833836285.71438,8.335378566756845e-06,197809004690.4981,1.1389913994818926e-05,1.6837137764898994e-06,0.3986020877185227,0.1921515099704265,0.0196216885792091,0.8712488353730514,0.2126647522473016,0.3553948629908327,0.3553948629908327
-24.363208021968603,0.0447441943036392,6017999175.772612,7.714816890656948e-06,30445661676.017765,5.420333893969655e-06,206370744071.90085,1.0363522466272115e-05,7.050382511528423e-06,0.1587293333880033,0.1647254703566432,0.0219762257188558,1.8117372184006584,0.2011239332011892,0.1959447716124771,0.2011239332011892
-79.34257486835122,0.0259108305629342,11671579457.035944,1.4969765633344652e-05,7890536122.157851,1.2551824901252984e-05,191409368626.7733,1.374188817292452e-05,2.241306037815081e-05,4.552355211575992,0.1088405339047312,0.0151534346472471,0.5096855902540501,0.1496973063063354,0.2437325783121213,0.2437325783121213
-69.69023859128356,0.0398978604516014,20947818120.05592,1.3257419131696223e-05,6660092750.451725,8.795931255444882e-06,208129945360.1241,1.0818139884620906e-05,5.215232281754107e-06,0.6966454503516059,0.1521971094422042,0.0130933264615014,1.4409277552264423,0.1475574239777923,0.316894424016662,0.316894424016662
-33.988221529871225,0.0196583323739469,3741988211.857114,8.059975296258927e-06,18825512250.137222,6.928416758775711e-06,193403829447.92508,1.319363696873188e-05,1.640070299786267e-05,1.0345400305068906,0.1213075953535735,0.0241833249432966,0.6388592099630619,0.1803838028489781,0.1499891810119836,0.1803838028489781
-35.66830310970545,0.0493906518677249,9342268580.485617,1.127528814971447e-05,36661266888.32169,4.017008222639561e-06,202025918420.4042,1.205976253002882e-05,6.965072146277454e-05,2.9134110374115467,0.1472018678672612,0.0216246771570295,1.231496015584653,0.1925893286575798,0.2620027207573059,0.2620027207573059
-60.65475322306156,0.0298542647156864,8184610493.001612,1.0034270890057087e-05,11763341204.118948,1.1712013406679032e-05,197065154220.90887,1.1936267148703337e-05,2.1937468697866843e-06,0.2474054029264651,0.1795989503152668,0.0156509825959801,0.7395157047808248,0.2361881108089732,0.2586520932815415,0.2586520932815415
-62.50766171142459,0.0461957393959164,10943680946.264194,8.911394283175468e-06,47503556209.757324,1.2335891183465715e-05,209811090305.4476,1.0713406138122084e-05,3.165793597604472e-06,3.353436263374993,0.1858760087750852,0.0181098145628348,0.6541251447444392,0.2350787434672515,0.2411717697016988,0.2411717697016988
-41.31490813568234,0.021742874267511,7356232781.350873,1.3655968673527242e-05,15256154535.425262,5.906527126207947e-06,194850278422.23645,1.3336950551718474e-05,1.004565583061389e-05,0.1034775994470994,0.1409247635863721,0.0186138067832216,1.6787816621474314,0.1878154640039299,0.2763446059468521,0.2763446059468521
-28.326468728482723,0.0599074365478008,24951311302.27256,1.093283572047949e-05,8550313948.830636,7.5525863934308285e-06,200969935525.2087,1.240864262357354e-05,7.518306056591897e-05,0.2936442810438525,0.1150854223407805,0.0225814420673996,0.7905517307450034,0.1869231189022758,0.1975978446254364,0.1975978446254364
-67.8515051305294,0.0333452012808993,3419039749.1254845,1.1626752883195878e-05,24175684906.38772,1.0685707617551087e-05,196243848223.2392,1.153319366276264e-05,2.389386391629273e-06,1.1818618540962709,0.1584192358888685,0.0141427741535007,1.3739930432524374,0.1653149653141987,0.2929216517456922,0.2929216517456922
-73.69527023285627,0.0536574918217957,5157366770.607529,1.2100926838815212e-05,20393204556.57024,1.0925959667190908e-05,204214434493.3331,1.2894082959741352e-05,3.617286564769633e-05,0.1822592087188447,0.1026184070855379,0.0120850479369983,0.9697459356558824,0.169675058624202,0.2033406645599132,0.2033406645599132
-22.51008361577988,0.0285015925532206,13036390290.997513,9.3414748609066e-06,5290080555.168887,5.060146197676658e-06,199253011364.4898,1.1015643246471882e-05,1.138512598713915e-06,1.899173499282456,0.1709476429969072,0.0247845724085345,1.1168116695451047,0.1770257431004153,0.2391294298414688,0.2391294298414688
-47.13122038170695,0.0413521963823586,4005945898.54562,1.4118303760886191e-05,9341973411.120594,6.709290139377116e-06,205317201688.88568,1.02299744784832e-05,8.554681081881863e-06,0.7620842396910819,0.1984286146238446,0.0206144133917987,0.5924552634081066,0.2032059809646647,0.3661139473018713,0.3661139473018713
-56.66379781439901,0.0154931669170036,17205652090.20983,7.316247291862965e-06,39708960412.580185,9.280922858044504e-06,190590504929.4233,1.3852481324225664e-05,2.695173300358741e-05,0.4541499603908494,0.1284819470718503,0.0162558022160083,1.8477759224425627,0.1853966558310381,0.1514327834444925,0.1853966558310381
-56.01352686062455,0.052275644140318,12627788462.79971,1.0230859026312828e-05,5873066934.188418,1.0580453167669472e-05,206847422383.72565,1.3279712654650212e-05,1.6297355576629009e-06,1.1067756927286585,0.1183551419526338,0.019008773908019,0.5587732684242057,0.207430550164551,0.1814003644587794,0.207430550164551
-47.66035562381148,0.026806538128294,6508517743.590422,1.145955092459917e-05,18276404259.69035,7.376591396518051e-06,191573559455.57355,1.0654183592647315e-05,5.177993626222915e-05,0.6520139896300293,0.1616927701979875,0.0177084499727934,1.9433124174238336,0.1283365154557662,0.2894552819346939,0.2894552819346939
-23.62121529877185,0.0420810844190418,16529158579.469616,8.236433230340481e-06,32278690021.164738,5.801257689483464e-06,202996542211.622,1.1600192714482546e-05,2.169490067624351e-05,0.2616326953752018,0.1826979355886578,0.0137288136510178,0.9245336979963998,0.244394380946275,0.2065020121023242,0.244394380946275
-72.7045876160264,0.0173151193326339,5013668244.880472,1.3446202367544176e-05,11437150222.15153,1.2159911173395812e-05,197957323398.44107,1.2473718047142028e-05,6.886134337407951e-06,2.7578627571648977,0.1377550827339291,0.0229890055404976,1.187396811286685,0.1136196588759639,0.3049077692025331,0.3049077692025331
-67.32578836381435,0.048506617275998,7625740241.700479,1.4795393370091917e-05,13683207623.89104,9.174587444402276e-06,202480624672.02545,1.1085333447903397e-05,1.664190107242386e-05,0.4322387194707379,0.1951560347341001,0.0243891589399427,0.8376354321755977,0.2314309964736307,0.4195257846901077,0.4195257846901077
-28.965081460773945,0.0223344878526404,8707748080.590801,7.520055085420608e-06,52717628888.3716,6.534375033341348e-06,197207371797.41263,1.295794328302145e-05,5.244546515260518e-06,1.6682045179458542,0.1252116560004651,0.0124867596402764,1.3073400312322363,0.1642404441868925,0.1440222900580462,0.1642404441868925
-42.31636295095086,0.0572950756922364,3515015033.831342,1.2796899244189263e-05,29542203459.37775,4.9537572404369705e-06,208612729571.7597,1.3796469494700432e-05,2.225892048035011e-06,4.733923741766603,0.1057871335186064,0.0166701098801568,0.6856476874083541,0.1842714644218248,0.2082517237082978,0.2082517237082978
-61.39216652140021,0.0332323056785389,19689986496.57876,9.510698564350604e-06,6962923822.928967,1.07510981047526e-05,193574121408.1645,1.0168071750551464e-05,7.003852905944157e-05,0.1523363565918001,0.1741262876428663,0.020206403623335,1.5800679827019268,0.1927725657756187,0.2592837277232779,0.2592837277232779
-59.5390510559082,0.0378966928878799,3160126759.114289,7.387359425425529e-06,23132104132.884777,1.2658161337487396e-05,200802094507.9625,1.144543819129467e-05,1.1457442299655017e-05,2.031553634189255,0.1678972470574081,0.0200329231712967,1.2803453007299426,0.2159036601120192,0.2106587989264515,0.2159036601120192
-36.6690493747592,0.0187612155172973,23070735119.993244,1.4178059466183189e-05,5447122446.054598,5.595248010940849e-06,195763495881.11044,1.2573906902223828e-05,3.64332718593279e-06,0.1705608897494471,0.1120161253027618,0.0170913317687809,0.720997921614517,0.1278198945322193,0.2254023560370018,0.2254023560370018
-34.6265977807343,0.0509037459036335,6969320533.209371,9.393410466611383e-06,10605861159.897057,8.441764389164745e-06,209666440859.4369,1.3672687154263258e-05,2.725231493817132e-06,0.4803271678771794,0.1314833720214665,0.014748597302474,1.48200763621513,0.2127519975036782,0.2033915944279333,0.2127519975036782
-69.1638427786529,0.031065138336271,10374771708.673174,1.2164218813180924e-05,40849115735.404045,9.816301408223808e-06,194393121227.62204,1.0300149284303187e-05,8.652531886865979e-05,0.7214768983714813,0.1888842691667378,0.022374666034244,0.616127093496294,0.189592622197343,0.3294460905850693,0.3294460905850693
-78.35119800642133,0.0559258824633434,18466524479.14899,1.1576881967484951e-05,48900423348.9761,1.1817266733385622e-05,205166451111.43588,1.3126150775700808e-05,1.0163580671298846e-06,0.1122239576709861,0.1440268479287624,0.0237724374644458,1.7414301294640293,0.2501803333025186,0.2859481192797569,0.2859481192797569
-25.474118422716856,0.0374936108943074,4297833628.85189,1.086355945467949e-05,17310826332.74639,4.193004376254976e-06,190127241834.9981,1.0752575278282166e-05,3.200261742548367e-05,3.085903991349193,0.1764262191951275,0.0135105121750384,0.5231343473986864,0.1990230747704091,0.2421006830962914,0.2421006830962914
-45.82163110375405,0.0443249280704185,13878119308.939688,1.3578887566924096e-05,8810065531.835464,7.033689497970044e-06,204052694607.5261,1.1993994690477848e-05,2.405873038662452e-05,1.2288624416322518,0.1554637787863612,0.0160553736453875,1.0186188034179928,0.1880397252863528,0.3159278927311901,0.3159278927311901
-50.35176511853933,0.0237832863628864,5486803509.55074,8.853718467056751e-06,27407771870.86522,8.971907996572552e-06,198778764922.17184,1.2119472708553076e-05,7.568041762790771e-06,0.2817817642303469,0.1245841829106211,0.0212265840033069,0.904012450169886,0.1689840022567678,0.1727320498385878,0.1727320498385878
-53.01267415285111,0.0454328749794512,23449619452.45344,1.2674897983670236e-05,12368893583.70397,4.348509584553539e-06,192355843577.534,1.1854707889258862e-05,4.100530751432231e-06,1.5578608595306978,0.1189035759307444,0.0249519547456875,1.6396731806029945,0.1448452387522275,0.2680714579072956,0.2680714579072956
-43.31164103001356,0.0251987596834078,3213794831.710674,9.884684540331363e-06,34950781741.562805,1.1411269488744437e-05,207316360119.73026,1.2227257620543242e-05,1.2920619572900947e-05,0.3627023539377525,0.1513540581800043,0.0122730601569637,0.6676496586479835,0.1929432815120271,0.210893842362846,0.210893842362846
-26.095289308577776,0.054924448672682,10900719826.79944,1.4669333331286907e-05,19836688587.51058,8.569348271004855e-06,198738120943.30783,1.3019335243850946e-05,9.70843579433725e-05,0.1278283049742485,0.180147500988096,0.0164184236172586,1.4015783888170208,0.2690833196974065,0.3808223153940531,0.3808223153940531
-77.58076755329967,0.0353934635734185,7326177010.679729,7.898038804531097e-06,6366714698.821346,7.194554832763969e-06,203464522659.7786,1.0890877440571783e-05,3.055230023238132e-06,4.420830574355088,0.149314450379461,0.0208071861602366,0.7727193590938696,0.1909633270421024,0.1841791095145729,0.1909633270421024
-71.7077069170773,0.0501027267705649,4090473922.2982607,8.360373072326183e-06,7547607007.858177,5.19374346639961e-06,196739044338.46472,1.3533408459275962e-05,3.7199336215315104e-05,0.5637181003099654,0.1925795162096619,0.018852600059472,1.0941466250042589,0.3221370723310075,0.2426882561144247,0.3221370723310075
-31.999563705176115,0.0291655773343518,17567015166.97681,1.3074185967445376e-05,32061844335.044785,1.2817953252233564e-05,201700171530.2468,1.0407941348850727e-05,1.1817326362363805e-06,1.00179121076709,0.1367479914799332,0.0183279779562726,0.9927510639590305,0.1136335466002931,0.2694874088143811,0.2694874088143811
-37.407436817884445,0.0392050544545054,5398148408.815314,1.035885764658451e-05,57077383187.4982,9.972947628237306e-06,193104309830.8146,1.1338629812002185e-05,8.844247271386747e-06,2.496243885687115,0.1063617464154958,0.0143863283656537,1.8905003949618937,0.1155251338767373,0.1953469033417594,0.1953469033417594
-58.8858362659812,0.0203772751567885,13646385294.53571,1.108353678137064e-05,14796811358.775068,8.034642226062713e-06,207831321600.8246,1.2712217170745137e-05,2.807624603087877e-05,0.2262040214690802,0.1638107027858495,0.022794844912365,0.5808708222898206,0.2188250671814667,0.2576162810561596,0.2576162810561596
-64.47433257475495,0.0591967765102162,5992835432.304413,1.3956885471940042e-05,37684783589.24286,6.408537705428897e-06,195294894315.3024,1.3935014814138412e-05,4.433007323864904e-05,3.6800277901553424,0.1700328817591071,0.0239412834523245,0.852212823719294,0.2835527650758356,0.3567198512257704,0.3567198512257704
-39.31942677125335,0.0340353035274893,11620860615.010193,8.727703131735325e-06,9772448278.12395,9.6124499021098e-06,200021915622.0556,1.006150134280324e-05,1.3956466522451814e-06,0.1202524983785411,0.100139614008367,0.0128782625095918,1.0686454016995643,0.1194357824352219,0.134576692891686,0.134576692891686
-30.10272420942784,0.046892709522508,4465844567.60324,1.1950821094214916e-05,5031089137.364486,1.119210625719279e-05,193923641126.60287,1.1192873295396568e-05,5.927051394681872e-06,0.3019427819703594,0.1304709270596504,0.0154105278253555,0.5205570416516527,0.1740167907733948,0.211517322343415,0.211517322343415
-66.10503289848566,0.021028095614165,14715953356.501308,1.0741541862487793e-05,21391237985.90086,4.833537531085312e-06,208884701561.1828,1.2818413265049458e-05,1.86470977329282e-05,1.4654422837263188,0.1988566264510154,0.0214080260973423,1.7683983455631194,0.203810766624746,0.32592942384305,0.32592942384305
-75.66947989165783,0.0406620981590822,9775919679.544931,9.01734971255064e-06,25343214779.861465,7.818740560673178e-06,190909251850.0984,1.1738746140152215e-05,4.671836051472783e-06,0.1883098933950246,0.1430373397655785,0.0194574056835845,0.6267679390347837,0.2170094098245558,0.1869996732263218,0.2170094098245558
-20.507006235420704,0.0162038202490657,8565347914.874725,1.2292201340198518e-05,8136567010.035098,1.0459108539856969e-05,205635663103.31223,1.236715479195118e-05,1.48538061150337e-05,2.3481651732088964,0.1864245650358498,0.0173177033914253,1.4733029638933672,0.1352430696357699,0.3379934279310424,0.3379934279310424
-48.91498604789376,0.0543722664518281,21384338310.81869,7.015357449650764e-06,15949329823.837795,1.203512902650982e-05,199559893943.3694,1.3387259654700756e-05,6.219883135621358e-05,0.833923130848889,0.1575761909596622,0.0149875650312751,0.7576083079009029,0.2711238531794753,0.167135095634079,0.2711238531794753
-54.90975817665458,0.0278046291321516,3819583174.42896,1.430204425007105e-05,45108998126.78015,6.238046727143227e-06,204520343728.3636,1.0514661680907012e-05,1.9750694217020165e-06,0.5303072879687251,0.1126813973300159,0.0217865523919463,1.205628924994711,0.0916511842724414,0.2411034030449904,0.2411034030449904
-55.282915364950895,0.0578738027717918,20161016712.211456,8.672108843922615e-06,18370605259.62792,8.101145461201667e-06,202133782934.39743,1.0926258906722067e-05,6.640735789106291e-06,0.7328036446036067,0.1538112791255116,0.0140434428518638,0.5114720411050744,0.2153169562251876,0.178093800241251,0.2153169562251876
-48.39460061863065,0.0327124155359342,3601049340.595349,1.3885557271540166e-05,6015396549.053839,1.0170103242620823e-05,196937987487.76315,1.3054639879614116e-05,2.107524742015779e-05,0.4731500177890582,0.1229766966775059,0.0226799706378951,1.7755649208563098,0.148599118762653,0.2921043035568086,0.2921043035568086
-20.07444705814123,0.0483810333162546,9065188279.202272,1.0670168153941632e-05,11594569947.2112,1.288445430807769e-05,208335353322.32715,1.2199741881340744e-05,4.965393409173491e-05,0.1680138950361531,0.1455201152712106,0.018510109167546,0.846449251687152,0.2151936481182199,0.2266820836460804,0.2266820836460804
-76.24766513705254,0.0225165054900571,7942692052.568736,1.1895211279392243e-05,33425296577.164703,5.3909272775053975e-06,193218028880.65576,1.1827177308499814e-05,1.577826358149572e-06,2.0634284784541896,0.1779721293598413,0.0182142963130027,1.0846708719178637,0.1673618510603431,0.3181102705358056,0.3181102705358056
-66.59520726650953,0.0419745979551225,4897466091.943124,1.2361452512443068e-05,51972555327.90218,7.26005052961409e-06,206497452445.32825,1.2747499216347932e-05,7.270965721710948e-05,0.2692066804813653,0.1330651172436774,0.0161516063893213,0.771070908211028,0.2014108387813958,0.2434938695424379,0.2434938695424379
-29.69935327768325,0.0175162341305986,16137589863.831572,9.071114778518677e-06,13222406781.771725,8.767520274966954e-06,191302267648.2797,1.1374019086360932e-05,2.288802458049317e-06,1.2868212060787203,0.1905125536955893,0.0207178002884611,1.2007476447356549,0.1765744793245229,0.2594060110197381,0.2594060110197381
-38.76962153241038,0.0528738117031753,6253180045.404034,1.4355824843049053e-05,6922787829.551271,1.1476716000586748e-05,202721073459.83383,1.0380388177931307e-05,5.4628560895787e-06,3.2314795496321285,0.166376285161823,0.024685534754768,0.6310277562460791,0.1891209698806893,0.3399198102077857,0.3399198102077857
-64.93527444079518,0.0263060888042673,12126191902.798223,7.084654130041599e-06,28859752623.467896,4.546739088371396e-06,197604359071.7017,1.3505900528281927e-05,1.720843607812851e-05,0.1072147386744461,0.1105462803505361,0.0121848635263741,1.4515461884281773,0.1891538251362754,0.1167463585954714,0.1891538251362754
-59.27352745085955,0.0441197307826951,5713505922.17608,9.954089894890788e-06,5579142819.510395,6.03192675113678e-06,205521875917.9116,1.2845890916883946e-05,8.284012162657497e-05,2.800963901959342,0.1042691742070019,0.0150513370456174,1.392114130273169,0.1530198280189999,0.181765844054339,0.181765844054339
-36.93088226020336,0.0238857014011591,14443718089.608442,1.272856990247965e-05,23251277481.508263,1.1977581268176437e-05,190405132919.55,1.1220457222312689e-05,2.6312584312660054e-06,0.2577412631825826,0.1726533417589962,0.0220791322989389,0.7842988175696626,0.1739646014688281,0.3181238238592155,0.3181238238592155
-31.55224164947868,0.0564250069437548,4401785739.24315,7.951664738357067e-06,42300061488.8808,1.0253034127876162e-05,204321487788.11096,1.0026142824441197e-05,3.4998818618645334e-06,0.6423101545434565,0.1967346790246665,0.0195207820590585,1.6110397952349995,0.2198672132806467,0.2538928928559679,0.2538928928559679
-72.24183240905404,0.0368941074237227,18903827010.56372,1.4738723635673524e-05,10751864589.94274,7.761138923466205e-06,199126350674.77823,1.3899702489376068e-05,1.1124514960695318e-05,1.1240833426725936,0.1268429431132972,0.017609092362225,0.6703624591556616,0.1944851796050074,0.2806369171292101,0.2806369171292101
-78.0857047997415,0.0514277182007208,9960021868.453983,1.3018437020480632e-05,16727900081.31212,4.626408407464623e-06,201155764702.70752,1.0542222540825606e-05,7.91374460440538e-06,0.1455455541365711,0.1841943038627505,0.0155503713218495,1.9033692588410844,0.2157685995388439,0.3680370570870167,0.3680370570870167
-25.73597813025117,0.0304904830176383,6694221609.11781,8.289138495922089e-06,48209185217.21004,1.1135576497763394e-05,196038411650.80667,1.3414744637906553e-05,2.489041094905721e-05,4.956942335378075,0.1392979903146624,0.0217260912107303,0.5722868545842722,0.2201714928823168,0.1706652951474954,0.2201714928823168
-42.747301794588566,0.0377160004293546,22518536740.897312,1.101231725513935e-05,26774564828.31709,9.405326846987008e-06,209938209354.87747,1.2331819400191309e-05,3.3276259143066365e-05,1.7467786058344923,0.1166996397078037,0.0240807275325059,1.113577677674682,0.1572806964313534,0.2193995364667794,0.2193995364667794
-53.4297851473093,0.0188881350494921,3086064168.387217,1.0303154684603216e-05,8759302920.243065,6.351975860074162e-06,194742461591.9589,1.170339495316148e-05,1.0479344171913883e-06,0.4129743808596799,0.1600883848965168,0.0131951396893709,0.9887421388743316,0.1639999466700309,0.2364486954327268,0.2364486954327268
-50.930753238499165,0.0393951455410569,13298864456.042646,1.423365579545498e-05,36146805681.25175,1.097453333251178e-05,196469106897.71176,1.243863394856453e-05,2.9645830023763227e-06,1.4001877551124715,0.1591192162595689,0.0167330500092357,1.5083112868805422,0.173920895303595,0.3623603245920203,0.3623603245920203
-45.38987122476101,0.0202597539173439,5258089076.573302,7.4586858227849e-06,12553860000.980495,5.029137380421161e-06,201351441517.47223,1.1565093774348496e-05,9.330803640014992e-05,0.3161796906435533,0.114177883323282,0.0204981482550501,0.6136189748919295,0.1536446932072805,0.1263031135722403,0.1536446932072805
-24.95453229174018,0.0495912426710128,16838833701.733738,1.2235590778291227e-05,6529158979.729809,6.757876276969909e-06,192750029284.50705,1.0681508418172598e-05,1.2467223370638796e-05,0.1259232341049618,0.1414330244995653,0.0244532866152003,1.2890185796659754,0.1784757644519276,0.266771415622491,0.266771415622491
-78.72515806928277,0.0297527211857959,3918788754.2275567,9.449022263288498e-06,19915374673.5326,9.24992704950273e-06,207554574776.4409,1.330696064978838e-05,3.927825355233207e-06,3.516140636898835,0.1847691328264773,0.0127789033008739,0.7103359152042192,0.2693864697175409,0.2536531079511591,0.2693864697175409
-69.62581282481551,0.0544375552330166,7515156511.514183,1.0794306300580504e-05,31284164403.41752,1.2384537938982247e-05,192082777936.0116,1.0132950220257044e-05,2.8966772563361388e-05,0.5385754568660434,0.1289979111403227,0.0138678276836872,1.0008635793925529,0.1528203201928797,0.2273413768503147,0.2273413768503147
-34.0778242982924,0.0360051977494731,11187593491.780348,1.1523118644952774e-05,7513476665.929739,5.8754546064883465e-06,206965722609.3113,1.37613932043314e-05,9.191688490241527e-06,0.8214761706601598,0.1973385971039533,0.0233062445800751,0.9076949190614588,0.287077344222518,0.3244287332763974,0.3244287332763974
-36.26671019941568,0.0456478997133672,3351727752.9801087,8.799939677119255e-06,14315287860.34352,7.601237842813133e-06,198385747894.64474,1.2985168687999248e-05,1.22335442160842e-06,2.3131298339836768,0.1716640511527657,0.0191489792643114,1.7296887647604182,0.2416583758312257,0.2455765617335243,0.2455765617335243
-60.03025360405445,0.0251061724266037,24468938369.991302,1.3509588845074178e-05,56199915247.91396,1.065463925525546e-05,203190904036.16428,1.1112666081637144e-05,3.887936150607451e-05,0.191244809666459,0.10171814057976,0.0180260850386694,0.5309910515876349,0.1184355050840853,0.2026932102098304,0.2026932102098304
-61.92732376977801,0.0537647002609446,3660308709.566241,1.1390147373080254e-05,9918563531.156382,8.887909231707453e-06,191185330953.449,1.0272847406566144e-05,1.806462392173217e-05,4.223704526767384,0.1079899102449417,0.0157132647596299,0.9308064831227396,0.1286314673673466,0.2063766956629847,0.2063766956629847
-41.8700690753758,0.0282956801634281,20502714215.451214,1.0177185066044332e-05,38974458073.93478,6.818864546716213e-06,205990458484.73907,1.3645431470125911e-05,5.68091348812295e-06,0.1338641072070926,0.1653923273086547,0.0211124893594533,1.1698254090631646,0.260150702764162,0.2429504707910536,0.260150702764162
-28.48955508321524,0.0407560964254662,8345063334.2850895,1.3392574451863766e-05,21476141388.58784,4.108982041478157e-06,199908032827.07928,1.2608952913433311e-05,1.3566446476396883e-06,0.3798263342884432,0.1911095982417464,0.0234291389500722,0.5686847249155358,0.2675380243438285,0.3313896837708141,0.3313896837708141
-67.71451130509377,0.0159902169182896,9529674657.968338,8.167044669389725e-06,5159443218.093521,1.1602456500753758e-05,204791025184.0949,1.1480590477585793e-05,4.272937005161351e-05,1.4884037893634356,0.1352269565686583,0.0133960199067369,1.935422107762337,0.1279071081203525,0.181232889189362,0.181232889189362
-73.12249790877104,0.0470060624415054,15359465439.13194,7.575802288949489e-06,8099754191.305083,9.733488280326128e-06,195569218806.9224,1.2092193957418205e-05,2.0410104123206114e-06,0.2297431255385715,0.1785400877706706,0.0144825655166059,0.6810319935454582,0.2778819677565176,0.1918014946232277,0.2778819677565176
-23.057678937911987,0.0208338472712785,4658760773.63058,1.4866629928350448e-05,24728557979.07466,8.225762115791438e-06,200373735688.6268,1.196670014411211e-05,6.481965459432853e-05,2.458854465357504,0.1476620237343013,0.0222860626019537,1.60378132084525,0.0907831216683187,0.3131499810262192,0.3131499810262192
-47.30184732005,0.0586082219844684,11929878248.53514,9.581920132040978e-06,44415629059.81969,5.512372488155961e-06,194274755325.1684,1.078770449757576e-05,1.5263929524876906e-05,0.986780558359469,0.1204496067948639,0.0197656991416588,0.82302615902396,0.1643016543558735,0.182482941680892,0.182482941680892
-56.51926340535283,0.0345453658886253,6148955420.613346,1.2852600403130055e-05,15430264061.857603,1.244219597801566e-05,209157137628.6447,1.3161204118281605e-05,4.852386030470869e-06,0.5725410116010381,0.1528474462218582,0.0170023341020569,1.3126793406551849,0.1969699087233134,0.3127037776829929,0.3127037776829929
-57.051610592752695,0.0476854796474799,4240949001.7633343,1.369396995007992e-05,28129289646.51619,1.17774735474959e-05,192899568695.575,1.3706598557531834e-05,9.299640394040668e-05,0.8555740547006926,0.1880352864973247,0.0215110270651057,0.8045938766571624,0.2909518223599908,0.377379332552234,0.377379332552234
-46.65477311238647,0.0232327000983059,18216028443.24652,8.996409483253955e-06,7154383576.169997,4.215215547941625e-06,208016607630.9979,1.0328125502914191e-05,2.928224793150128e-06,0.5176826037630388,0.132148830126971,0.0153083296371623,1.3684472943872232,0.123184970819408,0.180532395094234,0.180532395094234
-22.062883153557777,0.058583132349886,5551424951.427867,1.171178361028433e-05,12852603597.654032,6.993901005946099e-06,196632077023.38696,1.1417459595948458e-05,3.914775879700279e-06,0.2077564752027226,0.1109727662988007,0.0129784888233989,0.6585791628218861,0.1576516821212076,0.1845369274649112,0.1845369274649112
-74.22950301319361,0.0320209829974919,14031665433.0172,1.0970882505178452e-05,53597333014.24136,8.994123325683176e-06,201826899126.1721,1.2539994060993196e-05,1.2314539306065812e-05,2.132153387147974,0.1683667910285294,0.0238402729555964,1.653978493286486,0.1984473968418307,0.3087286875316335,0.3087286875316335
-68.35633508861065,0.05215762111824,22804084859.05973,9.254630468785765e-06,34449671906.31125,1.2618295061402022e-05,198552377745.5092,1.190089337155223e-05,9.390101544654482e-06,0.3338459909786385,0.1235267788171768,0.0218878720579668,0.5821112202779989,0.1996231451644519,0.1762016434313745,0.1996231451644519
-27.96703595668077,0.0270016357675194,3124884440.320646,1.2060848504304888e-05,11277241976.49985,5.617522885091602e-06,203670026138.42487,1.202446546405554e-05,2.9859414482095137e-05,1.3233649983735374,0.1559223294258117,0.0148870543437078,1.8552875121406207,0.1386546899478988,0.2836682450517196,0.2836682450517196
-40.75046161189675,0.0426660264702513,10511747598.428106,7.276123449206352e-06,6212927665.278715,8.401910585351287e-06,192228657621.89032,1.3221160396933556e-05,3.97165235663244e-05,3.7549469656734575,0.1755665784701705,0.0174194188416004,0.9631995618627772,0.2752123302789174,0.1942791822534361,0.2752123302789174
-61.02780312299728,0.0571425265632569,8805729430.758856,1.291248206794262e-05,9011328625.222675,9.073828988708557e-06,199452096335.58987,1.1505625233054162e-05,6.406894197512653e-06,2.561203113433084,0.1384564649313688,0.0209058123147115,1.8240542850759944,0.1647761803453237,0.3208145923762731,0.3208145923762731
-35.14779608696699,0.0361998894950374,7714120452.818639,9.652906306087971e-06,25962898564.748123,6.652724890969694e-06,204647596441.2093,1.2381149951368572e-05,2.01907339887429e-05,0.2208587312359582,0.1817887585610151,0.0163189885327592,0.5021605436394286,0.2667206087972537,0.2227578250107182,0.2667206087972537
-33.55555506423116,0.0434323805663734,19419287782.64089,1.4929796002805234e-05,49461071003.60611,4.852985776029527e-06,190703757908.19525,1.337227837368846e-05,4.819072899786335e-05,0.6218940127062222,0.1621994415298104,0.012377636488527,1.06700424008858,0.2152829780608384,0.345047491992606,0.345047491992606
-70.26830224320292,0.0245991025725379,3469137446.627875,7.6278637945652e-06,16186393561.949327,1.0869435490109024e-05,205821396764.36783,1.0748749636113644e-05,1.5163411382839324e-06,0.9094741450963236,0.1172497162595391,0.0248481563497334,0.8677230900770875,0.1432047097299145,0.153929269272076,0.153929269272076
-79.83287082985044,0.0384102223813533,6597847647.094726,8.098130784928798e-06,10410027429.164455,1.0479621085338293e-05,193796846773.4754,1.3825011361390352e-05,5.6451843359114646e-05,0.1413257522527889,0.1746438539586961,0.0228981342250481,1.2231697454497028,0.3133103600195119,0.2238442446058978,0.3133103600195119
-23.959944378584623,0.0181706087244674,12795853287.615389,1.3342341154813768e-05,43371775071.35458,7.495005493052303e-06,208991735633.46268,1.0202398121356964e-05,1.7935890710457228e-06,3.991520252091177,0.104695654567331,0.0142822363218292,0.7506080111917585,0.06277942270487,0.1914119830251409,0.1914119830251409
-44.74347695708275,0.0507143130060285,4958275303.574848,1.0119146928191186e-05,22559897648.76158,5.700421449728309e-06,195109617821.87225,1.1051009453833104e-05,4.225750688617376e-06,1.5896700746610335,0.1259266496635973,0.018427698964253,1.415784694432887,0.1542062405413339,0.2153391037760526,0.2153391037760526
-51.4633360132575,0.0311778399394825,16336392403.183922,1.1313428588211536e-05,5736135046.052334,1.2278320576064287e-05,200226647220.552,1.2929402854293586e-05,1.3412853857070396e-05,0.3548987790659313,0.1942574174143374,0.0187536631859839,0.6414495132252482,0.2736556362080563,0.3086026350755855,0.3086026350755855
-52.67038762569428,0.0489025621628388,8378197862.932153,7.150261715054512e-06,57816396091.54742,7.937150633893907e-06,208486114032.56656,1.1162944428622723e-05,2.313700849961189e-05,1.1998233517569057,0.1999135149642825,0.0224740996174514,1.1390916150225003,0.263934922042669,0.2239823429060226,0.263934922042669
-43.62142633646727,0.0304647918976843,9568412452.72704,1.4409351326525212e-05,13881196926.21238,1.0358272970654067e-05,193681281842.2913,1.2786454509943724e-05,7.356257448725775e-06,0.2891146358991729,0.1300118608400226,0.0146499726492911,0.9484508639046408,0.1602522889619906,0.2783859469028855,0.2783859469028855
-26.972472686320543,0.040114081450738,3894565759.191954,9.132461421191693e-06,7708512981.285353,1.2153543525375424e-05,202295531760.9012,1.3966975960880518e-05,1.7322741285420154e-06,0.1018819664210073,0.1009986914694309,0.017195131666027,1.9682654021681685,0.1817963851590682,0.1554591483456911,0.1817963851590682
-76.73700092360377,0.0195669521111995,21812733672.759407,1.2434880197048189e-05,30271167497.470966,6.1372150471434e-06,197412224989.3844,1.0091431632637978e-05,5.5006912627322456e-05,3.404381590247665,0.1693805702030658,0.0199283453384414,0.554919693161501,0.1282487846999213,0.2978710613217182,0.2978710613217182
-71.35830895975232,0.0449358249781653,11398063199.35636,1.1839614443480968e-05,19282379204.013424,6.52687442023307e-06,202888923417.7768,1.348422145470977e-05,2.122679566139207e-06,0.4336812246731721,0.1135301505215466,0.0213306775484234,1.5738852989633298,0.1804575020961477,0.2399461596338039,0.2399461596338039
-32.31646044179797,0.0257948596403002,5873888591.952793,1.0594914078712464e-05,6694644068.765452,9.511677767150105e-06,198084702473.1338,1.0605808444321156e-05,6.682853056277842e-05,0.7976598406565191,0.1569105033762753,0.0159520828314125,0.69931909038287,0.153644455417315,0.236019427306075,0.236019427306075
-38.27754095196724,0.0551303610624745,15041535784.53816,1.381810809671879e-05,12180679182.548138,1.1310455712489785e-05,206642112024.12845,1.16475969851017e-05,1.595915532425027e-05,1.9878417442968137,0.1874676468782127,0.0136094475472345,1.345299680811619,0.2141895259591584,0.3960638789797692,0.3960638789797692
-58.04914887994528,0.0352862551342696,4563052119.783619,8.624316848814488e-06,37164280610.254616,4.732778673060238e-06,191759414710.1045,1.2270191568881271e-05,5.020904317041528e-06,0.1740437280627973,0.142567518632859,0.0236727179577574,0.8093987715798951,0.2210184704201117,0.1822856544677169,0.2210184704201117
-63.71067458763719,0.0414667562954127,17921108137.001934,1.049328435957432e-05,15039861013.230484,5.216032019816339e-06,203866772595.793,1.3109950691461563e-05,2.462235625485547e-06,4.621232563787828,0.1487965115346014,0.0230912054236978,0.5983836887209949,0.2384182281924403,0.2267279374075387,0.2384182281924403
-40.11558597907424,0.0153001148393377,4170267125.459558,1.1191334761679174e-05,45901969532.2414,1.277810011897236e-05,198984142038.9712,1.0987397570163013e-05,7.82191585499627e-05,0.1562912027165693,0.1812386074103415,0.0136258109882473,1.5348875044616948,0.1570739740655946,0.2915059743297308,0.2915059743297308
-30.463321283459663,0.0530677303019911,13355097459.8622,8.475960902869702e-06,24037183005.99448,9.99522290471941e-06,205039081573.4864,1.1758190151304008e-05,1.041046380491029e-05,0.3924772538901599,0.1506387396715581,0.0178094587745144,0.723276377237161,0.2209134804442332,0.1848476243158923,0.2209134804442332
-65.71101907640696,0.0290104586491361,5280840317.122576,1.3216371536254884e-05,8353050902.367648,7.99477635230869e-06,190234851092.10016,1.213664359599352e-05,3.304826657006836e-06,1.840474171630604,0.1198018684051931,0.018908549289219,1.256063835395875,0.1250099621770793,0.2620068813719318,0.2620068813719318
-74.89825271070004,0.0592983200401067,3283192462.926412,1.4557626239955429e-05,5317511904.468558,4.370724243111908e-06,209461520910.26303,1.1306257996708154e-05,2.612448148709699e-05,0.2362677078262526,0.1631088526919484,0.0203069126158952,0.8920197015034385,0.2216366315455995,0.3503522722013024,0.3503522722013024
-21.310734637081623,0.0338347127242013,23972505622.87376,7.751894295215607e-06,20888166552.54807,1.1371480326168235e-05,194578280895.94843,1.268172074854374e-05,8.231736425452225e-06,3.049248096309724,0.1072704555466771,0.0165687919091433,1.026477973759083,0.1560900057888428,0.1381784650858361,0.1560900057888428
-49.268046114593744,0.046291287979111,7181986846.37725,1.2536619618535042e-05,40253885640.28624,8.591559040360153e-06,200694943610.5788,1.3563902489840984e-05,1.0998718504719092e-06,1.0827691089910605,0.1362408999353647,0.0125892547694966,0.544900095979731,0.2197956265795775,0.2327149327680426,0.2327149327680426
-54.52328136190772,0.0215308105247095,10689916701.926155,9.780812598764896e-06,9673383557.971727,7.154761244542896e-06,195890101883.5604,1.044031174108386e-05,3.461276502567307e-05,0.6652875728859731,0.193684521690011,0.0242874417947605,1.698533354008568,0.1585631057364151,0.2947563906646301,0.2947563906646301
-54.255496095865965,0.0510739635396748,3330156451.5838,1.2440184138715268e-05,33143006960.82982,1.2215426848269998e-05,205243505835.5332,1.0800004266202453e-05,1.5500316412986406e-05,0.2015054928300269,0.1800761322490871,0.0228176484843716,1.5588009525720072,0.2152101612837585,0.3602918683491187,0.3602918683491187
-49.41772835329175,0.0308399448031559,24299687895.80666,9.24248281121254e-06,11721796073.578718,5.776503733359277e-06,190047746747.7321,1.3172587912529708e-05,4.87586943361714e-06,2.1982301908077204,0.149971682857722,0.014407949113287,0.7063401943028388,0.219232810432516,0.197480750555196,0.219232810432516
-21.160116754472256,0.0380669199116528,7529124719.247194,1.4465585276484491e-05,5979082967.815664,7.436501904390751e-06,203975630346.68564,1.2073975626379252e-05,2.0706910781085608e-06,0.8820822434312422,0.1194204521365463,0.0183495924808085,1.332393030964477,0.1296238628636944,0.2776777910447398,0.2776777910447398
-75.16514256596565,0.0185360099142417,11202258313.35122,7.224794991314411e-06,18617298450.31988,1.0560093441046774e-05,198858269546.18097,1.1945613726973534e-05,6.520086119730135e-05,0.5021102839940824,0.1510324698872864,0.0188754098061472,0.8175332398974917,0.198132298421374,0.1725083907384819,0.198132298421374
-65.56772898882627,0.0444733125250786,17036320233.672606,8.500619754195214e-06,29247574247.64215,1.0809840242378412e-05,200896238628.77487,1.2619358208030463e-05,1.7519630731936977e-06,3.871417162626025,0.1068771183490753,0.020783966124989,1.1524652158075963,0.1682539596020689,0.1663219992864232,0.1682539596020689
-30.722883343696594,0.023536066529341,3966941568.082092,1.3806948609650135e-05,6880799838.783192,4.934565884061157e-06,195701088998.4668,1.1493864931166172e-05,5.562423718593676e-05,0.1141082271883391,0.1634906619787216,0.0163971945857629,0.9371075511195548,0.1754111883556968,0.3016040185530689,0.3016040185530689
-39.8551213555038,0.0560742548480629,13125080978.526892,1.0530150257050992e-05,13367623701.957909,6.588722337968647e-06,209572287201.8814,1.0252735555171968e-05,2.329209284028084e-05,0.3238096094679463,0.192509744130075,0.0122518249023705,1.9913491410966648,0.2073663294270177,0.312397438195558,0.312397438195558
-63.85303618386388,0.0372464004484936,5191902822.577441,1.1785329788923265e-05,51532169071.10808,9.151001858524976e-06,194455537647.0089,1.3626234758645296e-05,7.406614643884284e-06,1.3644230808197757,0.1374037688598036,0.0249287408851087,0.5482898785948601,0.2271850805095759,0.2411014617869873,0.2411014617869873
-58.25011361390352,0.0423282627621665,11995462636.330835,1.3158684216439725e-05,10817318564.54124,9.79271471593529e-06,202420659195.6317,1.2974091947078704e-05,1.0925474122035562e-06,0.6031491210461758,0.1311808329075575,0.0218097650902345,0.8822746992907612,0.1937641825325292,0.2743507191599542,0.2743507191599542
-37.958473190665245,0.0171668648812919,6185754342.010209,8.398974746465684e-06,41738563994.78739,8.496112800203263e-06,197303957324.47504,1.110055135563016e-05,3.437747323148557e-05,0.9377111725592476,0.1987326335161924,0.0150088014481589,1.038189059241758,0.189105077925754,0.2436739473982621,0.2436739473982621
-32.634592559188604,0.0525228104135021,15316041420.075294,1.1183608517050743e-05,23449649922.937214,5.576055615209043e-06,208672704584.8965,1.0153855469077828e-05,2.583091831266331e-05,2.640742038073125,0.1697684833779931,0.0173389335852116,0.538942577703367,0.1989178491863933,0.2465061046009016,0.2465061046009016
-71.15644881501794,0.0266582930646836,4648131407.663893,1.038177902251482e-05,5518457402.43598,1.2716904514469206e-05,193477526344.3589,1.377930823713541e-05,8.14037032515838e-06,0.2142000888031811,0.1005992511287331,0.0194806245565414,1.7179265391462175,0.1598949167202462,0.1839146171134694,0.1839146171134694
-77.06246083602309,0.0575203135656192,8274489645.636358,9.84413067996502e-06,8664271389.25302,8.95154937636107e-06,206765485890.2097,1.0668415132910014e-05,1.0671849537468367e-05,1.6390801506396977,0.1573103374801576,0.0213852151883766,0.6045896566198905,0.2150514590860049,0.2263207637292695,0.2263207637292695
-26.76328474655748,0.0330619605537503,9443858918.034946,1.2588443763554097e-05,27002736863.143284,7.093598899431526e-06,191648172773.4208,1.329685865342617e-05,3.387324293301422e-06,0.3442106125579303,0.1131426311098039,0.0153889144631102,1.5185861271573318,0.1499551148298114,0.2262778260260791,0.2262778260260791
-43.82971171289682,0.0487318645371124,3720537190.532302,7.873161457479e-06,47570608925.33863,4.168251459486782e-06,203078488241.8812,1.2457523606717588e-05,2.535119601127182e-06,0.1370705977665481,0.1437487930990755,0.0128566429242491,0.7307693619394618,0.2306056204614675,0.1532746915443896,0.2306056204614675
-52.34399922192097,0.0221641306579113,20829944317.492973,1.456730940937996e-05,16829577244.547483,1.1872781368903817e-05,197882700543.85065,1.158502058312297e-05,8.05459137558781e-05,4.115554002071174,0.1862990678288042,0.0239184787180274,1.2427375865161363,0.1256821017318667,0.3919423597868731,0.3919423597868731
-51.72380108386278,0.0466564316768199,6287541122.636334,1.0904058866202832e-05,20036509351.461555,7.213814585469663e-06,190830051209.7776,1.2318726129829884e-05,3.998291416802168e-05,0.1050448619338931,0.1821886880323291,0.0201280383002012,0.5887582910755229,0.2859068159115353,0.2579759157571672,0.2859068159115353
-44.60111491382122,0.0211874222243204,12198780145.92752,1.1663281679153443e-05,6442700807.393628,8.510537737049162e-06,205712420996.27853,1.169329297170043e-05,1.2696246150528817e-06,3.3017771398006035,0.1380690408870578,0.0165897682756185,1.83500072455342,0.1064849548104327,0.2554514066983242,0.2554514066983242
-24.10323401913047,0.0589605107344686,4883607850.655452,8.878648176789284e-06,12660911125.89048,1.143492400739342e-05,199639085046.947,1.0561112184077502e-05,9.496870778425098e-06,1.1636532911657858,0.1184310860931873,0.0124064118610695,0.9741875368471627,0.148615924977628,0.1688367094454747,0.1688367094454747
-79.57330921664834,0.0341946207499131,16100794400.7389,1.3680963791906836e-05,35754831982.54657,4.294093347154557e-06,204443595372.1404,1.3434671431779862e-05,3.019465029461244e-05,0.2980923493519108,0.1610309578478336,0.0243107998399063,1.121169190960444,0.2315427541714506,0.3402266779616694,0.3402266779616694
-70.41891967877746,0.0541141554247587,8988502067.635574,1.409361381828785e-05,55588914285.41215,8.05932778585702e-06,195232784263.78964,1.0015066098421814e-05,3.818912390903221e-06,1.9279667861294687,0.1058645312674343,0.0230677478089928,0.7960564272100761,0.1243669864526026,0.2536685091465009,0.2536685091465009
-33.288665656000376,0.0279419294418767,7871178917.902769,7.348810292780399e-06,14437498285.604944,9.917500349693e-06,200115765295.9228,1.3887587778270243e-05,1.2014660421542254e-05,0.1794541958579874,0.1734628771431744,0.0138087534662336,1.3826258791573605,0.2790983397470468,0.18861769028239,0.2790983397470468
-35.41558180004358,0.0404039777442812,20492704553.427723,1.2064092867076398e-05,7413772371.895958,1.283824404608458e-05,193985741641.37244,1.2866796150803568e-05,9.032307944111183e-05,0.4471596463726454,0.194645235221833,0.0177883836133405,0.6515856201615124,0.2781244842901642,0.321777642562829,0.321777642562829
-60.87812043726444,0.0163411326287314,3658528697.679673,9.370434820652008e-06,31474743100.094368,5.133901891298592e-06,208790861424.0587,1.123837224021554e-05,2.843651997677172e-06,0.7736396144954676,0.1255271139554679,0.0190875223996117,1.6711302631726508,0.1137970795029172,0.1871150607113336,0.1871150607113336
-62.71636618301272,0.0547871041903272,22373643384.64437,7.747070901095867e-06,5115746208.389419,4.773697062395513e-06,196835335418.582,1.0390793457627296e-05,4.350816854718802e-06,0.4046415054830937,0.1317553975619375,0.0211478343494236,1.235464404007918,0.173642137826068,0.1709600082765975,0.173642137826068
-41.076849568635225,0.0356517019215971,3064710348.9173875,1.4945262610912323e-05,21712096139.047504,1.1212395944632587e-05,201640502884.984,1.3519174966961144e-05,1.381177984409528e-05,1.7850929017242172,0.1884170004166662,0.015975441167131,0.7434058738798959,0.2442804382047312,0.3934362053481288,0.3934362053481288
-27.64157559722662,0.0452955211093649,9978549056.00242,9.722159937024116e-06,38738277318.08876,9.557003662921488e-06,193008028287.4405,1.2727387379854918e-05,5.786898054965994e-05,4.482209763062532,0.1671919181011617,0.0134305735221132,1.429997102162714,0.2226081964880438,0.2538843432830767,0.2538843432830767
-68.56552347540855,0.0254570101015269,6702979712.172705,1.296246025711298e-05,10051904251.789469,6.433222225867211e-06,207890980709.3441,1.1354822389781476e-05,1.8383539060820884e-06,0.1611340184255037,0.112135539855808,0.0236936940336599,0.6353025811487941,0.1399868291988693,0.2207198235606288,0.2207198235606288
-73.91137044876814,0.0390457695024088,4453416658.285318,1.1311637654900552e-05,15637555697.414051,6.183629383333027e-06,192430160064.25024,1.221204163506627e-05,4.7648994900234254e-05,1.05023063899585,0.154759949631989,0.0224530239719897,1.8022595279621,0.1880935033284269,0.2946234283610864,0.2946234283610864
-22.264743745327,0.0206134228315204,19136063308.97,1.0005795396864414e-05,44147737402.51072,1.2058784651570022e-05,207234718073.15945,1.1838561087846756e-05,1.4995042904978475e-06,0.685920136494456,0.124702045507729,0.0148289462439715,0.5080505973193009,0.1463926712242151,0.1750294744437655,0.1750294744437655
-46.45380882546306,0.0499434538884088,5638852791.330851,1.3282593540847304e-05,25000005799.971264,1.0400296966545285e-05,198663813993.3348,1.090804059058428e-05,6.364200293501337e-06,0.2435968905770784,0.1442972753196955,0.0171716745356097,1.0542443990988826,0.1750502480254784,0.2939892240580642,0.2939892240580642
-57.370677907019854,0.0294017156213521,14261871976.15015,8.026927828788757e-06,8031381927.318689,7.838001352734863e-06,203546155169.6062,1.30335534773767e-05,2.005339250883009e-05,2.9575924713430592,0.1759604040533304,0.0201112873321399,0.8779094689690875,0.2558030508606226,0.2148470249450591,0.2558030508606226
-56.2587952055037,0.0387625113828107,15124257000.99758,9.425914339721204e-06,54054120896.454094,6.256676219403743e-06,199789848141.3722,1.358279401063919e-05,1.2097509094625134e-06,0.1732304501794667,0.164211636967957,0.0155770010696724,1.0112317635280468,0.2712219032640223,0.2228709470368024,0.2712219032640223
-47.44421249255538,0.0178198633342981,4590387902.160141,1.21394659280777e-05,12713170277.92445,9.452299116179346e-06,204906845949.5902,1.0460240472108126e-05,3.844158290339448e-05,2.0012320205144003,0.1091590734198689,0.0215526719121262,0.8980654061516775,0.0786143168842058,0.2139601884610409,0.2139601884610409
-22.91440673172474,0.0503646821575239,11365861726.560217,7.416378512978554e-06,7197865921.147523,1.1035869350656869e-05,190991797652.09555,1.1293166663497688e-05,2.8770207766798185e-05,0.7107099362805592,0.1348273251205682,0.024111325873062,1.7476288276783722,0.1791005016469617,0.1808725114088348,0.1808725114088348
-73.38204208761454,0.0315314149763435,5860522334.081836,1.4141288436949254e-05,27756673620.35537,4.668973103165626e-06,206186660882.0856,1.2671620644629002e-05,9.130608401510628e-06,0.4878441771660802,0.1914973203092813,0.0130193387120962,0.5253512559694747,0.2485828070876745,0.3520852446487131,0.3520852446487131
-67.5639184564352,0.0567904081335291,3861637448.628057,1.3615475490689278e-05,17678835104.304867,7.66253845579922e-06,194153593983.5012,1.1779093448072672e-05,1.2837784619849575e-05,3.134156317071699,0.1472746946848929,0.0152270392281934,1.4918197708707723,0.179571778478232,0.3343302416205269,0.3343302416205269
-28.75641990453005,0.0365508049540221,21616438714.359222,8.825004555284977e-06,6250746429.986322,1.029451038315892e-05,209271202441.30493,1.215455673635006e-05,4.04400763396274e-06,0.110547313547778,0.1789401122368872,0.0220486327530816,0.6206255219496464,0.269383460027167,0.2119191496242442,0.269383460027167
-41.60227308049798,0.0437818356463685,8516073948.628207,1.1601817958056928e-05,11154583633.219543,1.1883371140807868e-05,195377441458.40405,1.309887208789587e-05,3.038630689403135e-06,0.2775724147455666,0.1516786768101156,0.0196941017881035,1.2749372941299195,0.2258600475623909,0.279172291072031,0.279172291072031
-62.07701673731208,0.0242453519348055,9721186412.445663,1.083075040578842e-05,34743606684.00698,6.077793413773179e-06,200572914741.9333,1.0975280921906232e-05,9.565196480283956e-05,1.2480750660553657,0.1216306908987462,0.0175825621839612,0.718439631873264,0.1273984006386773,0.1993143155042388,0.1993143155042388
-60.23853540420532,0.0518052422627806,7135807733.988729,8.20789860934019e-06,16088229915.442766,4.469557233154774e-06,192553310710.9368,1.162748708575964e-05,1.48919833533714e-05,0.6622153005919985,0.1153528635390103,0.01618220502045,0.6890195368786105,0.1755428236997708,0.1436465624521715,0.1755428236997708
-35.94032537192106,0.0273524736938998,10615996484.377735,1.3482488930225371e-05,50125764960.02054,1.1540709568187593e-05,207748774457.7229,1.2250996749848128e-05,4.733474077138056e-06,1.0902626477673114,0.1579565499909222,0.0205419990206137,1.584619286235311,0.1447312461864323,0.3375263865544439,0.3375263865544439
-34.40330209210515,0.043015575511381,3289314779.743684,1.0197870686650276e-05,25742888762.99174,8.685948079451918e-06,196352543458.34256,1.3494628611952066e-05,1.9820946426939392e-06,2.7167105174117108,0.1851630541495978,0.0247121642120182,0.8326885195440278,0.2845515196598782,0.2784197150463084,0.2845515196598782
-69.41660700365901,0.0164534153463318,24003977491.17124,1.1484788276255131e-05,9110291228.238651,7.319653689861297e-06,201470218673.3484,1.061908482015133e-05,6.295748969096757e-05,0.2657266541815975,0.1410517993383109,0.0120114445183426,1.29698093466326,0.1097084599378309,0.238484216458572,0.238484216458572
-79.04331522062421,0.0480376906134188,13511808501.022282,1.2772455349564552e-05,5799073573.81383,5.310446741059422e-06,198187123164.5345,1.3948755767196415e-05,1.365912003259272e-06,1.694279928172312,0.1977202160283923,0.0142167630651965,0.9218770044756328,0.3098662598621882,0.3631175396588765,0.3631175396588765
-24.75264711305499,0.0228816947853192,5345740370.007742,9.543015517294408e-06,22369357709.377167,1.2942949716001746e-05,203381976857.7814,1.0070343293249608e-05,4.3015261382520914e-05,0.4257834384233614,0.1286043835803866,0.0226534399753436,1.1815813399501525,0.1168166220436811,0.1988989131741141,0.1988989131741141
-45.5908252298832,0.0582337563950568,17687030514.900047,1.4758313350379468e-05,43954226485.39058,1.009403021261096e-05,191969341356.30728,1.1175242245197296e-05,1.8267779101838105e-05,0.1500610062530129,0.1028811998665332,0.0186858108658343,0.5632340650117854,0.1508983154838084,0.2250102324239928,0.2250102324239928
-50.61169620603323,0.0323746518278494,4117782152.2729263,7.549261093139649e-06,10347190782.253485,8.164048442617058e-06,207086405921.72745,1.2797836411744355e-05,5.74560214012495e-06,4.807927801451776,0.1704894639551639,0.0181837972514331,1.954855114891899,0.2252800288069244,0.2125260875217408,0.2252800288069244
-53.697581589221954,0.059649239773862,10444131930.414465,1.1979846380650998e-05,30088570506.08856,1.2541353171691298e-05,204125172141.9394,1.103278924524784e-05,5.599328683982775e-06,0.1221339665589142,0.1730348653160035,0.0146139316894114,0.7618506665921202,0.2379727463746616,0.2862384932736015,0.2862384932736015
-42.59760838001967,0.0334825873374938,7016871864.860929,1.070476558804512e-05,7812065105.24518,5.470356404781341e-06,199320300016.55225,1.2908314500004052e-05,1.764079494655777e-05,3.625122411844156,0.1038755512796342,0.022211031878367,1.2148429149112443,0.1435453874257094,0.190951577760106,0.190951577760106
-25.88657053187489,0.045937533234246,22846550285.398563,1.398938409984112e-05,13764030315.344427,8.320512004196644e-06,205406473577.0225,1.3837309192866089e-05,7.487112140747193e-05,1.4435754559182232,0.1280059070326388,0.0198946860572323,0.6234873132468195,0.206026088795517,0.2578036039728746,0.2578036039728746
-77.81884042546153,0.0218802723940461,3128991744.4861894,8.702956445515157e-06,58451085923.2237,9.6870649587363e-06,190523206740.6177,1.0213780038058758e-05,2.356513935086268e-06,0.3066675425095202,0.1955599964596331,0.0169312695497646,1.4685725344616385,0.185506849649283,0.2643791817896326,0.2643791817896326
-72.38510416820645,0.041116004451178,5616551987.916198,7.040287241339683e-06,37572619869.8274,1.1696117948740718e-05,209738919436.9316,1.3352168459445238e-05,4.931720504461152e-05,2.3848686155600736,0.1404730658978223,0.0157842305172234,0.5166069205771654,0.245889061444661,0.1453558983831112,0.245889061444661
-31.29269791767001,0.0156524076126515,14204132728.865082,1.4269240446388725e-05,12077524411.208864,4.063665399327874e-06,194934657365.08368,1.0729554802179338e-05,1.5673483188152624e-06,0.1854975497814631,0.1830317329615354,0.0209836012385785,1.7585491006176948,0.1121065788532442,0.3217205574337536,0.3217205574337536
-37.191350907087326,0.0534213119605556,4185544898.697084,9.053942881524562e-06,6784639716.592577,6.916916133835911e-06,201042115930.46783,1.151603240519762e-05,6.566920617624542e-06,0.5223863600175234,0.160482401587069,0.0235040701040998,0.8549565016860285,0.2267493638619121,0.2171453545980843,0.2267493638619121
-59.13116183131933,0.028660823861137,17986798200.907604,1.2263481229543686e-05,19165519192.89135,8.846982661634683e-06,196159459743.6488,1.2394426342099906e-05,2.0838032745398765e-05,0.8469594986978511,0.1163185099139809,0.0132647533034905,1.074263777118311,0.1351049781494174,0.2244377025937985,0.2244377025937985
-64.73432088270783,0.044584823437035,4985551172.278133,1.4636342607438564e-05,8424356537.167875,1.0736760130152104e-05,208216765709.22137,1.324206370860338e-05,3.365033780507223e-05,0.3683791982154429,0.1225894629955291,0.0139968150835484,1.8831553295875567,0.1655858805328031,0.3079921674108297,0.3079921674108297
-39.08867811784148,0.0261470641521736,16434216500.07126,7.923277586698533e-06,23775838157.78054,7.54108466207981e-06,193334099985.65912,1.0863591190427542e-05,1.0598626173646551e-06,1.5346090667849166,0.1542113989591598,0.0232351795434951,0.5782216887354592,0.1848306310313723,0.1778872050667641,0.1848306310313723
-29.381195679306984,0.0554840259533375,6579217813.471784,1.264636479318142e-05,46181626041.671326,5.953185342252255e-06,201939088534.5637,1.1889814753085376e-05,7.967769282500947e-06,4.354855728300173,0.1768034553155303,0.0192803449528291,1.1017625939502724,0.2228390376484894,0.3315931582179734,0.3315931582179734
-66.79709289222956,0.0349368858011439,12766703213.190392,9.920968718826772e-06,14840289656.78627,1.231999468617141e-05,197134893219.918,1.2012348800897598e-05,2.505683651784572e-05,0.1298287714081949,0.1467012947425246,0.0179510547993704,0.9989861161261224,0.2137244615322751,0.221860351167529,0.221860351167529
-75.92218689620495,0.0492533931322395,19255128801.11762,1.0321780011057854e-05,9545295500.04655,9.326550032943486e-06,202600577306.0024,1.1436351131647826e-05,3.398839437364263e-06,1.0174557187226734,0.1893317679874599,0.0168079814538359,1.407993733159303,0.2357888715322045,0.3139309615635361,0.3139309615635361
-20.28365332633257,0.0301124173169955,3437909549.385772,1.1112741358578208e-05,40498753453.33184,6.6944246832281344e-06,197717300932.8544,1.255992280691862e-05,1.080487828041261e-05,0.5552961333251115,0.134234185051173,0.0203668813612312,0.7757320383765511,0.1766536570865216,0.2176956703056578,0.2176956703056578
-48.18631926551461,0.0397605923283845,8950655095.680939,8.335927747189999e-06,20661643958.172752,5.110167669132352e-06,206305887289.34528,1.3693507209420203e-05,8.082114784643212e-05,0.2228249399713724,0.1101465535350144,0.0245242520822212,1.6294375139935946,0.194819291986994,0.1600755229417994,0.194819291986994
-55.60929974541068,0.0199164970451965,7837267852.473314,1.3106505304574966e-05,5362853097.633216,1.0915488976985214e-05,191501081921.16025,1.0318025384098291e-05,2.5667659408833163e-06,2.535271691608126,0.1667639118619263,0.0126500154705718,0.6630320266658909,0.1135959640276389,0.2951864251577422,0.2951864251577422
-55.059433709830046,0.043262149519287,9320365566.088743,7.97702743858099e-06,13164274385.956505,9.052935200743376e-06,193878487627.95328,1.0248864136636258e-05,8.745871875436892e-06,0.2537693802270048,0.1013142008334398,0.023592769594863,1.1062531518592291,0.1347327313045858,0.1440965337852965,0.1440965337852965
-48.647207487374544,0.02482430415228,8160923400.167864,1.4705608993768692e-05,54796058662.33939,6.974639912135899e-06,208917417954.6535,1.3872408133000136e-05,2.7760078955131145e-05,2.8434029841664943,0.1688698220998049,0.0135306951813399,0.9815753742967064,0.1837715897118798,0.3569498758952432,0.3569498758952432
-20.773888491094112,0.0569723075861111,21071853066.31346,9.990250155329705e-06,28430425427.52653,4.269632590003312e-06,195027986504.1375,1.2880989674478767e-05,3.6946866050432224e-05,1.141112865917746,0.1992501543834805,0.0158733242908492,1.91144195983656,0.2738288764448519,0.3025573633705358,0.3025573633705358
-75.51886960864067,0.036425081687048,3762307256.5444055,1.2700160630047324e-05,7235242469.888117,1.1753818224184212e-05,200300955362.618,1.1005541250109672e-05,1.1738759766520646e-06,0.6324131148604298,0.1300893085077405,0.0212507354086264,0.5743244334571616,0.160694027040868,0.2498404485198953,0.2498404485198953
-66.36458735913038,0.0505659365979954,6113662855.071181,1.1041397914290429e-05,6106578879.823168,9.89403522852808e-06,199511766172.9455,1.2429547872394324e-05,9.997030893009205e-05,4.880626457414483,0.1868057905696332,0.020008672196418,1.6228092576611597,0.2443583371058148,0.3419943104751414,0.3419943104751414
-29.95944172143936,0.0314250463619828,11862833095.607325,1.0266200967133046e-05,17577592547.343945,8.377226366661487e-06,204551306553.185,1.1551108695566657e-05,3.1456050337619705e-06,0.1477529918832405,0.1426434188149869,0.0172734806928783,0.6748019644362113,0.1885767273560045,0.2012793479531464,0.2012793479531464
-39.4617816619575,0.0382618365855887,4709954724.841367,1.3050880275666714e-05,33572287496.26916,5.677363655529916e-06,190644097607.5828,1.070232939720154e-05,4.202956081121869e-06,0.4192370315767331,0.1138440632261336,0.0147283155014738,1.3871766646942592,0.1140613902267729,0.2384426808389577,0.2384426808389577
-64.21387465670705,0.0184178272169083,15526376791.626549,8.264569252729416e-06,10996513260.780931,1.2598005072213708e-05,205917677115.649,1.3324835825711489e-05,1.3245233505590316e-05,1.719888848289952,0.1564012103714049,0.0225544326985254,0.7809893035961429,0.2202769643524098,0.208070992540233,0.2202769643524098
-58.566761799156666,0.0583359674178063,4010927752.7155375,1.0633515797555447e-05,50813903191.70232,1.0849144461564715e-05,198458529263.7348,1.2039650678634645e-05,6.0682991277500486e-05,0.4658611735444276,0.150172974448651,0.0242071091011166,0.6328459478973094,0.2353573300318343,0.2363700102273279,0.2363700102273279
-37.60840825736523,0.0321692294022068,17236544666.325962,1.1924112647771836e-05,16659052499.416449,4.912827585823834e-06,203732137382.0305,1.191707043722272e-05,1.9266665234220044e-06,0.7439025473202897,0.1200723457150161,0.0125109115298837,1.4586896640126108,0.1289586984632229,0.2228478575843918,0.2228478575843918
-31.797695960849524,0.0474383053276687,5121349804.264243,8.647238239645958e-06,9157576776.877249,6.628039565868675e-06,192322496566.92148,1.0828545179218054e-05,4.536973896227968e-06,2.0946846910401944,0.1489144255407154,0.0164904424948617,0.7649639119059829,0.1880811627652729,0.1864068653938279,0.1880811627652729
-72.02584663406014,0.0233809585729613,12951672870.035995,1.3918179817497733e-05,26367821435.808548,9.129276032559572e-06,207361989263.4452,1.320691142231226e-05,1.4427032648415297e-05,0.1654253424780884,0.1805348296649754,0.0202265861453488,1.193657494595376,0.2288544867109275,0.3709350865164315,0.3709350865164315
-77.37157201394439,0.0424407805502414,24635583037.16645,1.4322897121310236e-05,22241306332.868263,1.2254666292108595e-05,192822809610.51584,1.0345304135233164e-05,5.967559297236533e-06,1.2670168488644689,0.1363602690398693,0.0189884918164461,0.8423071419127524,0.1409075559258794,0.3005408109093806,0.3005408109093806
-26.420756820589304,0.0169772697938606,3374148499.690819,7.109707839787006e-06,5665310004.955986,5.754837452434003e-06,208095807079.22577,1.3720801755785942e-05,1.87718811637414e-05,0.2732881391383025,0.192979147285223,0.0178882169276475,1.0815556695865782,0.2826667949983263,0.1932295217542234,0.2826667949983263
-42.98524592071772,0.0519323872681707,11077409937.748978,1.2332856319844725e-05,10200537711.536854,7.475745505653321e-06,196708826571.7029,1.2524793587625028e-05,4.482865987618351e-05,0.1088404315926532,0.1626415399834513,0.0137045629667118,0.5145109043578523,0.2565106289327464,0.2495773683649923,0.2565106289327464
-53.2209662348032,0.0271719849156215,7442037624.025562,9.107584029436111e-06,42472488208.765305,1.0538431853987276e-05,201747709214.6873,1.140129778906703e-05,1.411543540144133e-06,3.1817406718239507,0.1075424371287226,0.0231711541740223,1.789747367842838,0.1174704029392598,0.1792968095977729,0.1792968095977729
-50.209410674870014,0.0533039947366341,18719774041.04652,1.3428740911185742e-05,7842752901.109829,6.161968198604881e-06,209386908784.5087,1.2636239178478718e-05,2.2815016136169745e-06,0.1318019530722689,0.1116284982301294,0.0193761265827342,0.8293190974382316,0.1836448869685972,0.2305662515180156,0.2305662515180156
-46.08208857476711,0.0288511400856077,4358465700.1996765,8.138630151748657e-06,30855087459.727768,1.2098028655163944e-05,194660218581.55728,1.125786202773452e-05,7.179847041261113e-05,4.287676378602693,0.1682969735004008,0.0174426226289942,1.3200311698980058,0.1854836925843317,0.2224837774234256,0.2224837774234256
-25.21456351503729,0.0417030301177874,14540443180.209124,1.1415504828095436e-05,59327400319.002045,1.0378631356172264e-05,200769565273.0763,1.0487756211310623e-05,1.7136676999851595e-05,1.5109498498606009,0.1877152017317712,0.0149102519080042,0.6788461171822563,0.2015105186414188,0.2907239357117845,0.2907239357117845
-78.49448094144464,0.0151407842058688,5752378255.385682,1.0144076623022556e-05,14235573141.757229,7.877241467125713e-06,195808154661.2084,1.361032459139824e-05,5.399706019384829e-06,0.3739744729337715,0.1326641581021249,0.0219090925659984,1.5953928143269844,0.1700589793714935,0.2180640206181188,0.2180640206181188
-68.89696007594466,0.0465494070528075,3005468617.611128,9.614357188344005e-06,11892306511.938316,4.751970834098756e-06,203770185876.6377,1.0939998876303434e-05,2.1547752473725533e-05,2.42101210640738,0.1752450400963425,0.0238186437087133,0.565518298192958,0.2343902549586267,0.2345724126709082,0.2345724126709082
-34.777208510786295,0.0213934968039393,21933124804.92924,1.2828036405146125e-05,36351303663.73975,1.1251712770201264e-05,199044106323.272,1.306348281353712e-05,6.840382379894523e-06,0.233226251075686,0.1451955223456025,0.0129556752024218,1.92074379925853,0.1577821136956229,0.2778712517693343,0.2778712517693343
-36.519374288618565,0.0595564270438626,6852390882.147605,7.604888193309307e-06,19078133400.80357,9.53526469413191e-06,205135677829.3848,1.2182109907269478e-05,1.6116148919111663e-06,0.5812223694291624,0.1241840627044439,0.0152855097930878,0.935704310453056,0.1939550220791287,0.1514722797816485,0.1939550220791287
-59.806829169392586,0.0336974083911627,10194107678.94678,1.4829670011997225e-05,6619824534.114072,6.472525774501263e-06,190174877271.0561,1.1806601379066706e-05,5.1197065943953705e-05,0.9715919498125148,0.1558510120958089,0.0214894039928913,1.1735937177698608,0.1559010573730564,0.3481744015475035,0.3481744015475035
-61.718562077730894,0.0402514393441379,8029060101.833552,1.2210717789828778e-05,24381478247.62632,7.940428745932876e-06,202951329108.32764,1.0591607168316842e-05,2.4329215707095808e-05,0.3113072193367681,0.1620739003643393,0.0187752866456285,1.721806777618323,0.166680893168965,0.3168679686745296,0.3168679686745296
-42.10807042196393,0.0193087057163938,9164736177.933208,9.481646239757538e-06,8457469613.273346,1.0018808792345224e-05,197990557160.2285,1.3467044685035943e-05,7.65421090169571e-06,1.421402693675294,0.1179611256346106,0.0184505184208974,0.5289286089846303,0.1706529380362576,0.1658949507523247,0.1706529380362576
-29.174276553094387,0.0490399079862982,3580785426.6733174,1.419700486958027e-05,15348740496.551476,1.271935828309506e-05,206579696796.83447,1.2286355268210172e-05,1.0232997900282552e-06,3.56940874178421,0.1389176532626152,0.0143050495553761,1.0071505398937717,0.1735944189316004,0.303657359800594,0.303657359800594
-67.00032129883766,0.0302065548906102,20045437269.17716,7.487584806978703e-06,46873882314.57562,5.235223074443638e-06,191853569559.75293,1.1662799410521984e-05,3.2216633221888123e-05,0.1239829325854106,0.1815228596329689,0.0229197638593614,0.914016348733161,0.263301824388505,0.1946976746061111,0.263301824388505
-72.90645491331816,0.0552896379679441,12464218204.156076,8.771345868706703e-06,39182229004.09461,7.09485103841871e-06,208565610311.9254,1.2770275551825762e-05,2.6465505271892145e-06,0.8088290059481059,0.1263863381929695,0.0248269362291321,1.2940465059665522,0.2090750935543819,0.1989912847557783,0.2090750935543819
-23.303076028823853,0.0350501208705827,6426706438.724289,1.3546056665480138e-05,9398933504.685766,8.611918465234338e-06,193604228310.287,1.11477572619915e-05,8.403894052101655e-05,0.5467438953858242,0.1939930704422295,0.0123544385368004,0.7135904394464079,0.1994478450454397,0.3466723909844982,0.3466723909844982
-47.97943053767085,0.0450951112713664,15781362515.535116,1.0761377148330211e-05,5232588924.679401,1.1315964349545537e-05,202216025944.7992,1.010567868500948e-05,1.1178165575673403e-05,0.19414500803,0.1745199109427631,0.0162957843579351,1.4978858029987387,0.1905537452607634,0.291348307922768,0.291348307922768
-55.81255497410893,0.0255587133066728,4789943292.397999,1.1548174738883972e-05,20567387797.325977,4.395478500984609e-06,197489288058.132,1.3984106954187155e-05,3.554024824542495e-06,2.277521947356075,0.1054056103341281,0.0208845983687788,0.6097894384428875,0.1637784804235517,0.1870673494246924,0.1870673494246924
-56.80617058649659,0.0562767162825912,5404894434.825523,1.490516906231642e-05,11340399687.02456,5.340905571356415e-06,201247467268.2584,1.339955747127533e-05,6.764813193602917e-05,0.2175623412157519,0.1420933422632515,0.018055648855865,1.4241923940363794,0.2231374673315417,0.3380752169805817,0.3380752169805817
-46.870744582265615,0.0371412280993536,13670914939.856348,7.660241723060608e-06,32633658622.91012,1.2894925232976672e-05,195973563212.90137,1.0526043582707644e-05,2.1303708072693404e-06,2.6012901843607024,0.1846947339363396,0.019176553627476,0.6465712888160691,0.2228935825113553,0.2094250587306792,0.2228935825113553
-22.769634500145912,0.0439714307337999,4061932360.811054,1.2875585094094278e-05,18165813111.42812,1.0124476302415132e-05,209846497252.5835,1.1720525946468116e-05,5.087484540792298e-06,0.9237072055057908,0.1588067556731403,0.0233338251663371,1.2171812892175855,0.184222084583176,0.3206467512750722,0.3206467512750722
-73.55199132114649,0.0241328341467306,17452890687.15914,9.682051338255404e-06,5952074596.552684,8.11601068265736e-06,194807319566.60748,1.234606645256281e-05,1.6001231321925354e-05,0.6126131760301023,0.1146855886094272,0.0138973853262141,0.7484504794672691,0.152117168585986,0.1698624668450247,0.1698624668450247
-68.11837665736675,0.0375456834677606,10762849907.993933,1.0090795353055e-05,7056393203.796781,4.500081107020378e-06,205591606572.2704,1.1203280452638866e-05,7.130524588812362e-06,3.931886292353676,0.171347083710134,0.0127497543971985,1.0585503846667013,0.1946208172812341,0.2558509172903197,0.2558509172903197
-28.175869174301624,0.0191134225437417,7230000545.361647,1.1349654175341133e-05,29363725265.63303,1.1492612263187763e-05,190318313762.5456,1.283168964087963e-05,2.26646696604942e-05,0.143535573507694,0.1022304942831397,0.0244253220856189,0.8625969219460521,0.1427635665002344,0.181549088213994,0.181549088213994
-41.46460870280862,0.0512574133090674,23736311905.25008,8.064959399402141e-06,53295840888.336044,8.716467527672647e-06,204251747597.0089,1.3914904914796353e-05,5.33714575166395e-05,0.3604474366857041,0.1296628281474113,0.0204701899485662,1.829305648211489,0.2254873481400778,0.1848510111994808,0.2254873481400778
-62.239858116954565,0.0307157611241564,3251287883.4052587,1.3367639482021331e-05,13567583565.512943,7.271552495658397e-06,199213179368.52576,1.0042306523770094e-05,1.6952415000668136e-06,1.565923055658501,0.1972596421837806,0.0167038949308916,0.5046306340913109,0.1796226330011432,0.3439774193027118,0.3439774193027118
-60.32837599515915,0.0481558733107522,21334245802.168434,1.1748188488185407e-05,41097214814.59596,7.772639850154519e-06,206413074694.57388,1.132755120843649e-05,8.497703011592484e-06,0.5099588019413969,0.1909886414185166,0.0170314887929707,0.959781089066446,0.2384599502889555,0.32701714095914,0.32701714095914
-35.87657731026411,0.0226867781113833,3808552031.462225,1.0942229568958285e-05,10465326694.416897,1.0201982419937848e-05,191374439708.8885,1.2700100522488356e-05,2.676843168284128e-05,0.8689602352456024,0.1359337830916047,0.0197936578355729,1.1287652969971649,0.156725993623388,0.2328258918085886,0.2328258918085886
-33.77902241423726,0.0576486548362299,9833824183.628347,1.3719088986516e-05,5493516724.099334,1.1993476424366236e-05,202805460747.3314,1.3554311756044626e-05,3.576626974998086e-05,2.1655167560624844,0.108458724245429,0.0223140275189653,0.5863621693164268,0.1898860696630995,0.2296417799939973,0.2296417799939973
-70.01570967957377,0.0328826787695288,8611910140.274277,8.963539458811283e-06,22881030169.59784,5.98526987619698e-06,197532177474.34973,1.0425854489207267e-05,1.125874736277482e-06,0.2046563773985053,0.1651188071817159,0.0145117140328511,1.8675689028566973,0.1824669031635247,0.2280551313205997,0.2280551313205997
-79.14069639518857,0.0526265610242262,4536843985.354213,7.308810368180275e-06,27110037193.792664,6.366842120885848e-06,202066493090.24216,1.3006243910640478e-05,7.707084074088074e-05,1.3036011673978614,0.1209138647653162,0.0133664618767797,0.6613708132881644,0.2108982916810154,0.1342958161348907,0.2108982916810154
-44.974111169576645,0.0417273378884419,5938506808.37521,9.283466510474682e-06,17081282329.518038,1.1146048529073592e-05,208402652703.2256,1.1873599410057067e-05,3.259514168245972e-06,0.119483200085799,0.1784237793646753,0.0210849153837189,0.7992994003812157,0.263508412648761,0.2349713043410454,0.263508412648761
-51.203233264386654,0.0176645783521234,11521880388.547615,1.202413845062256e-05,49198814218.83378,4.576385594904423e-06,193128758184.6118,1.2247186351567508e-05,1.0344491357509598e-05,3.6988617340083256,0.1483643434010446,0.0156837005550041,1.3585244222318156,0.1200295047600748,0.2665387334560775,0.2665387334560775
-51.98565185070038,0.0410143012460321,3506789899.99378,8.43906631320715e-06,6405530300.686814,9.23396185413003e-06,195504667200.1481,1.1980903342366218e-05,3.110048172887643e-05,0.1539593649965337,0.1458432607352733,0.0121124712387099,0.5411322383035984,0.2203741601169801,0.1636645366790523,0.2203741601169801
-44.33563064783812,0.01585281745065,19633091621.383804,1.3245515137910845e-05,19573546926.832947,6.80460319109261e-06,200465143807.2324,1.2109372589737175e-05,9.88680197576349e-06,4.693536275894509,0.1774537466466427,0.0246119464701041,1.6879282911857765,0.1076956292628658,0.360618845778726,0.360618845778726
-27.18124868348241,0.0540228930115699,7670927968.050999,1.0468655988574029e-05,35249326269.06152,5.017567018046974e-06,194339297395.19952,1.3145042311400176e-05,1.3150605379604604e-06,1.8692736669612071,0.1531524924561381,0.0206442181784659,0.8954967738016194,0.2389283691879384,0.2371331314521106,0.2389283691879384
-76.49898527190089,0.0281582900835201,8755071374.50969,1.1223715074360372e-05,12234477726.273727,1.1025654476135967e-05,209065739046.78223,1.0772504024207592e-05,4.17645150372292e-05,0.3866208427406281,0.1230495749041438,0.0160792078785598,1.031178267047,0.1295933595580418,0.2217560923571956,0.2217560923571956
-70.68074004724622,0.0588444005046039,16791986247.044884,1.2503445848822597e-05,14636147282.224651,1.064423726312816e-05,191098806243.38983,1.3661608535796403e-05,2.757773308603736e-06,3.0037086227578382,0.1657220500521362,0.0182863101055845,0.7278176453366988,0.2795848590733396,0.3052116902123495,0.3052116902123495
-33.02315456792712,0.0343861332396045,5095846905.501045,9.806112356483937e-06,57563284442.19196,7.651190616190433e-06,206059892307.9669,1.0288032621145248e-05,8.685987905122301e-05,0.2399607351705749,0.1106145548634231,0.0185841007912531,1.264807904601032,0.1236192633648332,0.1753127182923034,0.1753127182923034
-38.493569642305374,0.0472422503493726,12513341219.618364,1.4529276095330717e-05,31636835636.499187,5.860657781362533e-06,199994548000.3953,1.1466341502964498e-05,1.161239021732255e-05,0.6756877323307127,0.1333836128003895,0.0227539684362709,0.5956553715494196,0.1751001659311592,0.2772942979871807,0.2772942979871807
-57.80376609414816,0.020674602552317,6453072089.991403,7.788117498159408e-06,7593407275.502562,1.243009648285806e-05,204721600897.6102,1.2591820057481528e-05,3.651830969633748e-06,1.0665963421921043,0.1899986763484776,0.0141154504213482,1.528921817707531,0.2296292305966278,0.2369397492611662,0.2369397492611662
-63.45062905922532,0.0497506054909899,13895442002.920803,9.157574258744715e-06,21210367438.937965,1.1648016083985564e-05,192154653165.48944,1.3806876666843892e-05,1.8987008242004505e-06,0.2847994664457695,0.1962765513919294,0.0131231317324563,1.3523750243087884,0.3265788906930658,0.2792417886523061,0.3265788906930658
-40.34627741202712,0.0295165010076016,5496679844.264752,1.2402015417814257e-05,5086243484.535329,4.09418417699635e-06,206881639305.50217,1.0181348141282798e-05,6.034248097299205e-05,1.2186024146847114,0.1271057873032987,0.0240067301215603,0.8120039356225753,0.1161624225289471,0.2413806834589839,0.2413806834589839
-31.18467815220356,0.0395545177487656,18337645739.2336,7.186671838164329e-06,9713368089.324644,6.86881842650473e-06,198313882201.91003,1.1065223533660174e-05,1.421687398407326e-05,3.4576589226898613,0.1043916606344282,0.0216520999744534,1.5651176085011684,0.1331223569983286,0.1362536147536996,0.1362536147536996
-65.0187874212861,0.020023521669209,4269923303.858588,1.4380692191421986e-05,38190500825.48041,8.877506133168935e-06,203274977803.2303,1.2938748449087145e-05,4.5112778273133095e-06,0.1003615175059573,0.1719449930824339,0.0154783571418374,0.6940135054269932,0.2209589562718824,0.3312820861856534,0.3312820861856534
-74.6456029266119,0.0457851718598976,6881163847.0304165,1.3846950337290764e-05,45715639096.93142,1.2493316082283852e-05,196558073610.0673,1.1612490545958282e-05,1.9394558828397783e-05,0.785742776365947,0.116826631501317,0.0176814904855564,1.961942836521102,0.1304355730227542,0.2991162988755825,0.2991162988755825
-21.534144766628746,0.0248480117786675,10238599466.964708,8.58760154992342e-06,15852754139.050442,5.500803165137768e-06,201284448504.448,1.2485099963843824e-05,6.110300071990091e-06,0.4404624810078912,0.1593753863126039,0.0195943645564839,0.5520157765530387,0.2201547780557321,0.1846463250424277,0.2201547780557321
-49.99688455834985,0.0545748153096064,3198757356.625584,1.1872296117246152e-05,8226000937.613527,8.272487923502921e-06,192661072108.8946,1.326149244606495e-05,1.4583911394636815e-06,0.1767648343134929,0.1837315725162625,0.0221527209710329,1.1477980376486414,0.2980189306002744,0.3248768273719801,0.3248768273719801
-53.82391145452857,0.0357470464892685,23339943092.034584,1.057010641694069e-05,25128694381.207127,9.717524191364643e-06,207621558252.722,1.0633095238357785e-05,4.5901743418029664e-05,1.958146961618325,0.1395653860643506,0.0151237289458513,0.9537601496103132,0.1483828891602668,0.228516761067091,0.228516761067091
-53.8883837684989,0.0546922577172517,13725115097.705132,1.3354668699204924e-05,51791871427.37672,4.07135103456676e-06,190015974827.1108,1.1424144681543113e-05,7.702399337667249e-05,4.521563816628526,0.1243447514250874,0.0187855970468372,0.9916607342679864,0.1590774656682267,0.2667330125046679,0.2667330125046679
-49.81965944170952,0.0359029305679723,5427272296.15864,8.079942911863326e-06,13426891034.25396,1.1633504964411257e-05,205289849974.21503,1.2548691876232624e-05,2.423249535437804e-06,0.1594838487655265,0.1551778020337224,0.0184973277971148,1.0920183944979958,0.2390430731138702,0.1931526456414363,0.2390430731138702
-21.47598816081881,0.045903975656256,17380637186.91847,1.136457644402981e-05,6849989722.154837,8.854678958654402e-06,198890051078.05133,1.3697902411222458e-05,3.2395546454419263e-06,0.4004460473863185,0.1762134615331888,0.0143137728245928,0.5801334288525819,0.2826186488153471,0.2583704240099289,0.2826186488153471
-74.81450961902738,0.0250052783684805,4044392299.343778,1.0077763743698598e-05,29098919357.54645,6.854283904656767e-06,203929276745.7664,1.0321443039923909e-05,1.0199123393658743e-05,1.800567991510604,0.1437629792839289,0.0229681600285694,1.8871459283834653,0.1163587229422697,0.2442491321585896,0.2442491321585896
-65.19326416775584,0.0394974985532462,7259714346.7387295,9.665235802531243e-06,18715911980.74264,5.4802489615976805e-06,195649862717.8371,1.324548202008009e-05,8.35961011178156e-06,0.2499224106903078,0.1887556024827063,0.0248166134059429,0.6688368795638506,0.3105954347078678,0.2552371992085386,0.3105954347078678
-31.13210948184133,0.0200049656024202,10805848910.96128,1.2894292242825031e-05,6007129367.399108,1.2480919213965532e-05,200923127215.3556,1.0867985021322966e-05,2.6545244462550928e-05,2.8872135924730453,0.1313066461123526,0.0123076167386025,1.641756214213086,0.0717919221296511,0.2513254390845781,0.2513254390845781
-40.16363959759474,0.0496922225598245,3237359746.7840257,7.679009698331357e-06,11667871546.14952,9.696946719661357e-06,194506773538.8875,1.187858471646905e-05,3.530952443132264e-05,1.0253521603256774,0.111912618484348,0.0162870487151667,0.7742248071261253,0.1699155412222481,0.1371261661782513,0.1699155412222481
-63.509699404239655,0.0294965594122186,23637231912.546284,1.4888414770364764e-05,32970489812.396828,8.260097425431013e-06,209545389153.0633,1.2000141218304635e-05,1.1226429100977568e-06,0.7038221006718336,0.1677441432140767,0.0208361898260191,1.403120324589515,0.1544213130992777,0.3735047307998524,0.3735047307998524
-57.862859573215246,0.0472566452203318,3793759115.332389,1.2011657617986203e-05,16906557407.835194,6.792194990441202e-06,197330845836.55,1.3347774360328914e-05,7.206795021688818e-06,1.1738078266539376,0.1740212057717144,0.0193991446457803,1.4714345919077398,0.246946781763222,0.3318105228550729,0.3318105228550729
-38.310965690761805,0.0207384463772177,21247662431.79551,9.297962933778764e-06,47817258593.80092,9.213403157889842e-06,202369432840.4963,1.0726136282086372e-05,2.267964819645713e-05,0.2949848363143342,0.1056355063803494,0.0174767491389065,0.6256549936773412,0.1185300865190223,0.1464015214285875,0.1464015214285875
-32.97060567885637,0.058857431304641,8648273649.696535,1.4021065637469293e-05,26861226291.175262,1.101327423751354e-05,193450628221.035,1.1528239779174328e-05,5.412931153956426e-05,0.1039631879091674,0.125084466021508,0.0149316829359158,1.2043031888193552,0.1760394157120887,0.2699803406784281,0.2699803406784281
-70.85525445640087,0.034448591871187,9877115322.97088,7.296268232166767e-06,8624065108.032581,4.996997257694602e-06,208723940402.2693,1.240565611049533e-05,1.7055961885008169e-06,3.330956533861209,0.194977733772248,0.0219448057720437,0.7561356873678488,0.2872827528402398,0.2084029023664119,0.2872827528402398
-76.66785452514887,0.0538601869856938,14896934156.05654,8.947212919592857e-06,5543541729.769037,7.636673796921967e-06,191694516837.5969,1.1044020384550094e-05,6.821571926986434e-05,0.4588006394327747,0.1375408483669161,0.023795638019219,1.0707259600641847,0.1939034786270676,0.2074398720855285,0.2074398720855285
-27.12307251989841,0.0280450115539133,4519084862.006465,1.3737308092415331e-05,23570564118.728443,1.0621391313150523e-05,206733713895.0825,1.2920521218329668e-05,2.165524060097922e-06,0.7553618187474518,0.1824356419965624,0.0129215610660612,0.8531515158962398,0.2037946486373359,0.3485253234216018,0.3485253234216018
-44.15837144479156,0.040852956273593,11572204093.49348,1.0960509978234769e-05,41528094694.79365,1.241556873358786e-05,197836346868.4256,1.3833891805261374e-05,5.102220856248804e-06,1.882209956176424,0.161454913765192,0.0152640911871567,1.7715452519824917,0.2249115589290372,0.2921154441660928,0.2921154441660928
-52.05010080710053,0.0157409217674285,5963787430.394138,1.1731922715902329e-05,10769264678.417109,5.837840195745229e-06,203110269699.2457,1.020938504487276e-05,1.6208496320626163e-05,0.1841022583008923,0.1180676884949207,0.0214537032088264,0.5212176713270711,0.1072037637131086,0.1985856598802371,0.1985856598802371
-51.382323410362005,0.0418736180663108,19554016757.615025,7.801088325679302e-06,31316027145.08854,1.0214304253458976e-05,205758774597.1977,1.3944360952824354e-05,1.9168508004047533e-05,2.694310549686393,0.1128098464570939,0.0242174162333831,1.3083347741931672,0.1972140472204489,0.1621895263313943,0.1972140472204489
-24.510658271610737,0.052771458690986,8793332812.237043,9.79119010269642e-06,14503123194.617165,5.9975980799645176e-06,204397251233.45853,1.1187448903918267e-05,1.433085537954088e-06,0.5901667232587476,0.1865278066135943,0.0164991628341376,1.581540730555658,0.2231628018019876,0.2772258449598994,0.2772258449598994
-79.19704161584377,0.0265608771191909,7703556363.576641,1.2516477443277835e-05,55875544564.5834,1.2014099292457103e-05,199670856967.5684,1.2809067372232676e-05,4.557043510390452e-05,0.9568525735364802,0.1431901783682406,0.020274979384616,0.6866339068324281,0.1858729411857025,0.276230732049618,0.276230732049618
-70.07008973509073,0.0576177268289029,5076066797.068471,1.1240530624985697e-05,35567452208.21268,9.374302053824066e-06,200142663344.74088,1.1638717032968998e-05,1.8892053562112983e-06,0.137985232908828,0.1990955542773008,0.0189781723106279,1.9405199598791607,0.2800224940999872,0.3540685428622917,0.3540685428622917
-33.606339171528816,0.0328133095940574,16723778103.933762,1.0449948824942112e-05,12602157512.668304,6.389600630849599e-06,195181548371.91104,1.226320418342948e-05,5.942791445693968e-05,4.095601699124818,0.1307564001530409,0.0178413984468206,0.5582532916412963,0.1783570670777492,0.1923836332340302,0.1923836332340302
-35.815652664750814,0.0481263308320194,6480323252.092728,1.322674720734358e-05,6472169823.649117,4.590965379029512e-06,208763972837.4779,1.3491210032254457e-05,1.4192329267651656e-05,1.6309300498368,0.1003518203273415,0.0136958302054554,1.185488960883003,0.1488225197616347,0.2209015671625717,0.2209015671625717
-60.50914878025651,0.0226187726715579,12568409253.347588,8.455820560455322e-06,20140395315.48223,1.1168813006952403e-05,194036967922.00208,1.061469054222107e-05,4.46881105294175e-06,0.3464680206823407,0.1702961990609765,0.0231227485127747,0.9238301363124964,0.1855701305328111,0.2252807713606231,0.2252807713606231
-62.42066498845816,0.051330858352594,5519261687.241695,1.058258729428053e-05,7994433981.841481,1.2917674154043196e-05,201589267067.6112,1.1766885805875064e-05,2.768860607636631e-06,0.9001443720905831,0.16402448117733,0.0236157843889668,0.5236212521538339,0.2442543317490864,0.2470224642717261,0.2470224642717261
-41.40370741486549,0.0307397781684994,13950963176.256657,1.1857799649238588e-05,24869872816.314003,5.355501985177397e-06,196862233541.90588,1.21433265209198e-05,8.788572729872879e-05,0.4912719957027279,0.1066235840320587,0.01356481842231,1.7439372850168755,0.1189490854439253,0.2055084152325606,0.2055084152325606
-28.00322337076068,0.0376205137046053,4251616407.685853,8.573165908455848e-06,44381578817.17348,8.138787968084215e-06,207942207064.4796,1.3103266097605228e-05,1.1696612189465184e-05,0.1971334626331728,0.1369854396209121,0.01589475238882,0.9047014916342878,0.2172090306705972,0.1712810191748676,0.2172090306705972
-68.17277627065778,0.0191388036590069,18261146987.368034,1.3859492458403113e-05,15710906295.123093,1.0139061786234378e-05,192981139775.3656,1.0978699292987586e-05,3.716249370039152e-06,2.242962266904132,0.1928665613755583,0.021286445684731,1.0202574529044497,0.1206715441901214,0.3752756674284598,0.3752756674284598
-73.6083167605102,0.0438705214625224,10279155380.70059,1.4397018745541572e-05,10006894066.034416,1.1513250688090918e-05,207202936615.7949,1.358621160686016e-05,3.157744057865068e-05,0.3259152785100681,0.1494191716425121,0.0199856698242947,0.7198404020996761,0.2400865699850602,0.320805543293206,0.320805543293206
-22.598896641284227,0.0239824754185974,6909671364.828106,7.168452717363834e-06,38541381390.16143,4.512392681092024e-06,192476513739.6753,1.0464635495096443e-05,9.935970471082484e-06,1.3577133468582627,0.1802987675182521,0.0172393698738887,1.2793692914654409,0.1783286020719697,0.1882235504575158,0.1882235504575158
-46.8081034347415,0.0561744241649284,23243282440.56472,1.2383735053241252e-05,21821514953.395588,7.292179856449365e-06,203577927164.7334,1.1281935911625623e-05,1.3276275055438546e-06,3.852860567283999,0.1514809352345764,0.0147068997770547,0.6152409252387898,0.2007379763910316,0.2578675363588652,0.2578675363588652
-56.98522686958313,0.0369895083177834,3184946230.326923,9.17383998632431e-06,5138427196.019347,8.728807063773273e-06,198617469929.1587,1.2659414254128932e-05,4.183894649292574e-05,0.1148633229557205,0.1190815639682114,0.0225187347959727,1.480630499437134,0.1946212224692709,0.1798635197478161,0.1946212224692709
-55.63530661165714,0.0452070069545879,8127005883.63967,8.279003255069255e-06,34584059818.426346,1.0032864875160155e-05,204875160381.198,1.2208623383194209e-05,6.01083974381456e-06,4.37582192848671,0.133907503914088,0.0131636027507483,0.6401038620800497,0.2017115941509952,0.1631557496885071,0.2017115941509952
-48.043868876993656,0.0257200582791119,9280269470.572195,1.303833693265915e-05,11096639581.73421,7.96373435948044e-06,199836258366.704,1.1834167197346689e-05,1.910302045796158e-05,0.1289755354210098,0.1897924403659999,0.0240107021648436,1.442512988353855,0.2185828986170295,0.3604759638811639,0.3604759638811639
-23.471948746591806,0.0554029164975509,3777284764.0948105,1.0253718450665474e-05,6283937736.089706,5.24925132934004e-06,206218374986.2016,1.091927068680525e-05,4.500888159912813e-05,0.3659984961192981,0.1669987541623413,0.021694157785736,0.7408307147513826,0.2185855960693224,0.2369990901306201,0.2369990901306201
-72.84827506169677,0.0352128268964588,21158753158.82643,1.1055893160402776e-05,17761867295.11881,1.2742674290202556e-05,190945358742.02847,1.3045761000365018e-05,1.428214615129537e-06,1.5421958850740949,0.1096062493510544,0.0154807420531287,1.2330605090842524,0.1536433404920389,0.2106552383617303,0.2106552383617303
-66.94778302684426,0.0489774493547156,11812204437.714315,1.271844030916691e-05,27632092671.887337,8.623688903637229e-06,209219908732.9209,1.0402999967336656e-05,6.126288155346672e-05,0.2277663314329144,0.1545560091733932,0.0176410318408161,0.8701428046006884,0.1847330817950086,0.291752631724037,0.291752631724037
-29.348780121654272,0.0301935240905731,6088045136.302357,9.973984159529209e-06,7161222263.26816,7.116048569791018e-06,194180397260.9341,1.3530405838042498e-05,1.9301004185757816e-06,2.4847146350636145,0.1221589267253875,0.0195904048867523,1.0465110944966016,0.1749405843439246,0.1927311537674557,0.1927311537674557
-42.16716758906841,0.0401875955192372,15589935772.3299,1.468928175419569e-05,12777164019.947168,4.4072594670578834e-06,200624236986.04108,1.2722992237657307e-05,4.606552606817126e-06,0.9970377826430008,0.146435553394258,0.0221106755817309,0.5091257992016326,0.2086871077968706,0.2922611197793995,0.2922611197793995
-61.53595466166735,0.0192943108454346,4728847810.284259,7.995246291160583e-06,54293069914.1648,1.1337134455330669e-05,195350609496.23584,1.1351404674351216e-05,1.44987822326539e-05,0.5675479607104503,0.1773250674828887,0.0151213564565405,1.8082132265725133,0.1826242515719792,0.2265591399227138,0.2265591399227138
-59.624201972037554,0.0595763686392456,17309606510.8201,9.122507981956006e-06,10294880199.908976,1.211921431776136e-05,207775577809.6616,1.0003835018724203e-05,9.823566597958112e-05,1.4507920126752638,0.1835472416132688,0.0121402345951646,1.1187990794935816,0.2097832570744013,0.2619216298867061,0.2619216298867061
-36.57843379303813,0.0337557913223281,4028519513.879945,1.2319825887680056e-05,43758708719.66905,6.173732534982263e-06,192502017077.05856,1.3875381000339984e-05,3.122900318729388e-06,0.3046688855815391,0.1402134280651807,0.0246286013796925,0.9709766079175376,0.2162877537085976,0.2629778393261045,0.2629778393261045
-34.95168894529343,0.0465679631195962,12901157361.88307,7.096738710999489e-06,22470851659.16071,7.898420223034919e-06,201443386785.686,1.2870213598012924e-05,4.153969664511736e-06,0.121324627857114,0.1158818701282143,0.0206735682310536,1.8513734079112385,0.1984543632854732,0.1399857158421257,0.1984543632854732
-68.84438794106245,0.0214505159994587,5100648037.445426,1.4337881840765478e-05,5828913285.122327,1.0390419497154652e-05,196403865776.9561,1.1242767173796892e-05,1.3192428512836797e-05,3.6427759131664135,0.1608331153169274,0.0160942757530137,0.5931078296151023,0.1332820302662908,0.3192720235967557,0.3192720235967557
-78.43633517622948,0.0415457635279744,3388831042.2889504,1.3936948493123056e-05,9062601475.277073,1.1275013220496476e-05,203428387157.619,1.2323120288550854e-05,8.730773691786593e-06,0.5338787315821564,0.1033291435800492,0.0182585343271493,1.6769356454396311,0.130973122329744,0.2660892081279874,0.2660892081279874
-25.383459590375423,0.0150219804095104,24740857017.097675,8.630484201014042e-06,25623763545.99876,4.76601571869105e-06,198155437670.6481,1.169671143218875e-05,2.749875677184457e-05,0.8300149104421104,0.1732758111320436,0.0185674334596842,0.6528536688859817,0.1850928960868244,0.2063671151726027,0.2063671151726027
-46.14656435325742,0.0531481106579303,7412179522.415529,1.190729784220457e-05,50355581496.69,6.495850163511931e-06,207039967086.1661,1.054890486970544e-05,3.676209823528886e-05,2.3374568150951984,0.1960145653225481,0.0227246060101315,1.3722506184203445,0.2069249406923914,0.3615199465835887,0.3615199465835887
-50.03218187019229,0.0287336976779624,11033870485.354458,1.065222316980362e-05,16171779963.473627,9.549303074367345e-06,192001055534.92905,1.3423441603779792e-05,1.1560842547859925e-06,0.1895993106356789,0.1276853294111788,0.0141003701733425,0.78914795212439,0.1958204499966095,0.1970406303733926,0.1970406303733926
-53.158321399241686,0.0520841070497408,4377442544.446753,1.4815236054360869e-05,19253387990.72382,4.891726144589483e-06,199366738926.6193,1.06571852453053e-05,2.6841301281084705e-06,2.782759382589767,0.12825319301337,0.0170719627412036,1.702730053800533,0.1222971522905368,0.3011824357705873,0.3011824357705873
-43.16430566832423,0.0272742770332843,18799701772.048923,7.617431491613388e-06,6819873540.788711,1.0837294830940662e-05,204093458037.82343,1.3284651160240173e-05,8.455227030151189e-05,0.2590173229348167,0.1981563789770007,0.019797632808797,0.5349890192709824,0.3144095324303257,0.2088059712104633,0.3144095324303257
-26.47707164287567,0.0425911392783746,5729302110.202571,1.2840518936514856e-05,12014301267.884132,9.108147165738046e-06,190476796515.286,1.246094224601984e-05,1.1297729258445998e-05,0.645414340258947,0.1707486249506473,0.0223560885991901,1.0403859932637975,0.2199619889727195,0.3279113616241859,0.3279113616241859
-77.20084499567747,0.0170781790651381,14483270407.403925,9.599861927330494e-06,37398750149.08437,6.616200462915003e-06,205438159145.41483,1.1589414801448585e-05,3.5563741128106576e-06,1.1166420914810509,0.1023652143776416,0.0145141022130846,0.8851902490061455,0.1091504847837018,0.1554651814655646,0.1554651814655646
-71.85319736599922,0.0474129242124036,22026105533.01004,1.0125796958804131e-05,58716285601.57884,5.731452780775726e-06,194961489327.25192,1.2978486821055412e-05,2.439968413265557e-05,0.1516225830034469,0.1582768415100872,0.0133260003505274,1.2521299020988883,0.2547019641059078,0.239183213039216,0.2547019641059078
-31.852099262177944,0.0233061283361166,3018645899.2403846,1.143177080899477e-05,13834853609.27988,1.2240706701762974e-05,209687597192.82388,1.1103968624025584e-05,7.753357395082445e-06,4.76580115370859,0.1148980085738003,0.0233975961999967,0.7371645758590872,0.1149541001946625,0.2099106942344129,0.2099106942344129
-37.78920428827405,0.0583119503734633,10154373188.93618,8.154957436025143e-06,7772570435.14778,1.0515057575888932e-05,196132656466.21585,1.0141648869961502e-05,1.031885437573873e-06,1.679625955409528,0.140810567419976,0.0210428666770458,1.5133244294226598,0.1657729101016782,0.2031070196310095,0.2031070196310095
-58.50587112829089,0.0320957843586802,6824667668.100764,1.3410522013902663e-05,29954728191.793552,7.46175808738917e-06,201093409638.85187,1.3768077217042448e-05,3.274824416287407e-05,0.4302680446198449,0.1857091757468879,0.0156813247483223,0.6034135553888902,0.2718999575899391,0.3351768523392789,0.3351768523392789
-64.15294654667377,0.0383298420254141,9125590270.80604,1.1533250831067562e-05,5389847512.871364,6.960670196451246e-06,193282777667.0456,1.2615940671414135e-05,2.141580867611839e-05,0.7279527825195133,0.1794801303185522,0.0180834151422604,0.8203731201123889,0.2475837111858733,0.299706625623324,0.299706625623324
-39.64255813509226,0.0184473696956411,7995436616.461529,1.0774407535791398e-05,20752978471.72587,9.029542147181926e-06,208243597596.8838,1.1489469848573208e-05,6.744255601147984e-06,0.4754365747742335,0.1470395662821829,0.0191932114670053,1.3349874860250732,0.1349671695035051,0.2425418175706871,0.2425418175706871
-30.01381093636155,0.0506353057734668,20127465011.480816,1.3559025809168816e-05,40316979307.75895,1.17398420041427e-05,197186186853.79623,1.0263966366648674e-05,1.61063550972611e-06,0.1688456836811761,0.1211697324179112,0.0233631784878671,0.7010404651786083,0.1508472276732997,0.247431642108049,0.247431642108049
-66.19191473349929,0.0314559743693098,3595150882.133697,8.7563611343503e-06,9496700683.764715,4.24626347515732e-06,201912285182.62503,1.363844108954072e-05,5.065790707723199e-05,2.0500179874795785,0.1520050718449056,0.0139124564696103,1.5452725209467393,0.2182362158259664,0.2082609660591896,0.2182362158259664
-75.34816572442651,0.0568658514227718,6399986774.867522,7.46881614625454e-06,14919090254.333952,8.365369561128317e-06,197685586754.23264,1.0812211968004703e-05,2.25236648648278e-06,0.2804800072319565,0.1086369844153523,0.0127219757372513,0.5471303387557622,0.1608888113195413,0.1199896056985136,0.1608888113195413
-20.830237176269293,0.0362801840202882,12410603567.791365,1.4213758893311024e-05,46398524293.74368,9.872925137169656e-06,202647016141.5637,1.3183818068355322e-05,7.159236351639616e-05,1.2373507180615,0.1644769014790654,0.024408651872538,1.9847865424221875,0.1776921204954811,0.3778818271202942,0.3778818271202942
-48.82628701627255,0.0431543319672346,4808994737.096757,9.498461090028288e-06,23666655085.019302,1.2586172071285546e-05,191532767415.0467,1.206958167627454e-05,1.685819762907388e-05,3.106871960248602,0.1919273797422647,0.0204408242050558,0.9454691101920408,0.2574926473460092,0.2814229444981684,0.2814229444981684
-54.99682653695345,0.0246780239744111,15846484735.39451,1.2192010372877122e-05,8380594490.773873,5.656246657483279e-06,206259476989.5077,1.1942195296287536e-05,5.3546841879303565e-06,0.1116913482099706,0.1344822380691767,0.0166888113655149,1.1609780230906304,0.1692285706257756,0.2360324170950104,0.2360324170950104
-55.42840536683798,0.0396431577997282,4609615485.335462,1.0814361654222012e-05,11053187775.447515,7.518268417567014e-06,208949189279.22845,1.1624697085469962e-05,1.3743223699927928e-06,3.4786551557498875,0.1945089605636895,0.0211819484857842,0.6963080164408392,0.2462666515622461,0.298001053619969,0.298001053619969
-48.24713662266731,0.0197605997230857,15189372126.714584,1.1620219439268111e-05,33724968374.570538,1.0722232112661004e-05,193832144085.31784,1.2496330805122853e-05,4.362814174566395e-05,0.1269898673281993,0.1261270818300545,0.0159984468566253,1.568434139430689,0.1560782502830734,0.2194865014100948,0.2194865014100948
-20.456214975565672,0.0491345760924741,5837195949.755525,8.843344792723655e-06,17499547519.488853,1.2297150613740083e-05,200269174426.79407,1.3257097274065015e-05,1.8278799578023417e-05,0.3188983476126033,0.1049693520180881,0.013466274306178,0.8060497180576787,0.1751355968655713,0.1446037389730649,0.1751355968655713
-75.8676995523274,0.0299551586061716,11319353205.326202,1.3599025912582875e-05,6075771200.337935,5.938667718321084e-06,195074339509.0103,1.0629677552729843e-05,5.8067301894001154e-06,1.385415493824381,0.174871006142348,0.0237151126395911,1.3404144851136892,0.137244867206802,0.3494060610798004,0.3494060610798004
-66.74085495993495,0.0555410315701737,21710165101.57623,1.4128867432475091e-05,7272738728.548139,6.673853581771254e-06,204602533429.86108,1.380345844477415e-05,1.5084543637608778e-05,0.1924780384135967,0.1174150994047522,0.0224188974620774,0.9519069249470572,0.2121529381057385,0.2707356165786785,0.2707356165786785
-29.552017468959093,0.0349554500821977,3877694621.57024,7.430691130459308e-06,28560534197.146626,9.31417006254196e-06,199484876990.3183,1.0176954220980406e-05,4.747082398743111e-06,2.3013642073575435,0.1623152276501059,0.0148059281809255,1.143825146930589,0.1709922610754912,0.1862398310990181,0.1862398310990181
-39.15140341967344,0.0446432145824655,9681074263.563206,1.2153839372098449e-05,54541904221.92159,1.0894928403198718e-05,205866440627.724,1.1076453600078822e-05,2.014829240028833e-06,0.8172062707811734,0.1819778099656105,0.0171359613295644,0.5568487211853816,0.2236780532441208,0.2945986868996911,0.2945986868996911
-64.55535233020782,0.0261669921688735,8482470034.005685,9.413554579019547e-06,13095253611.936764,5.097760273143649e-06,190670996252.44736,1.2950956001877784e-05,6.348651026726305e-05,0.5419796582049972,0.1385974571108818,0.0200898563042283,1.976775491879111,0.1802954157484532,0.2126650243803501,0.2126650243803501
-58.95221283659339,0.0534069092106074,10571027278.547523,7.532385729253292e-06,42671611667.0168,5.457965638488531e-06,203705248273.9091,1.3666002664715051e-05,1.2658107821227534e-05,1.4727874770558895,0.1448692226782441,0.0201748600983992,1.0222320725120355,0.2545359797845397,0.1746862467544576,0.2545359797845397
-37.25411364808679,0.0285969932796433,7104754794.506742,1.477720430493355e-05,10254592194.243954,1.2520777041092512e-05,198509756214.91672,1.029145111143589e-05,4.019471876696933e-06,0.3830697721446862,0.1757060939446091,0.0166000910988077,0.8887793202035207,0.1371027039724648,0.3306911283947774,0.3306911283947774
-31.46354306489229,0.0411029868945479,24098332430.78351,9.56184570491314e-06,5635833593.676239,9.674667285755276e-06,207388887982.8155,1.1454134218394756e-05,3.0064840258792336e-06,0.1349900890765578,0.1560862358659506,0.0124548204038292,1.691217722282261,0.2033099418386247,0.2239504964525678,0.2239504964525678
-72.32890032231808,0.01558994110208,3302614885.596617,1.2755518682301046e-05,22138933818.602028,8.299959678202867e-06,192271260153.50223,1.2580590199679136e-05,9.55892647525231e-05,4.178921820397049,0.1236441399902105,0.0243195354826748,0.5430135440915843,0.1318954470475351,0.2449593720403028,0.2449593720403028
-77.76431921869516,0.0461002528388053,5322315594.169379,1.1471879705786704e-05,26484662216.00843,4.049131145700812e-06,208049463611.09613,1.1969672232866288e-05,1.2062615231152834e-06,0.5761260045910195,0.1686419651843607,0.0230209384327754,1.5402211047979169,0.2193899684183157,0.3133890974238592,0.3133890974238592
-26.059109047055244,0.0219935427093878,13454981407.126938,1.0212671823799611e-05,9203748536.2951,1.167328943312168e-05,192854581009.5966,1.209716584160924e-05,3.795020138905124e-05,0.9817090451210194,0.1111983434297144,0.0137984430650249,0.6009716783750492,0.1331290849657534,0.1652311119704942,0.1652311119704942
-42.65838807448745,0.059810576532036,4134574424.115997,1.349735137075186e-05,16574418353.503317,8.832472346723078e-06,201794062294.06595,1.3148459788411856e-05,2.8530966876097472e-05,2.4464910480260387,0.1323987982235849,0.0177399874441325,1.260642487331281,0.1964111478905929,0.2972699085554065,0.2972699085554065
-53.51666742935777,0.0335944965993985,17755943564.58986,8.195050805807114e-06,50586249751.101135,6.8940811138600105e-06,196677045710.3849,1.0776898927986623e-05,8.982424485289783e-06,0.2312109912838521,0.1882371953688562,0.019078799130395,0.7262810078280146,0.2360267204691923,0.2157532444100961,0.2360267204691923
-50.55274745449424,0.0580874840961769,6986120740.053902,1.227987002581358e-05,6586193926.70229,1.1553048299625515e-05,194613865576.68448,1.3010638754814864e-05,3.4588736537304847e-06,2.081046564300125,0.1935195468366146,0.0218438759092241,1.8639407750455268,0.2638673672260219,0.3989750031587949,0.3989750031587949
-45.77357033267617,0.0322668210323899,10400222445.294355,9.035541355609894e-06,18992662259.41308,4.490186471492052e-06,209418689720.3326,1.0884194634854794e-05,1.0883474236652216e-05,0.1662512372719697,0.1361255221068859,0.0150318038202822,0.5843320298099387,0.1754948106189576,0.165244714944475,0.1754948106189576
-24.805337376892567,0.047892779703252,3141743798.629577,1.4250900223851204e-05,36512386174.915245,7.331964995712041e-06,195854498203.84384,1.1861392840743065e-05,8.177457159436573e-05,0.4681337248816744,0.1070818601176142,0.0173746314877644,1.1386464621133736,0.1360248354434539,0.2495991232922163,0.2495991232922163
-78.86894576251507,0.0227752465009689,22935647260.74907,7.056736804544926e-06,11952267552.669403,8.70658784545958e-06,200737793948.5013,1.223595530167222e-05,2.577052225504489e-06,0.7389667429564508,0.1629683164879679,0.0195020402809605,0.9670374136520656,0.2237993130682682,0.1830032404258791,0.2237993130682682
-69.24759302288294,0.0430464899400249,14143928480.838837,8.71537746489048e-06,14161507128.738071,1.29575360044837e-05,199017207678.40744,1.1316321291029456e-05,3.370866342717222e-05,0.1066638214969607,0.1195506381802261,0.0213510919474065,1.3630173121686529,0.1795024427795371,0.177525016496516,0.1795024427795371
-34.461337104439735,0.0165227927360683,5592130191.355651,1.3975071467459205e-05,59054332468.68895,5.333222148939966e-06,203821422364.5628,1.268789305910468e-05,1.0699396982336806e-06,3.2517107941192256,0.150438620429486,0.0153658996690064,0.8009929080188477,0.1237232539797259,0.2965421507405665,0.2965421507405665
-36.1174432002008,0.0518347929557785,18057491657.62361,1.0690392188727856e-05,30999747725.03523,8.178645124658941e-06,190201766453.6833,1.3557730425149202e-05,8.00785621361548e-06,1.2950418849475682,0.1809652705676853,0.0128209326481446,1.6476913396023096,0.2628352396603722,0.301505863321666,0.301505863321666
-60.17394149675965,0.027420465555042,4202475219.241474,1.199220609664917e-05,7884313715.200346,1.0116777792572974e-05,205084450952.7087,1.0430248677730562e-05,2.5442546739389163e-05,0.2678533597727519,0.1485697199590504,0.0238970506200566,0.655522152786495,0.1565774713539524,0.2644351276396054,0.2644351276396054
-62.01246049255133,0.0437083827238529,16505498400.034595,1.3123380713164808e-05,20471994084.62358,9.475065471604466e-06,198041793573.6477,1.121548818424344e-05,4.896190617994516e-05,1.1336060925481335,0.1422926097176969,0.0228644669651985,0.7539809590632337,0.1758245184758236,0.2874402714897952,0.2874402714897952
-41.7794106900692,0.0242213481338694,5006279188.748914,8.317036747932434e-06,5205154702.454863,6.271255198866128e-06,202924430388.95728,1.2842919766902925e-05,1.540171899493123e-06,0.6354619984735436,0.1872423349879682,0.0144182686191052,1.2280450547640445,0.2422886240536209,0.2270184077779374,0.2422886240536209
-28.814488779753447,0.0567155911400914,12714069457.76465,1.1093911185860634e-05,9447643763.979578,4.691732954233885e-06,191802342608.57104,1.3910510934889316e-05,6.540592498875579e-06,0.2550218200935938,0.1566607528366148,0.0183979981420561,0.6444421622322621,0.275186471692725,0.2323461376598409,0.275186471692725
-67.39492760971189,0.0365254159597679,6553240052.773588,1.03387166634202e-05,39361545520.21135,1.1050472268834709e-05,206606585904.95587,1.003888812288642e-05,2.0594721168653223e-05,2.825050726512291,0.1133284592069685,0.0188841425674036,1.4211841537718413,0.1098444892485424,0.2091707606129526,0.2091707606129526
-73.20764927193522,0.0504656050074845,3452322006.594911,9.93387730419636e-06,46665764786.43446,1.031513137370348e-05,193636009171.6051,1.3396139964461326e-05,5.546299530002272e-06,0.4108733658964089,0.1691904950886965,0.0207371600177139,0.5002523821444648,0.297597978317407,0.230986137049622,0.297597978317407
-22.967062909156084,0.0316817654902115,19337979872.22683,1.2631563641130923e-05,15271307400.600998,7.674867464229464e-06,208519257232.5468,1.0521648470312358e-05,1.7609344314785336e-05,1.7580440071583534,0.1008597273379564,0.0163868874534964,1.815584922951988,0.0780454496070403,0.2124697786734856,0.2124697786734856
-47.62693803757429,0.0388647952862083,7806085351.360991,7.90841519087553e-06,8501058954.9617,6.098438208922743e-06,197457516659.0512,1.17317567281425e-05,7.373995334990483e-05,4.988278186160653,0.1298484580591321,0.0122034316631034,0.8642788416966241,0.1754808011081007,0.1547880968399678,0.1754808011081007
-56.19980901479721,0.0179715966945514,8914024969.548529,1.464919036626816e-05,24492362977.14823,1.1895693242549891e-05,202262369412.92883,1.2358272813260556e-05,2.344841058503309e-06,0.1447888874160726,0.1997966574504971,0.0249200205458328,1.0622302443910796,0.2047258797048795,0.4259068160183759,0.4259068160183759
-57.43146128952503,0.0498315446265041,24202578913.294765,1.1804158322513104e-05,13504766631.83748,1.1226435129530728e-05,196005249377.3401,1.2773693833500146e-05,1.0629065474769055e-05,3.383045706080376,0.1599340964108705,0.0140134824151173,0.9108502793197002,0.2300645749602627,0.2858201454440349,0.2858201454440349
-46.27289120107889,0.0292403788631781,3316583062.903328,1.0513212382793427e-05,53016974456.14332,4.79701957385987e-06,201201056446.8801,1.1152151122689249e-05,3.347772316512216e-06,0.1024159179938127,0.1165979880839586,0.0232629553219303,1.005190957510407,0.1556845928383245,0.1850609044558918,0.1850609044558918
-22.21023315563798,0.0389324991870671,11249362047.650486,1.3790071561932565e-05,29516286325.84504,6.447267378680407e-06,194775604866.44507,1.0094448678195477e-05,2.516856055674113e-06,0.2905973361713497,0.1391231196001172,0.0192954252008348,0.5329259331586736,0.1484377155539812,0.2564006720569221,0.2564006720569221
-74.08389812335372,0.0204507032269611,7561418350.320702,8.51950953155756e-06,7088728120.068396,9.58030277211219e-06,209892936758.69705,1.3971899341791868e-05,7.914930804252847e-05,1.19215263404728,0.1840644525364041,0.0179804172255098,1.736876533183618,0.250207473740771,0.2526283757337303,0.2526283757337303
-68.73637208715081,0.0453579876199364,3950637089.135064,7.2396567016839984e-06,5925584046.58929,1.2070571987889703e-05,190369606874.8832,1.0579400688409806e-05,1.0760411231984909e-06,0.1758970511243775,0.1265779762528837,0.0167913265442475,0.6110800099239277,0.1787923866324894,0.1375748775026806,0.1787923866324894
-27.585368063300848,0.025470027658157,16968820372.9753,1.4452737249433996e-05,18074016789.140305,6.204810016788541e-06,205564803890.8839,1.345581378415227e-05,3.4207181696987655e-05,1.9708639125292,0.1965238868258893,0.0203391180047765,1.5028341227674724,0.1847635983328397,0.4158240711077364,0.4158240711077364
-40.89791141450405,0.0548509347718209,5214329636.032336,9.229573540389538e-06,32801654126.612995,7.849765420891344e-06,199161857720.46448,1.229075049981475e-05,2.558628660976401e-05,0.7909474639065759,0.1723693304695189,0.0245091842077672,0.7072774168295602,0.2647120376356153,0.2293541830315317,0.2647120376356153
-62.77911830693483,0.0356661046715453,13179870744.718807,1.2454985022544862e-05,11391825514.649937,1.0421483970247208e-05,204278578963.1307,1.1666217036545276e-05,8.125856340140545e-06,0.438348368035282,0.1040286445058882,0.0126206654179841,1.284554037525675,0.1218869907960995,0.2159055030578269,0.2159055030578269
-60.94084920361638,0.0403840497275814,6210169396.719498,1.4585651330649854e-05,48948228744.175,8.531705965287981e-06,191347636952.99625,1.0951230045408011e-05,1.7726302172837704e-06,1.8288186974491312,0.110257642250508,0.0146178913591429,1.6096274609202716,0.0995971632665919,0.2618563470785904,0.2618563470785904
-35.23660955950618,0.0162827414833009,12043771355.373098,7.856713056564331e-06,17004655271.832333,7.225596356205642e-06,206464367732.40567,1.3075689502060412e-05,5.584715881255706e-05,0.39446616555555,0.1661402839235961,0.0222514905231073,0.6838611433542124,0.2309857415410875,0.1889873699705455,0.2309857415410875
-33.23243856430054,0.0540955911437049,4628367412.883275,1.257205666601658e-05,8924655392.85099,4.315289537422359e-06,197559008765.9657,1.2178692489862442e-05,2.370350115151676e-05,0.1571008073808799,0.1902521152980625,0.0198970585465431,1.317240766576122,0.2684502995457975,0.3420639516792308,0.3420639516792308
-70.58973085135221,0.0278849238250404,15249636223.631289,9.86253336817026e-06,27246433369.561,1.1446694714017213e-05,202754139024.7643,1.1802206415683032e-05,7.460492318397624e-06,4.592549604307816,0.1328496982343495,0.0169733149390667,0.8265857327353067,0.1621317687998952,0.2081972940626011,0.2081972940626011
-79.74587455391884,0.0591177694452926,9482216886.44887,1.0396153166890145e-05,22762116133.30364,9.940818234346809e-06,196980837751.18,1.2631845109164717e-05,1.5578298608952898e-05,0.6724063574558773,0.1777927301824093,0.0157802584739401,1.1647869315590962,0.2721890301549173,0.2933452410312497,0.2933452410312497
-24.048743210732937,0.0343134377896785,8306864004.177089,1.1171249009668828e-05,5468302457.162546,8.073355236090718e-06,202098179180.17508,1.1254443477839232e-05,4.950926340335593e-06,1.0737224964069254,0.1453948907554149,0.0209431302202865,0.9275838517983576,0.1619821637708317,0.2447674001013601,0.2447674001013601
-44.42023115232587,0.0468123289989307,20739005297.27734,8.386554472148419e-06,10514503385.001232,5.157208845950663e-06,193175197616.2195,1.0499963555485011e-05,2.074279908777183e-06,3.023387770186961,0.1228270350024104,0.0235016851928085,1.9274164597422176,0.1407227006323758,0.1864119761822874,0.1864119761822874
-51.78460760042071,0.0213048567529767,3704829429.732275,1.3172997057437898e-05,41315339212.84174,1.285229986067861e-05,208370937928.5574,1.3621554389595983e-05,6.582079373967623e-05,0.2387691153244344,0.1537050990387797,0.013222695492208,0.566618904244966,0.2054439886125316,0.2776554170796158,0.2776554170796158
-52.52671392634511,0.0485801311768591,12248296774.922052,9.351606331765651e-06,7629089278.041274,8.474994461052118e-06,200418704301.11884,1.0356534112244843e-05,4.714490754216824e-05,2.142960019205441,0.1531127260066569,0.0161988752335309,1.196183332205871,0.1733134421826841,0.229040735339661,0.229040735339661
-43.77073613926768,0.0220618467545136,6312163780.757792,1.2081030696630478e-05,31804750918.94936,9.780881983228028e-06,195536381900.3105,1.3733009159564971e-05,1.4985211439795911e-06,0.2064405694218246,0.1206607119180262,0.0205697776805609,0.7674917270771453,0.1767086679805391,0.2182526325902462,0.2182526325902462
-26.588888466358185,0.0573699630517512,16030493720.031069,7.365687355399132e-06,57264128436.49767,1.2695792545564471e-05,209112149868.1605,1.2521374978125096e-05,6.2751282751504615e-06,0.5144688972746738,0.1479463956318795,0.0247272477773949,1.445786478275399,0.230826614998358,0.192499081531977,0.230826614998358
-77.11512070149183,0.0329610377037897,4862997088.950309,1.4074724026024344e-05,14568970907.444254,5.5641996143385765e-06,194307611230.7608,1.1396903540939092e-05,1.993172188667094e-05,0.8600066877020749,0.1787809780798852,0.012040810261853,0.6282035814215046,0.193585922597249,0.3419398502197672,0.3419398502197672
-71.21450707316399,0.0525481994077563,7902242316.684104,1.366610209643841e-05,12288589927.926647,7.070231125690042e-06,206033060941.8452,1.2035255894064904e-05,4.3146378553797545e-06,0.1166610812829393,0.1353816533461213,0.0142001052256673,1.783546003740231,0.1955025399463744,0.2974228828046802,0.2974228828046802
-32.465612553060055,0.0267331100581213,9024714692.943975,8.891496188938617e-06,35426675178.666046,8.937572888098657e-06,191150127891.4511,1.1913653079420329e-05,1.3587621770490531e-05,3.795130024104004,0.1912116581574082,0.0226256736889481,0.5135099845415038,0.2444762985110317,0.2350737378393828,0.2444762985110317
-37.8939132578671,0.0423522665631026,3642963315.6483006,1.1676190994679927e-05,19473853782.963608,1.1849390192888675e-05,204748403578.99664,1.0840751808136702e-05,5.77020716038064e-05,1.3373771468163214,0.1655676539987325,0.0186707397224381,1.0897299118142876,0.1774134594739803,0.2994309439363878,0.2994309439363878
-58.42725468799472,0.0172403178038075,20403927290.00651,1.0889257937669755e-05,6376795345.533289,4.154280939139426e-06,199943254888.0577,1.32181424126029e-05,1.814854819036012e-06,0.3310144278576054,0.1081202175468206,0.0181544439299032,0.8496785227233239,0.1419075441244793,0.1786234164756976,0.1786234164756976
-64.03014339506626,0.0560062629869207,3052124919.823312,8.008585952222348e-06,25258056556.933125,5.762516583316027e-06,206932961028.06924,1.243296543881297e-05,3.821215684240646e-06,0.9142398941478724,0.1018980911001563,0.015580963620916,0.5700152707602356,0.174270989103793,0.1245393016894603,0.174270989103793
-39.7905382886529,0.0372168497554957,22284940109.19823,1.3299041897058488e-05,8263304294.655522,1.2192051229067146e-05,192127821873.87347,1.1555503748357296e-05,1.2142487394208058e-05,0.6179971597756927,0.1717898270115256,0.0215931334383785,1.894853223958588,0.1679140028539017,0.3717178217168804,0.3717178217168804
-30.553865674883127,0.0444039351353421,6731943944.722242,1.0022182509303094e-05,15782200236.91869,1.0546134655363855e-05,203223684765.3985,1.0691098675131798e-05,9.0879214916452e-05,0.2194469645599,0.1974887624382972,0.0241137016797438,0.9849849991210674,0.2389981514700274,0.2898642427307598,0.2898642427307598
-65.62576746568084,0.0235051521006971,10020198771.37932,1.1293234951794148e-05,45484629674.27364,7.4131153551861636e-06,198340684957.8023,1.3312629405409098e-05,2.8841687004518733e-06,2.574335872545212,0.1291045948863029,0.0130613874187693,1.108407183924118,0.1557164395494154,0.22553044185891,0.22553044185891
-75.21782198920846,0.0381733681960031,19059618653.57028,1.2948086127638818e-05,38388924434.45309,4.922726512886583e-06,201316163279.1161,1.0236656464636326e-05,4.064323290463768e-05,0.3518679208846054,0.1850580361671746,0.0152230642549693,0.7879579184325763,0.1909413608397649,0.3347556760932989,0.3347556760932989
-20.985757913440462,0.0186809208244085,4435262729.908152,9.734519429504871e-06,9757878846.6726,1.0788712716661394e-05,196511634178.4597,1.3861177947372198e-05,1.2802932093680105e-06,1.6065960769968264,0.1416692909784615,0.0220081588048487,1.3974233230399504,0.1763657630444571,0.2192025671807718,0.2192025671807718
-49.35877613723278,0.0511817943351343,14321891583.628986,1.4957682929933071e-05,5062694871.981377,9.139151423238218e-06,207589872162.78912,1.288538371399045e-05,9.619668505279664e-06,4.034471614813564,0.1144385392777621,0.01969171360787,0.6733748104571948,0.1747231926786117,0.2645938260417829,0.2645938260417829
-54.43824488669634,0.0309862171020358,5663024427.426011,7.73275801539421e-06,21099387172.41958,6.567622774280607e-06,192707483004.77863,1.1008959591388704e-05,3.028146115444564e-05,0.1401365991768572,0.1593348528258502,0.0175405011037364,1.61746108513855,0.2041661981565123,0.1863526336459586,0.2041661981565123
-54.580601118505,0.0464526328677311,18137378801.55121,1.4050212517380715e-05,6157305340.944182,1.2757540819235146e-05,203349196054.0413,1.174314095452428e-05,5.706043201484959e-05,0.2996006849145746,0.1706269700080156,0.0157537263585254,1.764659559205792,0.198661057039683,0.3847580266117654,0.3847580266117654
-49.09831687808037,0.02164270629175,4223385224.3667054,7.259369410574436e-06,17393750545.799862,5.2036230815574525e-06,198232186026.8712,1.237057211995125e-05,1.7944197403553248e-06,1.1562925335132583,0.1030728805810213,0.0211164518864825,0.5188411587484734,0.1553469893073225,0.1139113289699797,0.1553469893073225
-21.24531103298068,0.0594610263174399,14089795622.348783,1.2044033698737625e-05,34094689048.93837,7.974206122569739e-06,207119167726.4869,1.3375052995979788e-05,4.285359461092256e-06,3.281258855782245,0.1287227975204587,0.0234711875841021,1.0781798692982087,0.2045371772055068,0.2545817366071415,0.2545817366071415
-75.0745408423245,0.033947991002351,5573414855.07818,9.273337841033936e-06,10959730347.823477,9.982842330820856e-06,191924297641.9628,1.0503430720418692e-05,1.3497329495549744e-05,0.1055897815538571,0.197882111556828,0.0133983957376331,0.8585083255751352,0.2450472171447643,0.2552500541535742,0.2552500541535742
-65.89264838024974,0.0530546994181349,3111848576.368647,1.0985806457698345e-05,12984405009.141314,1.134863511379808e-05,207713477294.8921,1.3923784866929052e-05,6.461643056871937e-06,0.7671701602504278,0.1412755726836622,0.0144420915441587,1.209817677565819,0.2346385522342249,0.2555046204359862,0.2555046204359862
-30.40325673297048,0.0289480001013726,22706313405.350952,1.169875317811966e-05,55141397059.74148,4.356208027340471e-06,192595857214.18265,1.0049293909221887e-05,2.052128750737657e-05,0.4519478223044338,0.1854394643567502,0.0222820877013728,0.7590830084980985,0.1686192374278488,0.2989863980332072,0.2989863980332072
-39.94021516293287,0.0414523616759106,7093951792.732872,8.983440354466438e-06,28387600954.56627,7.13194399420172e-06,201505496837.1988,1.1196291875094177e-05,4.83224644571505e-05,0.1813527754164783,0.1581596934236586,0.0197236380856484,1.4622476073139006,0.2060853365451869,0.2190415945052364,0.2190415945052364
-63.762363493442535,0.0152362707629799,10554933192.264387,1.370895466953516e-05,7370546328.275751,8.577031760476528e-06,196310016103.08887,1.2822807542979718e-05,1.536164551283751e-06,1.911630419756965,0.1156010263599455,0.0169999458491802,0.6213287731343524,0.1117033276654592,0.2383979172669574,0.2383979172669574
-58.10086091980338,0.0551887440774589,7748067723.959768,1.1331708267331124e-05,21898340438.250565,1.0343761247582732e-05,209316190276.2949,1.354561610147357e-05,9.385259337577337e-06,0.1619797318196512,0.1218293028883636,0.0167608286449685,0.7785588497420264,0.2180012437742706,0.2097100323253386,0.2180012437742706
-38.102203998714685,0.0353061966458335,8842916504.457256,1.010288093239069e-05,5683973017.565117,7.914316753856836e-06,194120738152.4145,1.0419171564280989e-05,2.9539388795511912e-05,4.454086184084506,0.1519314634613693,0.0205148185407742,1.4138449447374055,0.1448097401616863,0.2468158285645703,0.2468158285645703
-32.25641567260027,0.0449928439222276,3455046270.193201,1.3326013915240766e-05,10118562773.476732,6.122680055908859e-06,200527945905.92383,1.1334235802292824e-05,3.947002709481498e-05,1.7736938895286087,0.1791685094125569,0.0244826523829251,0.665336761111969,0.2159878672336469,0.3300690783234343,0.3300690783234343
-71.53997592628002,0.0258134159585461,19343908084.01988,8.116349637508392e-06,42931773300.27483,1.2130716015584764e-05,195410278141.49857,1.2708798799663782e-05,1.243512403150621e-06,0.4067136853722626,0.1475465734489262,0.0127939867936074,1.63648237713614,0.1999396353004484,0.1957685829746412,0.1999396353004484
-76.91325161606073,0.0399952777381986,12850279607.086224,7.642297796905041e-06,50893210766.0977,9.499281636439264e-06,204949467331.17105,1.1851290293037893e-05,9.15000225306376e-05,2.932353716393297,0.1916111104190349,0.0138400614699348,0.5757321395850661,0.2768493827680755,0.2057957534474433,0.2768493827680755
-26.907029524445534,0.0194096854375675,6626682102.991223,1.4917252659797668e-05,16354707654.761396,6.506320820190012e-06,199754625856.8764,1.2222862597554924e-05,2.903465814038839e-06,0.2461889903869512,0.134993752092123,0.0232895867163315,1.876633263752501,0.1133894486971194,0.2930539098246744,0.2930539098246744
-43.45166301354766,0.0487851195037364,16272421471.821972,9.6404237896204e-06,9282101319.201296,4.720388510264456e-06,206144058499.4853,1.303056599572301e-05,3.8641890651201065e-06,0.6933068944763738,0.1093011109158396,0.0191196258701384,0.9948524724768268,0.1783350724491988,0.1731573247810877,0.1783350724491988
-52.72768402472138,0.0303089080704376,4938304806.327611,1.2926977314054969e-05,26197094128.89528,1.1289878710173068e-05,191027000788.59924,1.0903083831071854e-05,1.22807544068e-05,1.041384957649365,0.1643986938521266,0.0180110139194875,1.0977615406686216,0.1471674731890991,0.3268285007720863,0.3268285007720863
-51.6349302791059,0.0508166050398722,9609145067.690723,8.605548188090324e-06,11822539933.071714,6.667320835404097e-06,197762651015.07303,1.313835722580552e-05,2.622548031555116e-05,0.4989602308479097,0.1665398315526545,0.015091795714572,0.618267083663488,0.2767194267849451,0.1950623870931919,0.2767194267849451
-44.68801150098443,0.0313295598048716,8414791682.780712,1.3834862120449543e-05,36823373874.280136,9.09657757449895e-06,202567511517.55453,1.0763806208968164e-05,8.330017236870775e-06,0.886710962180559,0.1098698363639414,0.0220830918960273,1.4848928248644782,0.0933539744117546,0.247401514302538,0.247401514302538
-23.78186274319887,0.0385111319040879,21727351137.418743,1.0611728928983212e-05,18740995216.258976,1.0884020370431244e-05,191455712690.94943,1.1989599488675596e-05,1.1080290034814642e-06,2.209485051474485,0.1340306869708001,0.0195628274241462,0.71558802956792,0.1781589353553361,0.2124281839853032,0.2124281839853032
-79.89648304879665,0.0183209672011435,3878877615.178116,1.1820907026529312e-05,6626194757.848985,4.875762323848903e-06,206338972076.77365,1.211605505272746e-05,3.521915865138148e-05,0.2002189044988255,0.1890832505188882,0.017611464924179,1.269233212405,0.2024695844232995,0.3226840515782284,0.3226840515782284
-70.33017817884684,0.0433575502457097,5899746563.605893,1.2419956289231778e-05,7932425344.552001,7.507317402400076e-06,193376931324.6012,1.1442019879817962e-05,2.4997880153921792e-06,1.3789406488607427,0.1465633863583207,0.0155099002309143,0.9021008318969368,0.1784825177382506,0.2775393819870786,0.2775393819870786
-33.375719264149666,0.0245737215410918,11446192053.202208,9.145491808652878e-06,30588692353.06089,1.0500259979628026e-05,208181181177.4969,1.2569513071328402e-05,7.862369079002563e-05,0.321046685376166,0.17661137226969,0.0217221191916614,1.0152621522801677,0.231767366778844,0.2423953300083127,0.2423953300083127
-35.09425288066268,0.0570690817711874,4544533688.086489,1.4422320470213892e-05,59559002015.73367,1.2290660849772392e-05,197092042732.98383,1.3683917190879584e-05,1.0510917530130284e-05,0.1131472594787617,0.1540925350040197,0.0240386697938665,0.5278023473318706,0.2755966225078006,0.2957681344353073,0.2957681344353073
-61.20130890980363,0.0361758721992373,14983111301.233454,7.1352769806981085e-06,14007665990.157246,5.721049414016306e-06,201974692065.2688,1.0312356866896154e-05,3.3100912533475315e-06,3.913105763318684,0.1224271174520254,0.0131927547538653,1.7542941318259209,0.1328734278994347,0.1482703033167063,0.1482703033167063
-63.09819098562002,0.0426955690328031,4152859814.397285,9.762532934546471e-06,39891065634.41563,4.235861214809119e-06,194901514314.11505,1.108972754701972e-05,2.09759806049322e-06,0.212844981330173,0.1162041744217276,0.0140712185576558,1.1768930219023557,0.1536987052617547,0.1789004789712169,0.1789004789712169
-40.69694176316261,0.0168749166140332,17844335362.33288,1.2552885599434377e-05,9390477486.472486,1.17897950457409e-05,209784192256.62943,1.2961361803114415e-05,6.657000722325781e-05,2.6541069318515285,0.1603154292330146,0.0226966379936784,0.9177512950702532,0.1549535227294238,0.3086942356691458,0.3086942356691458
-27.787237595766783,0.0521885488741099,5301937718.46662,7.768221579492092e-06,5262394789.859724,9.014745590277015e-06,196192621942.6096,1.3784262120723724e-05,1.5684647221883378e-05,0.9425764848532548,0.1828891977667808,0.0185394716663286,1.947423917838494,0.2888099380329467,0.2349625009513232,0.2888099380329467
-68.41823058202863,0.0270710051944479,13409984773.579037,1.453940734267235e-05,20298811139.00044,7.006228472106159e-06,200996824111.78943,1.015684198215604e-05,4.984029752792791e-06,0.5994004512515549,0.1402855113148689,0.018229376536794,0.5606195434956721,0.122034584002777,0.2694368436744483,0.2694368436744483
-74.29309545084834,0.0584382347669452,23868989712.2218,1.3201937578618528e-05,24285403500.169228,5.64028173033148e-06,199284792896.36017,1.3268481515347955e-05,2.301917640436866e-05,4.159626570111053,0.195361125189811,0.0161238430570811,1.5920104354967946,0.2758788315820182,0.4082083964051954,0.4082083964051954
-21.88476385548711,0.0319145267503336,3269600167.1850066,8.488504201173782e-06,8594300338.020027,1.2632898717187343e-05,204168080892.41385,1.06419768743217e-05,7.246132369795676e-06,0.1359242202421691,0.1277528611011803,0.0207011453062295,0.6916483046508203,0.1636413091550295,0.1589706232187364,0.1636413091550295
-46.59928452223539,0.0475391992181539,10734175609.659008,1.1203817293047908e-05,15179044642.432705,9.86135450657457e-06,190558733008.802,1.160361010208726e-05,1.7294277503265356e-06,0.3412936447051503,0.1036469425074756,0.0246561846779659,1.3028106093623366,0.1461226639772605,0.2111480643663447,0.2111480643663447
-57.22317099571228,0.0231248827977106,7210461128.750685,1.047878909856081e-05,47292194670.51341,8.416490972973407e-06,205363545827.5676,1.2478113040328024e-05,5.447833900336323e-05,1.656422636316691,0.1727627749554813,0.0121697957245633,0.8360061883080869,0.199038551811508,0.2610932369283598,0.2610932369283598
-56.34951092302799,0.0587641058117151,3615909453.840025,7.068327590823174e-06,6994764124.234057,6.830629352480172e-06,191605244949.46,1.2905312847346068e-05,7.777624059820752e-06,0.3092839164658028,0.1860612628050148,0.0231015249053016,1.3766711330143522,0.3074998181834095,0.2104197668012211,0.3074998181834095
-47.35913310199976,0.0346628085477277,20241203222.46717,1.4374043948948384e-05,29695410325.065617,8.909095229580998e-06,206801012083.8881,1.102785073965788e-05,2.470760699787369e-05,1.4284399633259477,0.1434613910503685,0.0136726295417174,0.793300433051942,0.1402716752649249,0.2941260782205457,0.2941260782205457
-23.23393309488893,0.0471633291151374,7908526064.368586,9.089395187795164e-06,52441290804.38441,1.1614245245233177e-05,197925609219.8193,1.0226555839180948e-05,3.2883072853227605e-05,3.5866591426234566,0.1129284466616809,0.0178181915599852,1.664217604110955,0.1210195254078082,0.1856023104982624,0.1856023104982624
-73.05705105885863,0.0209526509838178,9027499580.73877,1.2345186740159988e-05,13619726254.89578,4.1301615349948405e-06,203042981047.1833,1.3848087105900048e-05,1.0438803750693065e-06,0.123162185484365,0.1570480938069522,0.0189569548778235,0.6492185238818267,0.2407485340257553,0.264798833120268,0.264798833120268
-67.65447715297341,0.0407375401072204,16202332199.195904,1.1882730446755886e-05,11489123695.642223,8.239806665107607e-06,197258665431.2909,1.0709011264145377e-05,8.270401390547183e-05,0.842600406570215,0.1004720171913504,0.0202966055562719,1.8416899961811648,0.1063417919871123,0.2246404080252526,0.2246404080252526
-28.67121120914817,0.0159331979742273,4917506577.72584,1.0684664577245713e-05,32445165726.144016,9.75678826123476e-06,202453821320.0868,1.333353328332305e-05,2.6059737500845614e-06,0.5256612869623286,0.1695901384577155,0.0165219857776537,0.5912042203698056,0.2071286825193587,0.2511808328699434,0.2511808328699434
-41.921784803271294,0.0537447587493807,12075409807.644855,1.38999929279089e-05,18184221463.573696,1.2456233620643614e-05,193522799089.55096,1.2420849222689868e-05,3.482058120868947e-06,0.1866813536135537,0.1986275061964988,0.0125805343575775,1.125064941227968,0.2767508548049261,0.3940470685835847,0.3940470685835847
-61.75198335200548,0.0282372971484437,6226470940.711662,8.659566707909108e-06,5846983443.270193,5.5356962736696e-06,208639561459.4221,1.1544424682855609e-05,1.0957976681080872e-05,2.3728951728863885,0.1310291603207588,0.0242390485797077,0.9784007292838643,0.1639498948045453,0.1842175473975916,0.1842175473975916
-59.85489340499044,0.045711743789725,14385281411.567902,1.0286339148879053e-05,27545927122.25595,5.052443463355302e-06,195736692603.67752,1.082155742123723e-05,7.324889462993165e-05,0.1309294777489325,0.1373001212254166,0.0224971020622178,0.5059483631626158,0.1957537084771013,0.193005786031707,0.1957537084771013
-36.318388264626265,0.0251205670461058,5691236146.182053,1.1031024403870106e-05,8849115116.82486,1.098858975060284e-05,200853388216.3465,1.3198032051324844e-05,2.328901160789505e-06,4.308397114109536,0.1923564994707703,0.0146840834440663,1.7957146277985605,0.2007258062311642,0.3262806502439035,0.3262806502439035
-34.25945729017258,0.0545000137807801,18986710510.08877,8.307906471192836e-06,17233332891.808163,9.273243660107254e-06,194419953189.79025,1.2048531718552111e-05,5.4839750225579446e-06,1.5184301295603413,0.1633618559688329,0.0172165473178029,0.8741296014451868,0.238209442421619,0.2030382276156455,0.238209442421619
-69.56574480980635,0.0360182286333292,4420445946.200322,1.3001682728528978e-05,48651818852.04558,6.77190526947379e-06,209615118615.32925,1.1924060817807912e-05,1.7413894547248e-05,0.3715439640276569,0.1067002531141042,0.0199640432652086,1.0505931648900906,0.1385040438289639,0.2315748963068224,0.2315748963068224
-78.6597453057766,0.0494779643928632,6667899728.743457,1.4725752852857116e-05,41065534073.28512,5.896651802584528e-06,190080831609.66635,1.2500286117196085e-05,6.704813401759811e-06,2.522394659373247,0.1508198575116694,0.0213076627301052,0.7459899805187051,0.2149127627606225,0.3341365083463823,0.3341365083463823
-25.13080980628729,0.0295900149084627,9920066880.08097,7.966648250818252e-06,10655597216.89213,1.239630790799856e-05,205198136679.82816,1.137868383899331e-05,2.1108823052982022e-05,0.2242601131191165,0.1191567287780344,0.0159179596630856,1.240805946038871,0.1524723156748001,0.1512101045439059,0.1524723156748001
-45.44719444587827,0.0392832497740164,3099240868.9012127,1.2743492171168327e-05,5422069723.675514,1.067580862343311e-05,198825203832.2389,1.036791641637683e-05,5.041121658062984e-05,0.5588101222717902,0.1497323981486261,0.0135880194734782,0.6376176497612598,0.1596572285425756,0.2656713876934193,0.2656713876934193
-50.76102031394839,0.0200984090287238,22616581815.06764,9.941058285534382e-06,23011667118.23128,7.61301820538938e-06,204020980503.4101,1.3745306603610517e-05,1.585986732214532e-06,1.012159485964205,0.179790302272886,0.0236370076090097,1.4359397755763268,0.2261534818734651,0.2777840209842065,0.2777840209842065
-53.37429286912084,0.0378238177299499,5237422055.144739,1.3525915399193765e-05,14728757957.744057,1.1954188818112016e-05,207269921284.1689,1.047887470945716e-05,2.0283433893162307e-06,0.482639239063071,0.1760872356593609,0.0209161350652575,0.9414797570695044,0.1740360801344945,0.3513509226229669,0.3513509226229669
-42.91886566206813,0.0190344154788181,13245508883.989752,8.78172055631876e-06,56780214175.72631,6.017957773059606e-06,192387557756.15573,1.3603334702551365e-05,6.392138624534788e-05,0.7167360343520364,0.1444752179086208,0.0163658103551715,1.1568605998490489,0.1944440730037842,0.1899624065895607,0.1944440730037842
-25.799559950828552,0.0515341744478791,3935534900.761109,1.1504838280379772e-05,32231709857.27712,7.737770278006791e-06,203510932959.6161,1.2643227398395538e-05,1.5256060577212244e-05,2.018426258413737,0.1248067228123545,0.0123863722039386,0.5507536086749294,0.1888835834583672,0.1952416722423945,0.1952416722423945
-77.9075963422656,0.030635380600579,16912106762.714855,1.0810572028160096e-05,7583001910.55121,1.0239058243110775e-05,198706435449.42145,1.1266740906983614e-05,4.800378678699236e-06,0.1714039458108276,0.1549111722037196,0.0248965648682788,1.9992858774081177,0.1863570830831515,0.2786027708682266,0.2786027708682266
-72.06203058362007,0.0563556375168263,11142369934.527924,9.46150314062834e-06,6338213949.621241,1.111446566879749e-05,201673339642.58432,1.2159498117864132e-05,1.7831194773485466e-05,1.2561149712447048,0.1123730379156768,0.0228878238480538,0.7035366202421116,0.1859084213704592,0.1779833591742378,0.1859084213704592
-31.614140830934048,0.0368631796678528,7485845444.208584,1.2221094310283662e-05,19735842273.462368,4.614550998434424e-06,196790366657.07828,1.1782096069306136e-05,5.665327191166946e-06,0.2761623546546552,0.1674790131859481,0.0142354268729686,1.5518268540929192,0.1909254482329956,0.2982839312607997,0.2982839312607997
-37.10441129282117,0.0440517254266887,24576259273.7445,7.4442501813173295e-06,35126961565.51565,6.330858526751398e-06,207858124952.7633,1.096450585499406e-05,1.3348153964799143e-06,0.1099717882134385,0.1886308302171528,0.0184189756708219,0.8144265370394075,0.259647306195833,0.1891889869289502,0.259647306195833
-59.22001821920276,0.0238561588386073,3365934815.1897154,1.4246197916567326e-05,12423718062.81482,9.393493376672268e-06,193053016196.9364,1.3086097225546836e-05,4.23680755410744e-05,3.153993151955208,0.1320172865875065,0.018705267089419,1.3262063420746195,0.1268982415057753,0.302551844406307,0.302551844406307
-64.8817277699709,0.0528978289989754,20584958570.681107,1.286941595375538e-05,44881479608.06813,1.0158254215493796e-05,200073237866.16327,1.2308663073927164e-05,2.9375375857994016e-05,0.2629408724298672,0.1257394670508802,0.0215340327788144,1.5254118658169773,0.184316929243042,0.2835724084277394,0.2835724084277394
-38.94313100725413,0.0263795335963368,3675292307.2534704,9.563212968409062e-06,15878496618.391058,8.080044757574797e-06,195268062353.13416,1.1687120899558068e-05,9.249580110728354e-06,2.7398863496955337,0.1949086993001401,0.0153424437008798,0.6069985175349077,0.2278733971428022,0.2549172607011547,0.2549172607011547
-29.7612183727324,0.0419999789865687,9489742278.040035,1.4847861997783186e-05,8173542279.147417,5.379088643938303e-06,208833407852.7987,1.0567284487187863e-05,1.2365428207725595e-06,1.0994404232425945,0.1737019502557814,0.0129999074051156,1.2485340884628,0.1483704619659797,0.3399908721089499,0.3399908721089499
-66.41538208350539,0.0175910644512623,8309448606.562757,7.592556536197663e-06,25473922774.085537,1.2863325776532292e-05,193950444404.0358,1.344473473355174e-05,3.889737347232911e-05,0.655189737807521,0.1061501496471464,0.0238759738123044,0.7335574186708168,0.1696247906868194,0.1380637577268431,0.1696247906868194
-76.06957981362939,0.0482306748395785,4677973821.808151,8.18001549690962e-06,21279109630.48532,8.753559947013855e-06,205667377207.42825,1.0114377796649931e-05,2.9726866828813786e-06,4.838064247437196,0.1611340600997209,0.0218648539222776,1.0342424655822615,0.1916080841699591,0.2163452189884512,0.2163452189884512
-20.138062741607428,0.0224155959673225,15420609282.886328,1.3377590894699098e-05,5007748412.39738,7.236665254458784e-06,190862812940.03128,1.3990790475159884e-05,9.452788207849736e-05,0.1492887934009908,0.1185837853699922,0.0148529278580099,0.878179210994626,0.1670998431075824,0.2213696267152706,0.2213696267152706
-48.566184267401695,0.0577220829064026,6122502208.088975,1.0162262812256814e-05,9817136707.148165,4.532751334831119e-06,204488658159.97125,1.2763593222945928e-05,1.2573757968000454e-05,0.4236461102192636,0.1381973491981625,0.0173979878863319,1.711110066128208,0.2099726670971648,0.2347743146317741,0.2347743146317741
-55.22746074944735,0.0326101235020905,11880297562.035326,1.1403178967535496e-05,37880220605.30923,1.1453341253101823e-05,199606304168.7012,1.113906029611826e-05,3.992130440107886e-06,1.705090666640754,0.1823650555685162,0.0193191990191116,0.536530636861044,0.2119473320631808,0.2895963777010965,0.2895963777010965
-54.73635967820883,0.054210929442197,6481881435.312401,9.52507270872593e-06,28712796716.389538,9.591873168013988e-06,196906216088.6824,1.130186315253377e-05,1.0022168120325247e-06,0.3773536922207913,0.1482145349495113,0.0181264724265784,1.267270570400121,0.2007285412367944,0.2305948985890498,0.2305948985890498
-48.968650847673416,0.027692720121704,12577546688.591154,1.2784539736807346e-05,6891724375.432526,6.3961462015286085e-06,202180126402.5271,1.2678303450345992e-05,3.180216574639988e-05,1.4958332854417005,0.1783174525015056,0.0186415729969739,0.7286194471169781,0.2108922620056078,0.3216275535152066,0.3216275535152066
-20.68694932386279,0.040499378638342,5035241481.112148,7.507634811103344e-06,13280904380.921053,4.812984735704958e-06,193249809741.97388,1.3576109059154989e-05,2.380200991918419e-05,4.244304652641979,0.1523989808745682,0.0225965131865814,1.5316423010792388,0.2335056504025043,0.1837368076100508,0.2335056504025043
-75.60772554948926,0.016090549849905,16598451060.861006,1.4809706211090088e-05,52233981924.9397,1.117970824893564e-05,208289000242.9485,1.0451542790979147e-05,7.56450931020401e-06,0.1329760447855022,0.1207884949631989,0.0141721275476738,0.5964112147762525,0.0967157658401666,0.2300377416773455,0.2300377416773455
-66.0412990860641,0.046905726827681,8673365223.916372,1.3464544288814067e-05,33251625241.06896,1.043628076184541e-05,191251040697.0977,1.3121180608868598e-05,1.1426150860654564e-05,0.967045873404934,0.1648585081100463,0.0120683776512742,1.6857880725066785,0.213650405131734,0.3587415194850273,0.3587415194850273
-30.28069855645299,0.0210905623761937,7594301922.653047,8.219984829425811e-06,11541340108.027285,7.804206910543143e-06,206524341553.44965,1.0999605033546688e-05,3.596298103438766e-06,0.5851324071415706,0.1082434445619583,0.0247567937728017,0.5401714279061567,0.1342217237358643,0.1364908233333395,0.1364908233333395
-39.37477063387632,0.0592111793439835,19771851497.30508,1.1443163827061651e-05,6043670575.355345,6.215212042443454e-06,197655595485.121,1.1754771482199432e-05,2.7021304943356984e-06,0.2348250060361202,0.1356452858075499,0.0205993298990651,1.0300442223582118,0.1981426360027567,0.2412221162722873,0.2412221162722873
-64.30263102054596,0.0340991340251639,3530260808.85659,1.0249261714518072e-05,18468087147.93452,1.2020619180984796e-05,202694174740.4635,1.2132249407470228e-05,8.513116266783204e-05,2.409953825041919,0.190752780996263,0.0162264364482834,0.8937559536394963,0.2397580432419876,0.2959818534765674,0.2959818534765674
-58.71415426954627,0.039146663560532,23164056191.69171,8.868580177426338e-06,8718738294.147429,1.1396740867756304e-05,190432022102.17715,1.3472013723105191e-05,1.6745915076847287e-05,0.1250947319387855,0.1969756763428449,0.0175129387266933,0.552997267686767,0.3387106287761557,0.2314679920019629,0.3387106287761557
-37.46281811967492,0.0203573468886315,3172546845.080431,1.3566039539873602e-05,26634502486.65102,4.325692602433264e-06,205470649041.23544,1.0594578318297865e-05,5.318266239175341e-06,3.533095254365418,0.1294223438948393,0.0196621625516563,1.9644350163164903,0.0584603382956924,0.2470140985549244,0.2470140985549244
-32.17756140977144,0.0500457210699096,10329659811.89072,1.0850650183856488e-05,48459605205.36583,7.180036739446221e-06,199099452029.91367,1.1651990965008735e-05,2.227049027381666e-06,1.4070995205043404,0.1019655713811516,0.0219786139717325,0.955618438100364,0.1436837910686438,0.1886793684617819,0.1886793684617819
-71.64400719106197,0.029147013137117,6939781381.583089,1.1591682851314548e-05,16804574455.7296,8.546503863297401e-06,204372724276.036,1.2273609969764948e-05,7.079766667384384e-05,0.314138679132414,0.1711363354697823,0.0151954957032576,1.149061004401518,0.2090794405281481,0.2973428509941688,0.2973428509941688
-77.51897934824228,0.0550432659639045,4314594524.6399,1.2183047346770764e-05,10704000005.206589,1.2805574019439518e-05,196084755193.4421,1.1166361935436726e-05,1.6510770724601024e-06,2.2669856983097354,0.1145106679759919,0.0130893639344722,0.8111119932339682,0.1524623166634778,0.226734074112432,0.226734074112432
-26.27520926296711,0.0355507220327854,18541783025.57748,9.37647259235382e-06,42086361857.38986,5.1731729684397575e-06,201123993378.13257,1.279084962233901e-05,5.192264169948395e-05,0.1954873351724398,0.1586768544279039,0.0241428633444011,1.349744275350442,0.2340991080466229,0.2235327570303369,0.2340991080466229
-43.3652681671083,0.0455503094242885,5463735491.737766,1.4161182418465616e-05,23370947264.84791,8.022235165350138e-06,194696108587.0862,1.3955745179206133e-05,2.204980566433541e-05,0.5504542587859355,0.1845403940416872,0.0216223013261333,0.6931326033583173,0.2916703994369035,0.3613015171430725,0.3613015171430725
-52.83925587311387,0.0253546570893377,13817299731.161823,7.406249202787876e-06,5604449868.611718,9.952387523837386e-06,209969990290.7014,1.0079225271940233e-05,6.944881763815557e-06,0.804997088328272,0.1419916392304003,0.0156089339619502,1.5623407367694693,0.1382803691231368,0.17213728091511,0.17213728091511
-50.29996892437339,0.0442226439155638,3226316724.9191084,1.1069162651896477e-05,56489160527.43586,5.609826521016657e-06,201397794596.8509,1.3812804821878673e-05,4.6374655671667175e-06,0.6259786069505678,0.139826182834804,0.0126946500679478,0.8612122070400119,0.2246910094621866,0.225895136121362,0.225895136121362
-45.99688032642007,0.0236315532540902,23545245635.45396,1.0371217139065266e-05,14380220954.970634,1.2680927357636392e-05,196437326036.39365,1.0191167280077935e-05,1.4598113533056987e-05,1.1513466319596135,0.1839473498985171,0.0245811801785603,1.0577436357473378,0.1532822116109724,0.3007491394024828,0.3007491394024828
-25.534075684845448,0.0558249596972018,7295364701.549811,1.3086606286466123e-05,7480027942.881192,9.830903722904622e-06,207508231308.3112,1.1055404625833034e-05,6.19595310760608e-05,2.869267115083485,0.1596644289791584,0.0204111201502382,0.5039047413833387,0.2075490287972773,0.2754718505189133,0.2754718505189133
-78.1694471091032,0.0373432602966204,10852953913.899685,8.346060186624527e-06,31126114418.095413,8.464523502625525e-06,192781800683.5878,1.2932820539921522e-05,1.951776421135224e-06,0.2512155053211577,0.1170630373060703,0.0168653049711138,1.827605506013902,0.1858471561494413,0.1705629776554584,0.1858471561494413
-68.98767624050379,0.0509785626456141,17638046955.178185,7.879696927964688e-06,20018822335.2752,4.205333719961345e-06,206992621328.6817,1.15090434551239e-05,4.390657571656932e-05,1.731781964392277,0.1720950131304562,0.0179068219671025,0.6471732089100813,0.2507075461639096,0.1895683600479721,0.2507075461639096
-34.69212867319584,0.0310905275819823,4106552580.450112,1.4685781687498095e-05,6559085631.415365,1.1837888193316755e-05,192031541522.59232,1.2385543871670962e-05,1.393433804686327e-06,0.4172972056876582,0.1044981990940868,0.0192230150913819,1.4262430105399992,0.1152035033278286,0.2585337398585974,0.2585337398585974
-36.83890020474792,0.0379701458942145,13586999589.747948,9.901071652770044e-06,12495721612.508434,8.98423083592206e-06,203164014928.04288,1.3361048307269812e-05,5.8380427114576725e-06,0.1470528766660584,0.1272855910472572,0.0231905513871461,0.7490208504779318,0.2176142402462603,0.187850264144015,0.2176142402462603
-61.334991715848446,0.0572655252506956,11575004485.033607,1.4287182554602624e-05,15502789275.944172,7.397220165468752e-06,205939221996.81403,1.189649924263358e-05,3.785024265056839e-05,0.1637704908677983,0.1901739516295492,0.0132962958114221,1.657477964643214,0.2543826670745886,0.4090383805628019,0.4090383805628019
-42.48623356223106,0.0331643135659396,5968107902.725834,7.028205461800098e-06,44651312696.292336,1.059279156383127e-05,191212229598.3136,1.2021046973764897e-05,1.1904698554357187e-06,2.1136104736686314,0.1335138686932623,0.0235740902898833,0.6607552737437297,0.1976267909826676,0.1478869669852893,0.1976267909826676
-29.030646216124296,0.048475702763535,14777145303.816809,1.2305110655725002e-05,24600071154.751,1.2180550335906445e-05,204842252060.771,1.3233367681503296e-05,8.949955932133549e-06,0.7505285908737873,0.110769201721996,0.02101554149203,1.3563417945762364,0.1662966878121321,0.240576817485725,0.240576817485725
-67.14964495971799,0.022265110546723,4485207600.742129,9.002548784017564e-06,8062568128.927496,5.813568257726729e-06,199881143644.4521,1.0856907892972232e-05,2.81851712793127e-05,0.4611492439314701,0.1658240600489079,0.0158538525700569,0.7986912975911623,0.178444424838753,0.21583463449184,0.21583463449184
-72.5228133611381,0.0422259955806657,8530298278.254031,1.0722713373601436e-05,5182268815.385217,6.557150776498019e-06,200341954752.8029,1.3717829667031763e-05,4.107259315664103e-06,3.2031417045600628,0.1233339907601475,0.0168993353499099,1.129623989078159,0.1953626044230029,0.2194354920669975,0.2194354920669975
-23.68113847449422,0.0174215673655271,9737009777.093082,1.1967758923769e-05,21584166500.420288,9.189174202270806e-06,195615571811.79523,1.0340332251042128e-05,1.3045931167118702e-05,0.1083312535159729,0.1533934267237782,0.0198250575633719,0.9613261786876236,0.1384357958098865,0.2541911670213115,0.2541911670213115
-47.83558528870344,0.0524219163553789,3836028096.0609927,8.744580194354057e-06,38775994138.828415,1.0773846422322094e-05,209188908953.21967,1.1414042118936778e-05,9.758094483902094e-05,0.2720400966218396,0.1777190718799829,0.0221794957146048,1.8693099524483767,0.2381769463053334,0.260965100536048,0.260965100536048
-55.96169322729111,0.0269143690075725,21473908379.0471,1.3937995679676534e-05,9874056817.14136,4.968354525975883e-06,194228411782.53293,1.2535599157214165e-05,3.1016473926067653e-06,1.2757008975579358,0.1460544113069772,0.0145439055468887,0.5872056697745426,0.1705736221196119,0.2805760448601672,0.2805760448601672
-56.717428639531136,0.0411962989764288,10119781766.205206,1.2608588859438895e-05,18000653207.260563,5.918309366330504e-06,207984921541.06497,1.2080963980406524e-05,1.4034466049688684e-05,0.3883887077793149,0.1077925445511937,0.0239754066206514,1.918631419638133,0.1391164295740863,0.2475731314711323,0.2475731314711323
-46.95779863744974,0.0153757324721664,6798139613.474412,9.833752162754536e-06,6245858948.875924,1.2357059746980664e-05,192945979591.45905,1.195449274033308e-05,4.418487886498878e-06,1.856521082464052,0.16284358818084,0.01290127732791,0.564418955511207,0.1699613945162327,0.229394830119144,0.229394830119144
-22.448306027799845,0.0535002333624288,22134370760.172607,1.4610642097890378e-05,11218554415.971066,1.0697478927671907e-05,201858613900.84027,1.0791123107075692e-05,1.876383455604712e-06,4.662107407228615,0.1932544622570276,0.0154462381741032,1.1721056345014704,0.1920670540012623,0.3994953868067846,0.3994953868067846
-73.87517934665084,0.0283827752619981,3031818519.049871,7.823970347642899e-06,34291149771.900394,7.5737833213061086e-06,196585637591.77924,1.316559836640954e-05,5.9032810966891086e-05,0.1546806777407225,0.1365859869867563,0.0214294541710987,0.934042929858886,0.2294140180948524,0.165065591739094,0.2294140180948524
-68.02950629964471,0.0599260007450357,5814180544.721579,8.419114075601101e-06,53834773084.02216,5.074173312634229e-06,203618733100.59308,1.0277242191135883e-05,1.475685817282903e-06,1.0571957935634926,0.1806985893286764,0.0194232948888093,1.3223799573669863,0.219724520875665,0.2417294561569649,0.2417294561569649
-28.26276531443,0.0334022069815546,14705937450.47197,1.3148311465978622e-05,12917421645.032043,1.0949277082458136e-05,198579180501.40143,1.3648848827928304e-05,4.6918426048211895e-05,0.682602038884981,0.1490316399373114,0.0172947009466588,0.8303714471810314,0.2062662137026974,0.2860795927535598,0.2860795927535598
-41.143236979842186,0.0462156676640734,4333412295.986676,1.042511747777462e-05,7118028755.476639,9.294977935031057e-06,207475412692.87463,1.2596746284514664e-05,1.964730911487738e-05,0.242389111759752,0.120262826886028,0.0149518671045079,1.5984991428567257,0.1769460244051086,0.2084571201076229,0.2084571201076229
-62.563032396137714,0.0218012651614844,18619695692.74052,1.113441164046526e-05,28003301723.244587,6.73259649053216e-06,192201826330.27435,1.1469359487295153e-05,6.238842515714378e-06,2.9768574555721763,0.1503123446367681,0.0217651367401704,0.6795939728892081,0.1569095908253664,0.249927239961365,0.249927239961365
-60.71010055020452,0.0493268213700503,4810180212.142514,1.3765565261244776e-05,5765705554.715055,8.358701547607777e-06,204674399122.5958,1.0129532653838396e-05,1.2952720253552411e-06,0.1008378432062976,0.1565902118571102,0.0249987608771771,0.7126846923175304,0.196010381967662,0.3069598337319114,0.3069598337319114
-35.49659786745906,0.0298398618819192,15858037387.064302,8.551767773926258e-06,22662470934.122124,9.655476197600364e-06,199400803223.2523,1.3756998151540755e-05,4.081360319378556e-05,3.4342978771283947,0.1139850054867565,0.012283367216587,1.291750568853978,0.166675743189644,0.1580714447462546,0.166675743189644
-33.924498558044434,0.0398353936895728,6348552044.867507,1.1767141662538052e-05,43179257475.07394,1.2575124613940717e-05,205794565398.2461,1.2996399410068987e-05,3.066589413265024e-05,1.2102156704916145,0.1428087505511939,0.0164668168323114,0.6091196208840239,0.2098700646733175,0.2389109406757937,0.2389109406757937
-69.86820232123137,0.0196453150687739,12317624067.739595,1.0542478054761887e-05,10357497353.946957,5.43437978439033e-06,190755079556.25653,1.1124872501939537e-05,9.65049382776885e-06,0.2861191338163587,0.1869215252809226,0.0208159065721556,1.4949719870185427,0.1778659200475102,0.2948506844491005,0.2948506844491005
-79.5225216448307,0.0448574647027999,19852986017.69564,9.201101325452329e-06,16270299167.802649,6.949597056955099e-06,209038146454.84088,1.245084162056446e-05,1.177655194220841e-05,1.940524577032862,0.1303630514070392,0.0188057815060019,0.5299591718337469,0.211661253035693,0.1755879066575695,0.211661253035693
-24.301450215280056,0.0260735500836744,3544170389.254596,1.2491330295801163e-05,49687369055.27792,8.807718122377992e-06,193765160609.03668,1.1576323959976437e-05,3.741117827190257e-06,0.1785644822526164,0.1994773520156741,0.0183176584746688,1.7237013217726893,0.2020800798378363,0.3569229836510464,0.3569229836510464
-45.11977272108197,0.0557552937604486,9227306680.58247,7.20660500228405e-06,25842510285.78254,1.1733199672773478e-05,200180207714.43845,1.067711437866092e-05,2.800002256538612e-06,0.444996635621684,0.1691214092075824,0.0143379227770492,0.9156414957151984,0.2225331298320489,0.1858773543453413,0.2225331298320489
-51.05594081804156,0.0348619986092671,8080609359.462087,1.4477914936840534e-05,8964071940.675838,4.0287716872990126e-06,195141332522.03464,1.330354230850935e-05,8.888677930076079e-05,0.7787702178736019,0.1015146769583225,0.0227861121268942,1.0084298684893882,0.1416183448060337,0.2463981884483528,0.2463981884483528
-52.310570795089006,0.0565122737037017,15593740019.25091,1.0047179475426676e-05,36991949851.24325,8.65217076987028e-06,193727721273.89908,1.0538804259151222e-05,3.6191662386387534e-05,0.6084746760708734,0.105242062266916,0.0200670496569946,0.6753161997239081,0.1453500813552417,0.1693779555173407,0.1693779555173407
-44.01600448414683,0.0366298121865838,4732302354.584986,1.1260486997663976e-05,12116801189.308807,7.35562035255134e-06,208454399257.89832,1.3410350777208806e-05,1.1508529420028084e-06,0.9280902443026464,0.174402908142656,0.0171143499044701,1.625419573001284,0.2294408383690623,0.3046095704650829,0.3046095704650829
-27.26634293794632,0.0435050746751949,11717244175.494452,8.045112900435925e-06,6729346740.874353,4.431374629959464e-06,197365814093.5004,1.234304940700531e-05,8.608147674554733e-06,2.613340873017548,0.1938028485514223,0.0147843105327337,0.7817163468973859,0.2744367816897166,0.2112325480759568,0.2744367816897166
-76.40831213444471,0.0243257322907447,6042442862.570183,1.327026689052582e-05,19370600155.837025,1.1572309359908105e-05,202327217850.8341,1.1715602565556766e-05,2.7330582769142043e-05,0.2160651849408729,0.1262472272850573,0.0223960969895124,1.3891740058022473,0.136896881902716,0.2764214860884676,0.2764214860884676
-71.00584551692009,0.0386835899809375,3725764505.728885,1.4986641041934492e-05,30136798611.4497,1.0056937055662274e-05,198111533764.74976,1.285809739679098e-05,3.2175821249737256e-06,1.5818644615031383,0.1812732499092817,0.0237383234007284,0.9801634089644732,0.2256108583393063,0.4193084955043408,0.4193084955043408
-32.703742645680904,0.0180979119334369,20858745718.76176,7.695925891399383e-06,7669614530.432347,8.198935080319641e-06,202837601695.2097,1.1231688123196363e-05,1.0131359270929536e-05,0.3572039494318476,0.1387161027640104,0.0134875064613297,1.1052250146393627,0.1521690860656048,0.1576070169135842,0.1576070169135842
-38.57876347377896,0.0502843876322731,8217571311.173756,1.298065097630024e-05,13952755364.861313,5.277776177972555e-06,191732611954.2122,1.002174759283662e-05,7.616757883343965e-05,0.1422620178099431,0.1176863560453057,0.0160196727886796,0.5734024754278162,0.1442060885568174,0.2102045635499517,0.2102045635499517
-57.71316481754184,0.0318080901168286,9379143077.664885,9.70982763916254e-06,58079266645.45983,1.2982220256701113e-05,206693405061.9602,1.3896284863352776e-05,2.395971845711429e-06,3.972358334714769,0.161848727799952,0.0212051654215902,1.9099852098164385,0.2224998546316662,0.2711687323308304,0.2711687323308304
-63.30141939222813,0.0477664228063076,7386940529.363296,7.328668311238289e-06,9624227878.41311,1.1075157560408114e-05,198932820390.9099,1.2736268047243355e-05,5.159583511171812e-06,0.2032600093709268,0.1555777192115783,0.0190555833568796,1.0825639603624209,0.2575093978828053,0.1827128961181068,0.2575093978828053
-40.490022636950016,0.022956581977196,10990953517.387074,1.4103991128504278e-05,40073590419.06728,4.63628594391048e-06,203893603961.9148,1.136181239783764e-05,1.6393045429528764e-05,2.175421205994029,0.1239573150873184,0.0177187603497877,0.8435188229231081,0.1021377874112198,0.253046563834678,0.253046563834678
-30.80662989988923,0.057961115129292,3405493281.690132,9.327101461589338e-06,20980701284.741085,6.291546260938048e-06,190286144204.4377,1.0383805595338344e-05,6.868163539693684e-05,0.8730322849693237,0.1449443375691771,0.0137772097475826,1.791108901845357,0.1630203778213536,0.2232777790926768,0.2232777790926768
-65.40247177705169,0.0324481658963486,24848758039.41145,1.2113286554813389e-05,5344328750.175367,9.415223628282544e-06,205012278892.09985,1.3510295491665602e-05,2.1800057932013262e-06,0.5065435975233578,0.1750449663028121,0.0229977288339287,0.5153391795895784,0.2714483145112248,0.2956719060567223,0.2956719060567223
-74.4963506795466,0.0517304409015923,13092304852.480703,1.164314167946577e-05,8309580499.434653,1.1914953263476488e-05,194546566195.786,1.0930652976036072e-05,5.256652948672324e-05,3.736715012205536,0.132475511264056,0.0243423371175304,1.4563461317972382,0.157608096490937,0.2828790966474562,0.2828790966474562
-21.677875127643347,0.0276236556703224,5179052932.162879,1.091443419456482e-05,23926572984.01564,6.039627406746149e-06,209507960416.3766,1.30580584295094e-05,1.6565843943012143e-06,0.1184299949197723,0.1875746141187846,0.0124764368897303,0.6323644722233068,0.2698543824963421,0.2543165444717671,0.2698543824963421
-49.61870722472668,0.0429421472735703,17135524364.271233,1.3637628450989724e-05,46117117185.78916,7.698521714657544e-06,195921788047.99915,1.2187534537166358e-05,7.031128105242021e-06,0.3360329183087774,0.1681319487281143,0.0166217013616114,1.191942043942209,0.2116537713328829,0.3427503587054901,0.3427503587054901
-54.20743901282549,0.0167259707814082,3989936724.819303,8.92784384638071e-06,15119577994.975533,1.0260715404525398e-05,200648532789.20053,1.1815947510302068e-05,2.2123743503011204e-05,1.3167945731258233,0.1115130704827606,0.0201976679079234,0.7642519461533305,0.1294052833604267,0.160041883710083,0.160041883710083
-54.16272424161434,0.0478213501302525,10532680025.791,1.0388917118310927e-05,40478857876.93939,6.741082455031573e-06,201513723172.2474,1.1955139476805924e-05,1.7984051673863023e-06,2.659559728694573,0.1410126868635416,0.0136339673623442,1.3680389170838811,0.1818494858435138,0.2366580301371662,0.2366580301371662
-49.632809050381184,0.0230115145817399,7079103394.295384,1.1176462195813656e-05,9525978154.354055,9.302143213339149e-06,196318879611.7902,1.2079706758260728e-05,5.718710257791832e-05,0.2124561177876309,0.1859097693115473,0.0230830955412238,0.8049021271352678,0.2258134893755377,0.2992524738637793,0.2992524738637793
-21.664217207580805,0.0580160484882071,22658831768.46274,8.390859730541706e-06,5391217009.999859,1.0957475547678767e-05,207704650145.02405,1.3166885383427144e-05,1.3466357418053944e-05,0.5983064920802487,0.1584835143759846,0.0189131347192451,1.6533615372957868,0.2469909886131369,0.2236984541446711,0.2469909886131369
-74.54153707250953,0.0325030938070267,3105281625.904228,1.3166806265711786e-05,20801981086.077744,5.0810853568837046e-06,192587594520.30063,1.0790446098893882e-05,4.275530435341967e-06,0.9445112504946388,0.115094000287354,0.0178049198361113,0.658769252341751,0.1256739490614108,0.2302045520540179,0.2302045520540179
-65.35791570320725,0.051587619013153,5561759909.574888,1.4574575848877432e-05,23708589306.60885,7.58300417754799e-06,207110915165.39453,1.3651478961110114e-05,2.0475995968959672e-05,0.1360999953489429,0.170938680972904,0.0165610822420567,1.8547338117936003,0.2728025430279754,0.3864494081808696,0.3864494081808696
-30.82045858725905,0.027480828333646,14060062518.65777,7.865903243422509e-06,8387648258.214637,1.0707745946012436e-05,191915460359.30515,1.027400204911828e-05,6.447388790903692e-06,4.149360201174816,0.102553744520992,0.0203146749734878,0.5823342467588564,0.1201873681980908,0.1267375547984974,0.1267375547984974
-40.47666557133198,0.0427993220323696,4214481180.67258,1.2580201596021652e-05,14956289657.042715,1.2366585402749476e-05,203358068503.43945,1.1472569834440946e-05,1.5396575182193446e-06,1.6523374558626032,0.1284478017129004,0.0242825088398531,1.1331283659161802,0.1522123912189277,0.2735518330887167,0.2735518330887167
-63.34641937166453,0.0165831508208066,18099414473.651363,9.85236581414938e-06,46612200370.24884,5.928846650756895e-06,198240403421.2232,1.259414642304182e-05,4.843229010916363e-05,0.3417343529548711,0.1983403065241873,0.01259424041491,0.9634775956364608,0.2281936340447908,0.274204507555539,0.274204507555539
-57.69934909418225,0.0566550935804843,4948418204.389176,7.232917636632919e-06,11998677611.157078,4.021474461071193e-06,206133352015.16748,1.3754257570952176e-05,2.947421710288909e-05,0.888478912444353,0.1921173634938895,0.0146418631542474,0.5026479478671938,0.3457310612523722,0.1751396630101829,0.3457310612523722
-38.62330658361316,0.0367726375116035,16305497483.772749,1.445747085660696e-05,37360739648.28955,1.1724854272790252e-05,191015734616.66705,1.0132639579474926e-05,9.36454309671709e-06,0.49807888658254,0.1346706959418952,0.0224822556041181,1.8221315924579664,0.1047538673603274,0.2922763397620463,0.2922763397620463
-32.658727914094925,0.0436479019280523,6640138560.384399,9.2353370860219e-06,19197040805.797066,8.800665547139942e-06,204960774630.30817,1.112173481285572e-05,1.2463382630057078e-06,0.199864878482324,0.1088315700180828,0.0199238060126081,0.8686484990308654,0.1522510871674171,0.1591470813725115,0.1591470813725115
-71.01921733468771,0.0244685542630031,12876621958.908884,1.2447322830557825e-05,6789480441.761595,6.941530573181807e-06,199765291213.9893,1.2999171230942012e-05,3.9559764447453294e-05,2.213894581743658,0.1646608059294522,0.0171997174834832,1.0659576598497067,0.1837503767381582,0.310952107598904,0.310952107598904
-76.39419734477997,0.0386286619864404,19383190279.29576,1.1793564327061176e-05,7742770677.796832,5.423970089294016e-06,200538602322.34003,1.1575505264103413e-05,2.9099105513872827e-06,0.3214801151823135,0.1213718749582767,0.0159598455764353,0.7513365465751569,0.1633859175525227,0.2159851666561344,0.2159851666561344
-27.311070673167706,0.0180429786583408,3462128647.632708,1.05219074934721e-05,29848369204.8128,1.2566037884913385e-05,195421594381.3324,1.2452026184648276e-05,9.170321918248084e-05,1.3754588884516012,0.1522056885063648,0.0213229674939066,1.2218804562993195,0.1530009303660819,0.2514661512615357,0.2514661512615357
-43.97083284333348,0.0502294549439102,8861025649.566458,1.3799689799547195e-05,58693308964.24624,9.644804819487031e-06,209304913971.57312,1.330238850787282e-05,1.2252583651336016e-05,3.90321796012428,0.1796868754550814,0.0236777032157406,0.6421335927657643,0.274847885372979,0.3473998282622449,0.3473998282622449
-52.32421396300197,0.0317531628767028,7763817387.269368,8.507885597646237e-06,13808219014.655388,8.349318602122367e-06,194110041800.8864,1.0677901834249496e-05,3.855320889154755e-06,0.1133002222406532,0.1472356302663684,0.0136045149797573,1.4143960391187158,0.1816271355588106,0.1851646655480735,0.1851646655480735
-51.09882341697812,0.0493817553995177,15013582971.706747,1.2954339742660523e-05,22441321064.27028,1.297189324069768e-05,197100269664.0789,1.3413346771150828e-05,8.348369350224756e-06,4.446214185663805,0.1462517679668963,0.016323577449657,0.9475206264791411,0.2186793500365286,0.296436036835247,0.296436036835247
-45.103840958327055,0.0298947904631495,4553835699.134109,9.730273179709912e-06,5823129634.016476,5.268598186783493e-06,201983554977.92365,1.0535929962992669e-05,2.628323028425832e-05,0.1623028313019738,0.1771306009031832,0.0209012760883197,1.1403064565216467,0.1990503070744821,0.2476691067440415,0.2476691067440415
-24.31693896651268,0.0398903203429654,11469643602.368328,1.4952406682074073e-05,10264594445.505163,8.188320497982203e-06,193368103578.6867,1.171844657510519e-05,3.513894953300084e-05,0.4075241813488736,0.1543676233850419,0.0248563154358416,0.554334708140156,0.1945870817588615,0.3158580889070543,0.3158580889070543
-79.47916653007269,0.0197002470027655,5911733314.773426,7.73993481695652e-06,43564682912.46716,1.0047505897469816e-05,208172919079.6613,1.2340083222836256e-05,1.1055067129498778e-06,1.7705623752691266,0.12196901505813,0.0123695300929248,1.970175543913801,0.1425957347881323,0.1589511565383257,0.1589511565383257
-69.91092890501022,0.044714638791047,3886825166.8803134,8.018690682947637e-06,50161799555.68383,1.1564912422560154e-05,191447459533.8106,1.123270118236542e-05,7.844876457397614e-05,0.2455667055160354,0.1668026188388466,0.0142773006549105,0.6986331861331228,0.23483938403092,0.1941050683392297,0.23483938403092
-33.908837251365185,0.0259307294525206,21771493746.486897,1.3290837958455086e-05,16114739077.131191,4.423103191889822e-06,206330135390.16248,1.2857206512242556e-05,2.4942290269369216e-06,2.936320977242278,0.109399432875216,0.0229031163835898,1.5755638805847978,0.1117524715402346,0.2432607010848871,0.2432607010848871
-35.51178665831685,0.0556124725425615,8431904468.991741,1.0013055384159089e-05,9058932991.181349,7.348528013564646e-06,197771524060.51755,1.3897206034511329e-05,3.3176751878979188e-06,1.0427919607644205,0.1337067674845457,0.0187459500320255,0.8085455032024708,0.2333697369049092,0.2030567313226665,0.2333697369049092
-60.66693095490336,0.034719171943143,9628814375.042858,1.1304369680583477e-05,25575058057.682945,8.644169799052178e-06,202575728315.86005,1.0020704723894595e-05,1.053498856393664e-05,0.6915557526472897,0.1895901780575514,0.0184354586098343,1.346605281077629,0.1669853302674706,0.3302641332779365,0.3302641332779365
-62.57867805659771,0.0413391255587339,7195361248.173725,1.367382735013962e-05,6309081731.562502,1.0270033960230647e-05,190548027120.5306,1.1360383715480566e-05,6.642198757234051e-05,1.1541812379659182,0.1958184545859694,0.0153037937982007,1.5353303693562828,0.1914095626833412,0.4119380075182122,0.4119380075182122
-41.10052604228258,0.0155185537738725,10711555880.220163,8.885791890323162e-06,17817055584.16559,7.708716782741248e-06,205352279059.5889,1.273684260994196e-05,2.0929318039493352e-06,0.3002159664539786,0.1274785375222563,0.0215156155945733,0.5981603971461898,0.1727453142469863,0.166533675365188,0.1727453142469863
-28.30594876781106,0.0536430539097636,3262703765.9894853,1.1671394564211369e-05,34592319654.773964,6.049190546385944e-06,199296099599.45084,1.350975215435028e-05,4.995444998938146e-06,0.1058068226200043,0.1031284779310226,0.023832166172564,1.2565451278136195,0.1882127596560722,0.2007810418814135,0.2007810418814135
-68.014303650707,0.02852560125757,23819051568.717915,1.0895937994122504e-05,11123093442.080656,1.1925427314825356e-05,204178746845.5732,1.0385203529149295e-05,1.5720587641263055e-05,3.2752613404802613,0.1730736196041107,0.0129866482969373,0.7230605492561784,0.1649270739315001,0.2763677015205315,0.2763677015205315
-73.89112675562501,0.059871068727225,13381699141.143757,9.363167203962805e-06,12799619534.769878,9.42362919356674e-06,196203277762.97928,1.3054707370698451e-05,7.262090812624885e-06,0.4508335728138083,0.1156980139203369,0.0148920368896797,1.026774124781633,0.1985150636693254,0.1834631367112703,0.1985150636693254
-22.40540778264404,0.033347280411981,5290845378.787449,1.207135321199894e-05,54340046662.74975,6.29880052153021e-06,201008140947.6697,1.0933149438351391e-05,2.306989678388612e-05,0.7681600027362624,0.1606385779567063,0.0218829360036179,0.891686855763363,0.1647946931783236,0.2813683120533975,0.2813683120533975
-47.001139894127846,0.046160738999024,17806967260.178967,7.357055068016052e-06,27700617568.248,4.644429625011981e-06,194890238605.43967,1.1813419822603465e-05,5.4354341210751685e-05,1.914100530208472,0.1833588312380016,0.0193626715075224,1.6991841546389097,0.2424586368743299,0.214573425378028,0.2424586368743299
-56.70195374637842,0.0217463312158361,4144108450.812155,1.4085377030074595e-05,7194377220.580636,1.1082115805707871e-05,209773495309.05484,1.219091634452343e-05,1.7254895609734518e-06,0.1809053291422513,0.1400234918110072,0.0174117060750722,0.5447375073036356,0.1648768486903486,0.2744369119317094,0.2744369119317094
-55.94603907316923,0.0572984791640192,6239133633.837244,1.1493030667304992e-05,44222306150.63718,1.203011363931e-05,193531073704.3619,1.2677626382559535e-05,2.47644073666426e-05,2.73901093506531,0.1001481992192566,0.021107903541997,1.7774573863342424,0.149199293120566,0.2319777402002039,0.2319777402002039
-47.87830471992493,0.0331972729275003,12100127019.394424,1.0189635328948498e-05,15650072978.43807,6.225754741579293e-06,208648376688.3612,1.1303150229156018e-05,7.795512280639174e-06,0.263846509584312,0.1700971555896103,0.0157178040854632,0.5109707288132949,0.2186912431052033,0.2258037276352318,0.2258037276352318
-23.63797603175044,0.0485086640529334,4927582363.952862,1.3475222744047642e-05,7979352997.261078,7.813456784933804e-06,197249809075.1469,1.0450285509228708e-05,1.0415681593960916e-06,0.6574476282360784,0.1988903830759227,0.0133878639200702,1.085724229732813,0.196654628260676,0.371092074805436,0.371092074805436
-72.53799499943852,0.0222980665555223,16235249330.550268,8.215156570076943e-06,24861104980.22035,1.0446544477716089e-05,202445587832.48068,1.3576755855232476e-05,3.281020101667626e-05,1.099087125422341,0.130558858346194,0.0234372484451159,0.8455563832078392,0.2034186395776195,0.1775660885119812,0.2034186395776195
-67.13372034952044,0.0421051469352096,9045995873.709747,7.557376362383366e-06,21800169221.532265,1.1187920577824114e-05,197917403746.3963,1.0997005112469198e-05,2.6000644122112733e-06,0.1488384089104628,0.1863362496718764,0.0222909951694309,1.2020274726525615,0.2562717077686377,0.2217961244776697,0.2562717077686377
-29.07352166250348,0.017300713439472,7924593882.855046,1.4750191047787666e-05,5131941295.692678,4.819874299690127e-06,203034096676.8563,1.312439101561904e-05,8.251638621386234e-05,4.842215761109116,0.1430031990632415,0.0144775802586227,0.7703151377446928,0.1224267789643788,0.2947465722484866,0.2947465722484866
-42.44288560003042,0.052301063016057,20282369096.729942,9.535877645015716e-06,9961911041.230503,6.404620414599776e-06,191614089384.67505,1.212900920584798e-05,1.0982203219785396e-05,1.7065569282941897,0.1126167386770248,0.0170100441565737,1.4529558603540549,0.1596689444903409,0.1881322967527188,0.1881322967527188
-61.3504733145237,0.0267935211164876,3623310589.303852,1.2779601447284225e-05,38427095071.96746,9.599058747291565e-06,206809257492.42307,1.1757401674985886e-05,3.489760201363116e-06,0.4223672258956705,0.1575672209262848,0.019757936396636,0.6303621099428215,0.1819820135452024,0.2899262507215306,0.2899262507215306
-59.43894749507308,0.0443434918904677,22569219363.815083,1.4148546993732456e-05,14514775703.16233,9.94170426018536e-06,198814526554.19708,1.059735007956624e-05,2.323618282399186e-06,0.716462351962009,0.1512894013896584,0.0205026871934533,0.7840066685608176,0.1668480861055607,0.3206227591919269,0.3206227591919269
-36.85484046116471,0.0237524065095931,3092709904.912925,7.409112922847271e-06,55972408527.59749,8.012872654944658e-06,204009685125.202,1.3468876093626025e-05,7.308281523005424e-05,0.4843319037477644,0.1188946077600121,0.0167284645792096,1.3925148799086644,0.1780715263346239,0.1414213408866565,0.1780715263346239
-34.6766609326005,0.055945813707076,9899142206.09269,1.2131231166422369e-05,31461466365.309254,5.16277727112174e-06,190092090629.0412,1.2276716835796833e-05,1.7452417562202373e-05,0.1720047609613739,0.1492261361330747,0.0127870131833478,0.6701619778550478,0.2244266484510751,0.2394594350003093,0.2394594350003093
-69.03101034462452,0.0374641088582575,6653949830.036165,9.434157326817513e-06,7399527963.123482,1.2796464676037427e-05,205208850316.7033,1.1649250444024802e-05,5.4961008725261984e-06,2.0176593540831407,0.180113361403346,0.0244451302411034,1.611658170975487,0.2136626047574175,0.2934879037735944,0.2934879037735944
-78.12674332410097,0.0509456067206338,4411121985.219556,1.0837895907461645e-05,6492370876.00554,8.539480172097681e-06,194430637620.38947,1.2791637018322945e-05,2.115737848134648e-05,0.2753453521709711,0.1367817462421953,0.0233012589346617,0.5720736912272657,0.2351603646507895,0.2189545547579361,0.2351603646507895
-25.54971419274807,0.0310575662087649,18946987555.86517,1.1594679489731789e-05,20222034957.0801,7.171967087313532e-06,209626406840.98004,1.116520819440484e-05,6.720228898127552e-06,1.257118800495756,0.1926674456335604,0.0138727606385946,1.9039171447997856,0.1608302166169141,0.3318832773582034,0.3318832773582034
-45.98168483003974,0.0379371866164729,5679317590.847772,8.816881656646729e-06,35650051310.31807,4.318364312872291e-06,195725369211.28632,1.0080409776419402e-05,1.5824724914198606e-06,3.156507697915459,0.163819286879152,0.0180183226810768,0.988446462081402,0.1719647789385836,0.2144392850959532,0.2144392850959532
-50.34314522519708,0.0187522652372717,14354968296.06427,1.3623590163886547e-05,12604870719.255568,1.1388400748372075e-05,200842738952.4877,1.3954926542937755e-05,5.029956811427998e-05,0.1096466475110483,0.106426019128412,0.019156688931398,1.114005086326595,0.1552764779189301,0.2199070478345313,0.2199070478345313
-52.85307740792632,0.0391796241793781,3358838616.077792,9.913708478212355e-06,26883457039.4805,7.0472136400640005e-06,207866398971.52783,1.0188201036304237e-05,6.406722733830905e-05,4.323494560436506,0.1120979525148868,0.0220709728254005,0.6138544661579276,0.1348180578506929,0.1727640447349603,0.1727640447349603
-43.32071924582124,0.0203903022268787,24524816602.258404,1.2653633020818234e-05,8638896540.404755,8.976232999935745e-06,193061832021.92188,1.3815648891031742e-05,2.032973340899657e-06,0.130879835786648,0.1679371066391468,0.0150594438286498,1.5078601740755877,0.2253869585129055,0.3003552157290129,0.3003552157290129
-26.32020208984613,0.0500786756537854,7470191521.514653,7.931514509022236e-06,16985460384.924356,1.1830522285774347e-05,201664483882.4868,1.2929946184158324e-05,4.789831203541912e-06,0.3714023893504273,0.1889424396678805,0.0176045038327574,0.7105404738819664,0.3007344196793473,0.2104138898698499,0.3007344196793473
-77.50562943518162,0.0291799731692299,11118856308.13046,1.46280984133482e-05,47937614625.59366,4.197056967765093e-06,196782132573.4257,1.10584006793797e-05,1.5222523374759566e-05,1.5237537967236676,0.1314980609342456,0.0195253178980201,1.288538610351269,0.1059039416804317,0.2855714777411214,0.2855714777411214
-71.65810186415911,0.0549224132951349,16876742043.187449,1.3099361009895803e-05,41658694163.00068,8.45392077229917e-06,203502728082.2396,1.2384500943124296e-05,5.652382679503263e-06,0.2244391450378385,0.1764111462049186,0.0217338039772585,0.9080432879100836,0.2671068870562098,0.3428660451847432,0.3428660451847432
-32.13285379111767,0.0354298748122528,3927229596.623295,8.343064054846764e-06,10812762889.90707,9.821452096104622e-06,198697550483.048,1.15099646858871e-05,1.7790434118370518e-05,2.514934974779563,0.1439682933501899,0.0155426120636984,1.0005642157559038,0.1785831714350237,0.1859150654496129,0.1859150654496129
-37.50799736008048,0.0454294601082801,13217583543.19452,1.1120861619710924e-05,5556551388.911161,1.2670586310327051e-05,207278765123.33752,1.0735651139169931e-05,4.246250297346362e-05,1.0091642906260527,0.1245439385063946,0.0132000757437199,0.5311439744779538,0.1553441236197641,0.1936669966806848,0.1936669966806848
-58.7005035020411,0.0252338024927303,5226459406.520412,1.03136670216918e-05,23575320926.33312,5.600671110674739e-06,192395803760.7372,1.336206142604351e-05,1.337791787602182e-06,0.5592572925638202,0.1553815667517483,0.0240757449865341,1.7290446750748445,0.2022743913075302,0.2565433982210654,0.2565433982210654
-64.34735160320997,0.0543317841226235,11904626493.151016,8.694711893796921e-06,6825571838.793287,4.976484309881925e-06,204477980285.88293,1.20224448479712e-05,9.228433713669194e-06,1.433364124728442,0.1616525276564061,0.0226880770334973,1.1685915511971383,0.2368008413844766,0.2257000973079272,0.2368008413844766
-39.36066299676895,0.0278135693538933,6134947743.367239,1.3997620664536954e-05,28985847668.44572,1.0780827114358542e-05,199595009386.53943,1.1895955964922906e-05,2.930824927645772e-05,0.3091842823265172,0.1182729317806661,0.0140352837657555,0.9317105531434507,0.1275265639963502,0.2479648453670528,0.2479648453670528
-30.294334571808577,0.0406202259426936,15451923841.397984,1.0712033458054066e-05,51695341100.146034,9.197591485455633e-06,205678636822.84952,1.0857482396066189e-05,3.898409637613452e-05,0.1231227355371375,0.1377400108613073,0.0182188325393945,1.933525010557707,0.1688337387701776,0.2321385150698387,0.2321385150698387
-65.99613459780812,0.0162114024348557,4687563183.385961,1.1972585782408714e-05,13421952705.61222,6.564384702593087e-06,190873525980.86,1.3231939058750869e-05,1.239298423899848e-06,3.5990163638882207,0.1826393821276724,0.0185055202506482,0.5692908392379847,0.2058794575753197,0.3096342722009078,0.3096342722009078
-75.65226150676608,0.0468727668793872,8326321906.978954,1.22553685978055e-05,11656732530.393124,5.823162561282515e-06,208844092879.4444,1.0343713998794556e-05,9.474362879015009e-05,0.5261127600984462,0.1252698246389627,0.0207100406428799,1.602089786820253,0.1349753543818198,0.2684782006009274,0.2684782006009274
-20.67314075306058,0.0210576077084988,9509196017.424765,9.062063500285148e-06,32928400087.52172,1.2191018939018249e-05,193961732033.6401,1.3715302038937808e-05,2.97946823111823e-06,0.8400574747031172,0.195170721784234,0.0161593195432797,0.6816934495108447,0.2697635554855758,0.2510377756401283,0.2697635554855758
-48.98201551288366,0.0591782240895554,3682819003.3465815,1.4276377111673356e-05,18632235572.62012,1.0602081067860124e-05,200061913877.7256,1.253809555992484e-05,3.983353531701998e-06,2.36573835907967,0.1742081137374043,0.0121798813678324,1.3113926818600603,0.2266331026934127,0.3852112971993398,0.3852112971993398
-54.69135209918022,0.0340661733224988,20626801079.582623,7.033143304288387e-06,5989235798.391171,7.407418502494692e-06,195257413685.3218,1.1410691119730471e-05,1.2546127137863791e-05,0.1868413449810165,0.105826991982758,0.0246904704216867,0.8239033379634273,0.1621649211401724,0.1224816043890551,0.1621649211401724
-55.27039341628552,0.0528428989928215,3537662167.35483,1.3910667568445209e-05,15731299916.365215,5.542929076589643e-06,197644281033.4265,1.1031198401004076e-05,3.187307950635874e-05,2.111890959671105,0.1653776462189853,0.0128828483270481,1.9414268764762903,0.1611042411290011,0.3579861906664387,0.3579861906664387
-48.550316877663136,0.0263245983095839,19813643719.74084,8.654742263257503e-06,45295837234.499886,1.2464652060531077e-05,202683516535.908,1.2902819782495498e-05,1.0044504670645823e-06,0.1642539589723722,0.1079317356459796,0.0239367441264912,0.5593632609625957,0.1803518180098443,0.1442204795151461,0.1803518180098443
-20.15348711982369,0.0419450429454445,7610338546.407238,1.1932601101696493e-05,25202392848.9934,9.763767964206636e-06,191261735260.4866,1.3850610442459584e-05,7.547217135963955e-06,0.4625097568170084,0.1351870921440422,0.021416182084009,1.1861326835032149,0.2078743343207292,0.2557954680812089,0.2557954680812089
-76.02617463096976,0.0175361338583752,8691567192.98852,1.0625034376978876e-05,8262462814.524706,8.247937471605836e-06,206535619646.3108,1.0223178382962942e-05,2.374762654212233e-05,0.7499194239947294,0.1910277781076729,0.0154024183303117,0.9254408325036116,0.1432420207401788,0.2999917546314207,0.2999917546314207
-66.45804429426789,0.0483734940458089,16633502747.608805,9.100203938782216e-06,5059207381.219042,4.140360894612968e-06,193261078894.1384,1.3334957614541054e-05,3.5883923150648603e-06,0.1079542762269942,0.1477442279458046,0.017312770823948,1.3060715292817573,0.2584804562444605,0.2016896745935141,0.2584804562444605
-29.74550699815154,0.0225584206217899,5045808066.352225,1.23402446359396e-05,21065274392.495632,1.162353376019746e-05,208299703747.0341,1.070844105258584e-05,1.1401045417513208e-05,3.2044134701271663,0.1785803362727165,0.0194623909415677,0.8385198845316241,0.1384061449306432,0.3229812956084263,0.3229812956084263
-38.95836986601353,0.0578649054653942,12603915113.651312,7.118065327405929e-06,38207128280.94772,8.919564989395438e-06,196895547751.33728,1.1544964622706177e-05,8.532548902610065e-05,1.2762049801034496,0.1529060056433081,0.0217788423374295,1.5783857762708535,0.2132640131020172,0.1896967745625423,0.2132640131020172
-64.8386225476861,0.0327529407804831,6495582851.941363,1.4314532600343228e-05,9732127370.18108,6.840222532860934e-06,202168822083.62225,1.241945468634367e-05,2.708295477026292e-06,0.27109393373792,0.1204646727070212,0.0149953277762979,0.6863204457794643,0.1594089138682601,0.2511218795938259,0.2511218795938259
-59.23571394756436,0.0376810005353763,13789284145.618263,1.2691679805517198e-05,57331046677.81502,7.604742475785314e-06,194704942889.5116,1.3197015594691038e-05,5.306579577976643e-06,1.1503424826337745,0.114236443862319,0.0122685212185606,0.721213670259167,0.1665266950759716,0.216565502851984,0.216565502851984
-37.06176472827792,0.0188915928360074,5452563738.736705,9.998739205300808e-06,14590144801.873035,1.0668441726826133e-05,209978245832.026,1.0822451703250408e-05,1.6709097586559068e-05,0.6278635193754557,0.1591342832893133,0.0249565401757136,1.279854151894115,0.1391945105718313,0.2519497984708599,0.2519497984708599
-31.657259911298752,0.0513913498772308,18503908462.064217,1.4713113613426689e-05,7662083573.266197,1.2388311228714882e-05,196076540779.3224,1.1923135295510292e-05,7.095917456708516e-05,0.2519724290356049,0.1848513389006257,0.0207990762777626,0.6163566336239462,0.2533439901054735,0.3631792890330659,0.3631792890330659
-72.04677786678076,0.0304925613105297,4305837526.123658,7.969515785574913e-06,31893286986.203594,5.8895294228568665e-06,201115117948.5023,1.2049578938633205e-05,2.2321320137291312e-06,2.866759413790853,0.1414732748642564,0.0164265799913555,1.4815810091796593,0.1802697586044378,0.1843641704641834,0.1843641704641834
-77.92347937822342,0.0564105681935325,6925605437.66008,8.25620413571596e-06,19540293532.93719,6.762748735956847e-06,199090586733.073,1.137568349391222e-05,5.2038347707909305e-05,0.4158710159068745,0.1972987315617501,0.018332963601686,0.5232908772986696,0.2938798924564986,0.2149965893987862,0.2938798924564986
-25.75661163777113,0.0369181156251579,10308694989.529188,1.3059237167239191e-05,6400371049.436992,9.262903769500553e-06,204364499729.12668,1.2503164764493704e-05,1.6547582711100338e-06,1.7323611089932798,0.1289160898886621,0.0188476671045646,1.7407621414302128,0.1411180199789735,0.2793209513469292,0.2793209513469292
-42.96225698664784,0.0441066607972607,3166114424.418527,1.0273588687181474e-05,12314153130.32411,1.0979137134738264e-05,190440286584.1985,1.3742459196597335e-05,6.929011977624652e-06,4.915405363263798,0.1017034576274454,0.0228026072699576,0.9043492242303406,0.1743499442309186,0.1824395460929518,0.1824395460929518
-53.35888234898448,0.0239110887609422,23116691325.58687,1.1034017227590083e-05,35445897048.120056,5.041841755621135e-06,205479474402.9641,1.0370885998010636e-05,2.1999394815795543e-05,0.1465500188277906,0.1716058746911585,0.0143786186985671,1.0183255936299236,0.1705523058433111,0.2611046952201403,0.2611046952201403
-50.716255474835634,0.0456568070780485,5364285616.560885,7.496063947677612e-06,8934879566.429398,9.384385189972815e-06,203152701072.39484,1.3604149047285318e-05,1.4630403963759628e-05,3.543736963900741,0.1725654182955622,0.0170994912423193,0.6674575030300396,0.2932562314125953,0.1868928471872617,0.2932562314125953
-45.46123189851642,0.0250656357826665,13559465306.07442,1.4188518457114695e-05,27286440433.71611,6.3204617062583566e-06,198426316045.22467,1.0477694496512414e-05,4.647718228924675e-06,0.1249855046305786,0.1042354134842753,0.0200248163882643,1.6402840799969751,0.0989409645017668,0.2178763991746205,0.2178763991746205
-25.117216259241104,0.0544450844451785,4098222166.168869,9.47414378076792e-06,49158747625.05455,4.60518951062113e-06,207003315296.02408,1.1267891310155393e-05,1.947348410999255e-06,0.3138649631620978,0.1267786644399166,0.0223792545637115,0.7724228591098861,0.1812580240766828,0.1795002689470952,0.1812580240766828
-78.70498176664114,0.0359632940171286,17601999787.252155,1.2218228235840796e-05,17052231617.90653,1.1103781416080891e-05,192042820211.5,1.2642443340271712e-05,6.181903353873013e-05,1.411335041025541,0.1967261008918285,0.0147440614635124,1.4019975890113858,0.2333401275105911,0.3778659377975065,0.3778659377975065
-69.52125310897827,0.049620787622407,10830937463.75548,1.1556541062891484e-05,10550115241.440908,1.0230717134661972e-05,207519499864.42923,1.1784833252429963e-05,1.3903457947118812e-06,0.1955532717070631,0.1393069525249302,0.0135027994085103,0.992465320710795,0.1983983779773923,0.2464813522148631,0.2464813522148631
-34.27333604544401,0.0297328328574076,7280455389.229069,1.0753018096089363e-05,41468633328.6711,7.730443011038006e-06,192792504783.7198,1.2156394589692355e-05,4.380932291047966e-05,2.2592317017256813,0.1842589666135609,0.0237801967225968,1.0945542980650314,0.2093016972604222,0.2990469082969015,0.2990469082969015
-36.304981131106615,0.0394260683096945,23497078687.0907,1.353866630792618e-05,22808936270.81777,6.009886997751891e-06,201387126855.5522,1.3089230563491582e-05,1.859389440648864e-05,0.8022451966364326,0.1601225304417312,0.0212216479489579,0.5806479244731743,0.232473669434183,0.295573390208572,0.295573390208572
-59.89982901141048,0.0202412330126389,3219778387.1070414,8.778728239238262e-06,5471349659.551744,1.1947166283614932e-05,196426021121.44232,1.0961738385260106e-05,5.851463548944032e-06,0.5506389121120732,0.1167879479937255,0.0160603561913594,1.891065866641032,0.1139256071250714,0.1729465272607628,0.1729465272607628
-61.738117560744286,0.058621281911619,21519321734.892227,1.0151586711406707e-05,29420415647.56905,1.1463603979907929e-05,209197743851.69147,1.1684486415237189e-05,1.1878333079684567e-06,1.5002479436891272,0.1230108433403074,0.0177003435771912,1.069693825325912,0.1770299988710734,0.2143579232900952,0.2143579232900952
-41.96626354008913,0.0345199899282306,3844066320.0571456,1.1408002011477947e-05,7059410602.182156,4.542002231813967e-06,194236666727.8111,1.2311907567083836e-05,3.776637219123265e-05,0.3770470997138865,0.1538995885290205,0.0190169329941272,0.8513054168048315,0.2040665761762446,0.2521004513429548,0.2521004513429548
-28.626260850578547,0.0470205112500116,9757433280.44946,8.130143381655216e-06,13474683566.43373,7.247206830419599e-06,200333739742.6367,1.3441520988941193e-05,2.8249973012823088e-05,0.1328677526213946,0.1779810934327542,0.0229844693141058,1.7702656559539582,0.2977190912972345,0.2216438122178692,0.2977190912972345
-67.66789903864264,0.0208098276704549,8548320730.741056,1.3437219694256783e-05,53012321716.22219,8.7630555620417e-06,195606696978.2114,1.056988774612546e-05,8.970543238960215e-06,4.256838701107493,0.1455847798846662,0.0137334025679156,0.5200519706543608,0.1162359750364539,0.2691238516998945,0.2691238516998945
-73.04300064221025,0.04079247480724,4494615736.436369,1.483705274015665e-05,32778247439.31252,1.2870512512512502e-05,204833386167.88388,1.3990140341222286e-05,1.3074777018560812e-05,0.5853630116378862,0.1904482739046216,0.0124945192858576,1.4747483573587317,0.2568964699624502,0.4395715663282656,0.4395715663282656
-23.278710898011923,0.0159881272260099,14808364660.15764,7.597498193383216e-06,11373557466.312893,5.387561733834445e-06,199872919693.5892,1.0115638416260482e-05,4.116345570663591e-06,0.96368326196962,0.1330565379932523,0.0243814457859843,0.6261005910160395,0.1307125696168113,0.1496802411505454,0.1496802411505454
-47.3139113932848,0.0537996900966391,5980728877.863945,1.2819677710533145e-05,5897385499.899395,8.08693534415215e-06,205947487074.8818,1.1137768927961588e-05,3.0946150147527904e-06,2.4015695248982314,0.1104583550244569,0.0202113857818767,1.206901963581322,0.1362211632033636,0.2482122118493822,0.2482122118493822
-56.3630897179246,0.0282922337763011,11599260301.457474,9.62272386997938e-06,18026583061.39112,1.01664655553177e-05,191221054363.9958,1.2764274582266807e-05,9.73595897603734e-05,0.2349179971641392,0.1663425225764513,0.016665174213238,0.7568732533072909,0.2401047649175942,0.2305058099007632,0.2401047649175942
-57.23705690354109,0.0426626124372705,18581605620.88295,8.955182194709777e-06,9482924074.105106,8.587504655122755e-06,207464127447.4561,1.23671946041286e-05,4.4286064679221e-06,2.180960239042148,0.1811567800119519,0.0186056504091247,1.2514308282776254,0.2482200320717603,0.2564475931035075,0.2564475931035075
-46.554785668849945,0.0168419545702636,4324630221.345345,1.3727453283965588e-05,39497298858.4427,7.141508257016539e-06,192191138919.4429,1.174566435068846e-05,1.406662180033496e-05,0.2029889732580754,0.1487566517665982,0.0181179244453087,0.7358934229462089,0.1397596662218592,0.2863987875545778,0.2863987875545778
-21.92970661446452,0.0521555849025025,14676105249.124311,1.094960991293192e-05,20482331531.727142,4.366402072831988e-06,203629379384.21964,1.050093759596348e-05,5.890153626535398e-05,0.5058672204222815,0.1197436977177858,0.0141381887234747,1.512625132200914,0.134155127457595,0.2128565832128751,0.2128565832128751
-74.27968116477132,0.0270380465034395,5802298099.55762,1.1740799918770792e-05,5215786322.988282,1.1357954658567904e-05,198590506874.02487,1.3378400716930628e-05,1.8722087285930024e-06,0.8752568481822411,0.1506240505725145,0.0225859810058027,0.6022128395909656,0.2191755709410087,0.2669847106622077,0.2669847106622077
-68.43227518722415,0.0585590807301923,3025668369.689304,1.2015650250017643e-05,8513098668.981126,9.989801565185189e-06,201869911067.18777,1.0047899313271046e-05,4.681162408110352e-05,0.1186377986570279,0.1072855287231505,0.0247922820756211,1.706106904607079,0.1413931143828497,0.2402217930881687,0.2402217930881687
-27.74246560409665,0.0320353779941797,22089133683.118603,9.291947677731514e-06,24520077109.083256,7.982348781079053e-06,196596313081.68173,1.3924324866384268e-05,1.4723249850849946e-06,3.729224248152781,0.1631674074567854,0.0120772855794057,0.5352419914881965,0.2551329732079631,0.2003556769909626,0.2551329732079631
-40.74218537658453,0.0476600498752668,6784232425.238409,1.4014142453670504e-05,46797429434.26357,5.21087846532464e-06,207974206116.05048,1.2822237271815538e-05,6.252580633607105e-06,1.314152385855479,0.1937247662805021,0.0162607351709157,1.0421940915326666,0.252152653900657,0.3864299810585828,0.3864299810585828
-63.084590286016464,0.0232457280065864,10099273538.809675,7.301306121051311e-06,15337929992.520382,1.27659452278167e-05,192934722360.2236,1.1197716265916824e-05,1.969059520356028e-05,0.3366231581440803,0.1363231121562421,0.0206094277463853,0.8856753364496374,0.1740719604068606,0.162046448243872,0.1740719604068606
-61.246093865484,0.0506957597471773,8097697462.525437,9.674663364887238e-06,36454704502.09398,1.1280448541045188e-05,200189090296.6261,1.0420218724757434e-05,4.0720662907750106e-05,0.930400522994836,0.1300521035678684,0.0196297980742529,0.5461311459940967,0.1724295570750733,0.1857898473343046,0.1857898473343046
-35.08019531145692,0.0312087092315778,9246643108.379574,1.2882966034114364e-05,11944476102.489712,4.70977290533483e-06,195149539783.597,1.3544690638780594e-05,1.2923238983897594e-06,0.6076979618208977,0.1999957253225147,0.0175008078394457,1.98354417230684,0.2296376469963858,0.3796128847798526,0.3796128847798526
-33.38930521160364,0.0383902805764228,3551604500.5879145,7.668606616556644e-06,6568565702.873565,6.497143952175974e-06,209029902834.44525,1.2709693022072315e-05,9.671758109752944e-06,0.2157897878599462,0.1693956422619521,0.0151579739730805,0.9436740672765132,0.2583778888168528,0.1837658569369487,0.2583778888168528
-70.2849493175745,0.0182001213217154,19894929621.863823,1.489681239426136e-05,18902008456.98537,9.488953463733196e-06,193756314385.6824,1.1333219405263665e-05,3.073342952146656e-05,2.619841405714622,0.1010572451166808,0.0219716399013996,1.1605323451753613,0.0622483233088882,0.232162033694047,0.232162033694047
-79.94096893817186,0.043390508852899,12343460052.807917,1.336013463884592e-05,30869933702.3438,1.2122713888064028e-05,205785747189.0748,1.2225832119584084e-05,3.7496904686531433e-06,0.3578523663541783,0.1568523345515132,0.0241755621982738,0.8206794510088024,0.2222891692656165,0.3272797737551759,0.3272797737551759
-23.767989799380302,0.0246066855965182,6361965197.428941,8.072471275925636e-06,7858594557.986504,6.115588840097188e-06,190746807921.67783,1.184844294562936e-05,1.180352423811329e-05,1.5785974814424646,0.1135154632851481,0.0131010365160182,1.337540981208572,0.131572491450552,0.1425010763597619,0.1425010763597619
-44.70144053921104,0.0571020437311381,15891573709.397203,1.1358134746551514e-05,14160597536.035194,7.906044293195009e-06,204682635590.43408,1.090596241876483e-05,8.86890405145759e-05,3.9641616142637504,0.1424856923520565,0.0156459973379969,0.7014869423292945,0.183640006411958,0.2338927328283151,0.2338927328283151
-51.58997276797891,0.0362088288785889,4820259880.2887335,1.0082306556403635e-05,58926406683.46073,1.033636529929936e-05,199409656599.164,1.3027565710246564e-05,2.7937765191938256e-06,0.1425199899040095,0.1874277882277965,0.0216296097245067,1.5480833012087862,0.2847149598944546,0.2883462238351492,0.2883462238351492
-52.71196549758315,0.0551557807764038,9398806448.622046,1.4388082295656206e-05,5627014397.249876,5.71298405341804e-06,191721326112.7472,1.076302209123969e-05,1.1534685119159135e-06,3.429923263970029,0.1817801735363901,0.0245488279294222,0.8721681852926793,0.2072236660192896,0.3839728111358082,0.3839728111358082
-43.49433237686753,0.0352732386253774,8234941373.075346,7.179289720952511e-06,22123994067.44836,1.2283607117831708e-05,206682718247.17523,1.3139507688581944e-05,3.62739573917288e-05,0.1010885639041619,0.1383921912871301,0.012682531312108,1.0473547749983132,0.2306026420508545,0.1467242747248089,0.2306026420508545
-26.863917149603367,0.0449598866561427,20902794719.479,1.2393648870289329e-05,42557997928.59015,1.0491915568709372e-05,198122180644.4228,1.211487478017807e-05,2.727029270701305e-05,0.2868310599865631,0.1172159598208963,0.0168277958082035,0.5101860211071135,0.1728155360180546,0.2009231984269739,0.2009231984269739
-76.92849762737751,0.0257804532442241,3733583001.509771,9.165933534502984e-06,10205402631.629194,7.500019153580068e-06,202848927471.7868,1.1990413893014194e-05,8.589148828271896e-06,1.2086718062918358,0.1621115104295313,0.0204041587440297,1.809807208252657,0.1822607554948976,0.244389730668659,0.244389730668659
-71.52410138398409,0.0401161277247592,6055202670.726267,1.0577608652412893e-05,16505229244.033556,4.866378355771303e-06,197377111855.89432,1.2566745541989804e-05,1.010812212262403e-05,0.178195882444773,0.1047839697450399,0.0192557264640927,0.6395333533875766,0.1741754660475367,0.168641768372866,0.1741754660475367
-32.29935549199581,0.0195305299758911,11741833673.685255,1.1864785894751549e-05,50419987125.04472,1.0873349981382488e-05,202337892744.6902,1.1445153277367354e-05,3.2101986598743228e-06,1.9440455127078664,0.1746779944747686,0.0179185071643441,1.439530585719743,0.127833407194639,0.3148406162296506,0.3148406162296506
-38.058791663497686,0.0489059661375358,4742223999.776517,8.57912215590477e-06,26483349310.03824,9.087489688768982e-06,193717005252.83813,1.030925327911973e-05,2.401290690419059e-06,0.7801847158665409,0.1943220758810639,0.0139769565863534,0.7402418078449778,0.2303929227554596,0.2308344715958828,0.2308344715958828
-58.11629245057702,0.0304297599848359,15626700376.54959,1.3855437003076075e-05,9183597422.76485,6.656912263482809e-06,208443142622.7093,1.3686654433608054e-05,7.633674987280385e-05,0.4440772406749057,0.1259356195107102,0.0231978719653561,1.2301841002451912,0.1718873799437399,0.2839487099240134,0.2839487099240134
-63.71940802782774,0.0463317808695137,3981846899.262467,1.123207399249077e-05,17565158711.051037,8.423401994630694e-06,195930670034.14035,1.2963965002447369e-05,1.6355423554566337e-05,1.8540406224981287,0.1322134867310524,0.0235381550379097,1.6781387798269256,0.1879411353992584,0.2654906731859264,0.2654906731859264
-39.95610535144806,0.0215218597417697,17100486921.114906,1.0460289083421233e-05,6096585828.859825,9.869553960859777e-06,200656740646.80933,1.1086513862013818e-05,5.147748103202969e-06,0.3893787706842805,0.1880442544817924,0.0132877352628856,0.6543204501066232,0.1909327644893254,0.2696587572772893,0.2696587572772893
-30.387839060276747,0.0593401816952973,5168473478.267473,1.3238132663071156e-05,11058924800.215694,1.2640062838792798e-05,194538323171.4368,1.0160086415708066e-05,2.1848470865695256e-06,0.1550746889231967,0.1684551050886512,0.0158199016144499,1.373596602488952,0.1912137837226601,0.3388934668551011,0.3388934668551011
-65.93604685738683,0.0338271410996094,13065733446.799398,8.4464560598135e-06,33793046535.76144,5.648768818005919e-06,209499113596.9758,1.378162769600749e-05,6.883408304311618e-05,4.655887009946643,0.1110069056972861,0.0210049970829859,0.7908467761100475,0.1910156268097106,0.1528954672223491,0.1910156268097106
-75.03188712522388,0.0530876620486378,24797999685.138683,7.79660452157259e-06,54619869506.26716,7.016766879707574e-06,190277326591.3129,1.0642658174037934e-05,1.6603507759159002e-06,0.6812329237321155,0.1558885748498142,0.0198605336863547,1.1163840143124406,0.2057664728151872,0.1978256454529411,0.2057664728151872
-21.26101391389966,0.0289809574512764,3398581522.969768,1.4520797058939934e-05,13109747108.127165,9.02427008934319e-06,205004006661.4747,1.3267190206795932e-05,5.268598463576777e-05,1.059051625044635,0.1234388495795428,0.0169082310013473,0.970035457431778,0.1433703942571878,0.2707152273525192,0.2707152273525192
-49.08305700868368,0.0414853196125477,10968668208.909643,9.798602491617204e-06,7293365299.540867,1.1800063053146004e-05,198941056262.7017,1.247937360033393e-05,2.2074908444933413e-05,2.982077639733604,0.1446700123138725,0.0145781916538253,1.8472428183846268,0.1832375719784742,0.2421759349682303,0.2421759349682303
-54.62372735142708,0.0152692341478541,7371836613.260304,1.2510948441922666e-05,28684465466.411243,4.245081048458814e-06,203902457933.8729,1.1602960027754308e-05,7.015615880711818e-06,0.2419034030263173,0.1755023059435189,0.0221895810430869,0.5926763640569612,0.1691000787132602,0.3025558714624328,0.3025558714624328
-54.42275546491146,0.0560611949209123,23685304140.894623,9.209003068506718e-06,8192679465.536145,1.0430579282343389e-05,194495495446.0264,1.114915132150054e-05,2.4176915824090656e-06,0.4906448327635666,0.1884316908195615,0.0240021415920928,0.6459478086564866,0.2643561460654025,0.246582955713895,0.2643561460654025
-49.40213192254305,0.0372717764088884,3243986108.322507,1.2481407836079598e-05,25478925015.98801,7.860183699056505e-06,209534694589.67447,1.2776571936905384e-05,7.684724517760306e-05,0.9023849804087832,0.1318135695531964,0.0131276675714179,1.4256877345980914,0.1624959384535876,0.2616630599704712,0.2616630599704712
-20.94287464395165,0.0444588637165725,10827989005.19666,7.195774614810944e-06,45022416569.16132,6.214184379205107e-06,195660520922.3926,1.3969051510095596e-05,1.0221764454113009e-05,2.248541242312028,0.1121754009276628,0.015470197668299,0.7476570301670084,0.1979239872120367,0.1224167987150228,0.1979239872120367
-65.61057979241014,0.0380305415298789,4052679043.19634,1.376962733268738e-05,9862916441.261938,9.588656755164264e-06,198901355396.9562,1.3454796902835369e-05,2.6605574677526896e-05,1.3549094577384877,0.1246198379434645,0.0195993006108328,0.8617651133179844,0.1815917080252111,0.2739036398196273,0.2739036398196273
-30.59703415259719,0.0185380996065214,17415948472.22647,8.545822076499463e-06,37975423092.370605,6.454573187977076e-06,203939945083.1115,1.0580295395106078e-05,8.378618676526583e-06,0.3265069365242139,0.1547197096981108,0.0176765079395845,1.0596618387854,0.151070438414746,0.1920124894013784,0.1920124894013784
-39.74781282246113,0.0510389737039804,5438309755.285348,1.1760150708258152e-05,21296610924.829395,4.805077474564314e-06,190005271323.02524,1.166529205814004e-05,1.1201664188804785e-06,0.115071624798919,0.1759018539451062,0.0151314417123794,0.5040956533165817,0.2552753253961886,0.2519616910175682,0.2552753253961886
-64.04580358415842,0.030843391190283,13753208881.521383,1.0547448053956032e-05,5016334783.17901,1.1233479121699928e-05,205278580822.05057,1.2291797176003456e-05,3.523159328355229e-05,3.8449108714950793,0.1442822067998349,0.0221449617128819,1.831091865302387,0.1622109713287689,0.2640911338232249,0.2640911338232249
-58.3840705640614,0.048722957172431,5951298005.650524,8.428487218916416e-06,32087429042.49547,1.2842024259269235e-05,197845222298.05588,1.30771143771708e-05,2.273121244715004e-05,0.2092863077212677,0.1380104889161885,0.0246164826964959,1.129108149097827,0.2375137665508749,0.1973169119351794,0.2375137665508749
-32.449966222047806,0.0575127843534573,4509552915.11017,1.0414766669273376e-05,14714629775.64797,8.062826534733175e-06,191686261296.27228,1.1802745930850506e-05,1.7018313389422544e-06,0.9592908300739444,0.160948749165982,0.016087314274162,1.8682758637934933,0.2041766370377901,0.276600691383407,0.276600691383407
-71.25721868127584,0.0331038642860949,14865767372.74097,1.1142861656844616e-05,56707470975.78628,9.931301161646845e-06,206724879592.6571,1.217729837819934e-05,5.400988983665663e-05,0.5893787546560733,0.118390845041722,0.0206360590923577,0.5861899094172452,0.1705060483515194,0.2023046573556992,0.2023046573556992
-77.07178056240082,0.0524932654621079,9856281092.199442,1.2614107310771944e-05,35061362975.156906,1.143952085264027e-05,193441802859.3064,1.1257790714502335e-05,2.160554185551039e-06,4.087391020341598,0.1735027400776744,0.0185791186327114,1.6603675772929556,0.1931837705940165,0.3721542861669132,0.3721542861669132
-26.60436224192381,0.026678181393072,8630180751.2935,9.826333157718182e-06,12419103169.39692,4.3067949898540976e-06,208715675920.24805,1.262935246899724e-05,6.805924193917631e-05,0.1382273332191252,0.1059463618323207,0.0182912457725033,0.661113979680316,0.1602710979342816,0.1474069360152624,0.1602710979342816
-43.7547898478806,0.042297339993529,21203167034.17316,1.4604146219789983e-05,6315587399.375582,7.218692895025015e-06,197339070383.4593,1.3624078270047904e-05,1.6244491537805842e-05,0.3470765492485543,0.1255418054759502,0.0141076907757669,1.359038658288236,0.178390811701644,0.2893253365316693,0.2893253365316693
-52.56961105391383,0.0171853857859969,3785764548.09511,7.828458860516548e-06,19659050703.22845,8.5235160831362e-06,202378298137.33698,1.0496585555374624e-05,5.113545929798771e-06,1.6276573506739582,0.1947034083306789,0.0227616815902292,0.7990646008622698,0.1879401647050486,0.230985054457241,0.230985054457241
-51.798264849931,0.0404389776382595,12541911235.112053,1.1634257741272451e-05,17155958935.816236,4.147035261616111e-06,208752694148.5703,1.373235861584544e-05,6.072087243542284e-06,0.2957367638209556,0.1988205662928521,0.0197855018489062,1.687432381299583,0.2937448685600013,0.3449755900169502,0.3449755900169502
-44.37504542991519,0.016337674842216,6466759141.543801,1.0925323829054834e-05,48507816201.99397,1.1840993210673331e-05,194026273954.6597,1.0357795141637326e-05,1.9124852439938683e-05,1.1722393892810383,0.1312145910225808,0.0170395982880145,0.5413370482576677,0.1083392879154321,0.209663755734751,0.209663755734751
-24.09345731139183,0.0541505237482488,16688807460.01954,1.3647488087415696e-05,27519109161.721485,8.930606059730052e-06,200153322145.34283,1.1395612701773643e-05,4.56707821737668e-05,3.326511831227529,0.1006635264493525,0.0145071282153949,1.0307779519239442,0.1244569322475117,0.2283229843806915,0.2283229843806915
-79.73177339881659,0.0279398511489853,5065354506.477286,8.919883094727993e-06,8837986364.528711,7.062078861519694e-06,195192862227.55908,1.2522055808454752e-05,1.436242861400993e-06,0.1042279965431338,0.1697770700789988,0.0223185668447986,0.8957688652502428,0.2649752358073247,0.219506614994527,0.2649752358073247
-70.60308903455734,0.058974949484691,7687447056.249316,7.323635250329971e-06,5411861577.90688,5.55401312932372e-06,204408556148.40985,1.1911019124090673e-05,5.956400817592699e-05,0.7566878905285663,0.1131336655467748,0.0234092688057571,1.2644362805006932,0.1820391573743277,0.1521780482688827,0.1820391573743277
-33.18743746727705,0.0341706125484779,8774776472.855913,1.4110922835767273e-05,23003640419.23453,1.268648257292807e-05,199681524708.86707,1.2038499858230352e-05,1.8935338848625585e-06,0.4578804627669957,0.1572456832975149,0.013358699131757,0.7280931277915663,0.1823913001233577,0.3102664266732361,0.3102664266732361
-35.2811667509377,0.0466695016622543,3485693396.713123,9.333109982311726e-06,40918372335.34886,9.770399348810312e-06,205748070497.0658,1.321492825821042e-05,4.458873535656946e-06,0.1837333684533322,0.1862649315968156,0.0156886331224814,1.5283282413097556,0.2902703962411428,0.2622423632691193,0.2902703962411428
-60.92701939865947,0.0211620348645374,19513086263.48355,1.2109283491969109e-05,10614392909.164013,8.465422738343477e-06,190787001121.7892,1.0843355476856233e-05,1.4160752924289405e-05,1.885510798471096,0.1436604822054505,0.0210799301257357,0.5958363702529597,0.1326393846291577,0.2574560428805663,0.2574560428805663
-62.82413236796856,0.0499743665987625,3191468687.6038136,1.4978253848850727e-05,52563366405.40724,6.5758856292814016e-06,203586801998.31723,1.155824052169919e-05,8.808711514359306e-05,0.1598804040686749,0.1499375447630882,0.01918466350995,0.8127969138743395,0.2048555843176382,0.3249548771483375,0.3249548771483375
-40.884540267288685,0.0293832061160355,23290528823.05317,7.706335708498956e-06,13622733699.71743,9.146539777517315e-06,198625684939.3249,1.2429862320423128e-05,2.775202213197644e-06,4.515804769170424,0.1799878194928169,0.0180474924817681,1.350941480458685,0.2300139617130727,0.2187773714469927,0.2300139617130727
-27.59918311610818,0.0390753245120868,6923702364.366444,1.2991968661546707e-05,7016628264.043053,1.0796722270548342e-05,207194681670.51672,1.3315763272345066e-05,3.707982180945214e-06,1.798271228379438,0.1510235032066703,0.0139019242646172,0.6947421753103586,0.2117065664214181,0.274770960273186,0.274770960273186
-68.69182964786887,0.0205935231037437,10300227234.908203,9.700395248830318e-06,29815917275.14627,4.929827434942126e-06,192467678841.20343,1.0688330676406625e-05,1.1670604954846618e-05,0.4014424904006501,0.1193557968363165,0.0233292397363111,1.5636082893493604,0.1164460717216063,0.1914299492732271,0.1914299492732271
-74.12907088175416,0.0453030603798106,18298229523.332954,1.0042628139257432e-05,18268740364.31882,7.422284763306378e-06,207933382298.79736,1.3861992821097371e-05,9.91334430392423e-06,2.892451886833831,0.1635549391619861,0.0244175597280263,0.5525548468921612,0.2902418565807413,0.2361920350794585,0.2902418565807413
-22.19658887013793,0.0254150949697941,4260331848.047461,1.1266923867166045e-05,5861811238.809061,1.055645308829844e-05,192972874697.29785,1.0235475722700358e-05,3.150556845279349e-05,0.2494064819701665,0.1068857069127261,0.0127574640642851,1.959863179410324,0.0898796796454072,0.1903021572884083,0.1903021572884083
-46.28700710833073,0.0547960014967247,13979532717.040836,8.052594967186451e-06,11498414644.108034,1.220149097032845e-05,201597491018.4741,1.1010109584778548e-05,4.193113573224987e-05,0.7023678718742931,0.1374917027540505,0.0166989092854782,0.9547615171681356,0.1872683732213945,0.179368278096157,0.1872683732213945
-57.38673243671656,0.0356111766770482,5530480896.121478,1.326480768620968e-05,32501581261.78217,5.7731397487223146e-06,196871099434.793,1.2884600065648555e-05,1.3305513462575253e-06,1.0272144109277774,0.1925435033626854,0.0204751229034736,1.146691183775643,0.2350620739158754,0.3795407697962534,0.3795407697962534
-56.1548150703311,0.0437413427559658,4718878188.652232,1.2156836099922658e-05,5260235973.388008,5.105838508345186e-06,200612910613.41763,1.2499300871044396e-05,1.9060685798545066e-05,0.4768681276974129,0.1542932237498462,0.0184586775070056,0.981946235876806,0.2152114947151756,0.2807435743532321,0.2807435743532321
-47.640289068222046,0.0242543027177453,15557303389.362757,9.400800451636314e-06,20260117008.22116,1.0901960677467286e-05,195339963212.60928,1.1621849194169046e-05,5.997525820701625e-06,0.7273178122115337,0.1226293320767581,0.0187671802500262,1.1059288680008188,0.1411437593552464,0.1870805958848264,0.1870805958848264
-22.953240256756544,0.0567485464783385,6075313916.569551,1.4186418145895004e-05,39737370065.05747,9.322501598857342e-06,209230596143.75232,1.0632555715739727e-05,1.4314995001052492e-06,2.048226060229811,0.1467594739980995,0.0229243527762591,0.574499318336685,0.1796856045364584,0.2889919536108051,0.2889919536108051
-73.25219931080937,0.0365583765786141,11787277825.208582,7.378992758691311e-06,9357312209.261564,6.68117328826338e-06,194191682506.35263,1.3254097413271663e-05,4.511235106215813e-05,0.1693544036415577,0.1768181410618126,0.0143005133289843,1.910698653301104,0.2868466734628753,0.2020300008829046,0.2868466734628753
-67.34974903985858,0.0503447504108771,21114507990.407013,8.846208363771439e-06,15134333922.30672,5.948038811795413e-06,206229632217.43704,1.0178000956773758e-05,1.93436973843654e-06,1.2377646586799829,0.1342191204428673,0.0123467253828421,0.6750569339651206,0.1664471037593073,0.1723443732819919,0.1723443732819919
-28.82813887670636,0.0315609161742031,3769313480.588952,1.3586390398442743e-05,47082325331.3147,1.230784246046096e-05,190956074167.04297,1.3802533406764268e-05,6.139832302497947e-05,0.2795214479235883,0.1892732098698616,0.0248346958747133,1.6223335185224994,0.248226465511778,0.3960270414095845,0.3960270414095845
-41.76531668752432,0.0387439480656758,9260703555.582582,1.087204623967409e-05,24253363439.822567,1.0731332872994244e-05,204864484891.29544,1.2951850768178702e-05,1.4465888858288328e-05,0.1113094246268204,0.166723664663732,0.02087966270186,0.78122713517848,0.2653528003407169,0.2538803097106092,0.2653528003407169
-62.05716744065285,0.0178507440257817,8109995320.818388,1.156840316951275e-05,8585728583.483524,7.528655531816183e-06,199824961200.35648,1.1075436659157276e-05,4.59610688961553e-06,3.107917033348792,0.1100643506273627,0.0163007665164768,1.3866372016844954,0.0795644950252882,0.2064372549896209,0.2064372549896209
-60.16030436381698,0.0582083366811275,11056466594.471714,1.3437836058437823e-05,18787367404.19014,6.887182966805994e-06,207048813309.52048,1.0290057059377432e-05,3.1298053888045413e-06,0.2597820002199201,0.103835305199027,0.0174345158459618,1.4571443878005248,0.1246319541090082,0.2496835960799243,0.2496835960799243
-36.16260880604386,0.0323876683367416,7427246301.249844,8.244792267680168e-06,6656835923.006338,8.824251434765754e-06,192009299155.3247,1.3666542120277884e-05,9.845298628344163e-05,2.780495811038066,0.172952663525939,0.0193842860562726,0.6334635471854697,0.2741890461533436,0.2033104190406752,0.2741890461533436
-34.41661540418863,0.0480136289354413,24791098550.337368,1.1466941267251969e-05,11843263782.685266,1.1666112436912951e-05,203420179896.05664,1.2580019503831863e-05,1.316251737846924e-05,1.1157358984900412,0.1955449337139725,0.0219045567270368,1.192505604236242,0.2622820603733194,0.3457294805973395,0.3457294805973395
-69.2617017775774,0.0228961011813953,3395777741.112914,1.0223476670682431e-05,36855067219.90328,4.040665515698493e-06,198146555088.46045,1.14555590339005e-05,4.144546659309104e-06,0.6473185596424489,0.1279473507776856,0.0149148404374718,0.765767581387825,0.1438799024827805,0.1926430836961911,0.1926430836961911
-78.85558176785707,0.0430135292373597,5111005737.869573,9.502219408750537e-06,59573008326.60768,8.28940839599818e-06,201434533409.7743,1.2093787901103496e-05,2.743785471928669e-05,4.767692796942183,0.1830899110995233,0.0129634344605728,1.0804099360328343,0.2448615975574769,0.2672560082323432,0.2672560082323432
-24.85034428536892,0.0164898374816402,12927603806.027124,1.2805385671555998e-05,14041008127.61856,9.66516424436122e-06,196395629309.1178,1.197219605371356e-05,8.711427681820624e-06,0.1510949404555109,0.1404877505265176,0.0238109309421852,0.8431291385942536,0.1487610904309892,0.2597196295028361,0.2597196295028361
-45.729035045951605,0.0518018382880836,4036769653.984001,7.52755755931139e-06,7964123872.895901,1.2510521908290684e-05,207783849444.2404,1.0774406347423792e-05,1.1587422476328868e-06,0.4287715106231365,0.1164003328420221,0.0214943865388631,1.78802028226017,0.1544944667385624,0.1675269199770203,0.1675269199770203
-50.5665553547442,0.0273875056067481,17344791022.936714,1.4787882909178732e-05,30683574954.989662,5.448724347166717e-06,192510835286.22983,1.3151806965470311e-05,3.684666126894542e-05,1.6802894496645209,0.1605222688056528,0.0152805737387388,0.5150514377955026,0.1989297932993104,0.3163485980343927,0.3163485980343927
-53.559828754514456,0.0534398652194067,6838546798.115716,1.074990699440241e-05,10143847708.91075,1.0106317772530018e-05,196121330689.63885,1.0884875524789096e-05,8.436639723457694e-05,0.3044213125691381,0.157965132407844,0.0125154969599097,1.3214180191742622,0.1944106116185584,0.2656513914476212,0.2656513914476212
-42.64320755377412,0.0286299545690417,10175158382.754202,1.194246418774128e-05,43129718935.51344,8.169059404172004e-06,201082762759.1789,1.3009347856044767e-05,2.678232602805313e-06,1.4550735708063915,0.1154171464964747,0.0242025701627135,0.8285188482974033,0.1565969383605652,0.2217990198453092,0.2217990198453092
-26.07476208359003,0.0411359462561085,3024830847.925871,8.720315396785736e-06,21937242973.533657,5.323015228845179e-06,194972176142.03693,1.2237216390669346e-05,3.5644921110312684e-06,3.653533133888029,0.1410855643451214,0.0202347425194457,1.596949539675145,0.1840151204681167,0.2006729603483231,0.2006729603483231
-77.72160090506077,0.0156228950154036,22070855458.35033,1.3964266173541548e-05,5688783426.759302,1.2948237917385991e-05,209698883034.28888,1.1860742237418891e-05,1.1323505425780357e-05,0.1212258101645369,0.1852509818971157,0.0164823326123878,0.6781269053090869,0.189275512714743,0.3618225893765225,0.3618225893765225
-72.37224895507097,0.0459794049477204,14512944708.749308,1.4310525059700012e-05,9284494514.779402,8.699615736491978e-06,190488053150.47504,1.2690496787428856e-05,7.770646212748167e-06,0.8271288794365809,0.1285160769708454,0.0178832839727401,1.9227618081050413,0.1595004872470222,0.3245494113686279,0.3245494113686279
-31.448060795664787,0.0218726893700659,5740942471.863118,7.006868414580822e-06,26259049772.067966,7.323843794874846e-06,205448875166.47577,1.1313107077032328e-05,2.445406385006021e-05,0.5340891989388472,0.1976860721595585,0.0189934774618595,0.5649725912238084,0.2427263178952818,0.1907711113977113,0.2427263178952818
-37.27003892883658,0.0596897226059809,18837935076.67469,1.2284696735441686e-05,51097817445.82591,4.482943962328135e-06,199356064032.76324,1.0433492701500656e-05,3.267338322995353e-05,0.1896744144199862,0.1704248028807342,0.0231634445069357,1.1747388914148456,0.2084796281342157,0.3113601679779857,0.3113601679779857
-58.90933671966195,0.0334736479539424,4386402613.093434,9.024861350655556e-06,16405212177.141785,1.154462243337184e-05,204082160275.42947,1.35550964102149e-05,1.0295277532764445e-06,2.3293250057483963,0.1028722393326461,0.0137123253243044,0.9347129476972268,0.1623567658124534,0.1543826953255135,0.1623567658124534
-64.57081895321608,0.0397640063613653,15813300613.333893,7.905418910086154e-06,34081535275.85052,1.1905136286281048e-05,191541614234.44748,1.2840151827782393e-05,6.759284765310875e-06,0.1288629345868795,0.1090944134630262,0.0135261558555066,0.5287228469275016,0.1889099698943794,0.1238065209165206,0.1889099698943794
-39.1080704331398,0.0198814537329599,4798860617.929132,1.466194500029087e-05,10938691235.782848,6.109032356180251e-06,206267720013.85687,1.1218621991574765e-05,2.14635566240009e-05,4.389002448818399,0.1642026775516569,0.0235973554123193,1.7223308991500754,0.0773539458492932,0.3248223956697717,0.3248223956697717
-29.59490744397044,0.049255429347977,12384425730.883688,9.87632703781128e-06,6133726387.900026,7.68403145764023e-06,197677378896.62384,1.003578506410122e-05,5.054214885835248e-05,1.5468382404886227,0.1914090155623853,0.0212426259135827,0.913748435492455,0.2075184389011026,0.2741937631772281,0.2741937631772281
-66.72491582110524,0.0300760065810754,6386597275.385557,1.2683262519538402e-05,17332070228.852333,1.0325481004081665e-05,202638134155.42245,1.3913247648626565e-05,1.6069532184666348e-06,0.3656796361785051,0.1347931831143796,0.0158814802775159,1.0075311267940723,0.1969147450562771,0.2642463726926307,0.2642463726926307
-75.88289571925998,0.0555080775730311,3587567870.060601,1.1091049015522004e-05,28304625235.87804,1.1058461521752178e-05,197177332881.83807,1.0520864881575108e-05,7.143504176566034e-05,2.4762156298535087,0.1789738761261105,0.0172784659508615,0.7133128555902644,0.2221992644850514,0.2897145591084664,0.2897145591084664
-20.41303800418973,0.0349224908044561,20085354481.38812,1.0351353637874128e-05,7337726027.493257,4.6988456277176735e-06,201904049310.8332,1.3397289898246527e-05,2.247414463375323e-06,0.2278431288874989,0.1473626213148236,0.0200037396289408,1.294440389650232,0.2202859253139397,0.2257831351926031,0.2257831351926031
-48.2898410782218,0.0446102532092481,7978692743.257452,1.306569752842188e-05,12967587511.480452,6.279540534131229e-06,193291049897.67075,1.2357092130929232e-05,5.36689956936228e-06,0.5677382820347626,0.1216392714530229,0.0225621954435482,0.6096107117115245,0.181688263473149,0.2363502783199081,0.2363502783199081
-55.4127661883831,0.0261340362438932,9106360397.340458,8.368854478001595e-06,55085641284.884415,9.48243996221572e-06,208252415210.0086,1.1732571542263031e-05,1.6896674694517004e-05,0.9936292818112836,0.1517429579049349,0.014720605446957,1.4984518003514062,0.174037819086918,0.2028284331367155,0.2028284331367155
-55.01041941344738,0.0382749074092134,8465117019.319501,1.474683628231287e-05,20979752112.712284,1.1347482929006218e-05,205874703321.606,1.183334904536605e-05,4.3528457675296086e-05,0.6376905537040486,0.1178731930442154,0.0232270204573869,0.8977920978350536,0.143875328234599,0.2855105094274104,0.2855105094274104
-48.781051225960255,0.0183924403600394,9661455250.772524,7.94354410469532e-06,5332650731.624643,4.416424583643674e-06,190679823402.31537,1.220980740338564e-05,1.37118076952367e-06,1.133173098111523,0.1620401424355805,0.0140049214791506,1.0116252399629695,0.190783546353519,0.1860424900550629,0.190783546353519
-20.8750013448298,0.0505803745100274,3869828644.2351775,1.2721433222293856e-05,9584107009.920708,7.126641694456338e-06,204593669921.15973,1.3044606775045394e-05,5.819671932218796e-06,2.8239770146666894,0.181458584498614,0.0179464658824726,0.5251527978466929,0.2733013437359148,0.2933039714917929,0.2933039714917929
-75.33412894234061,0.0314010376576334,21665794651.750507,9.961233846843245e-06,39942109157.13585,8.633132936432956e-06,199476650655.2696,1.0920058567076922e-05,1.831955775865151e-05,0.2559157076783073,0.138909066747874,0.0192848811792209,1.7481411283211097,0.158733512660001,0.2291245697190112,0.2291245697190112
-66.20532298460603,0.0570086754066869,11296390789.6776,1.0311399221420287e-05,45994552846.43519,1.2750049769878384e-05,200260957032.44208,1.3527664832770824e-05,4.757913156917939e-06,1.75944916011466,0.194002035818994,0.0203745945151895,0.6204366341184866,0.3317647109918612,0.2833183829573708,0.3317647109918612
-29.96887421235442,0.0364230025559663,5825266560.01379,1.1004080705344678e-05,15047124898.066113,5.257535642012953e-06,195065467059.61227,1.040610731765628e-05,1.5118976155356467e-05,0.409657880277215,0.1264509921893477,0.0168002218082547,1.4924002778539682,0.1264948036780923,0.2194505790865155,0.2194505790865155
-39.68705095350742,0.0432971499161794,15158299663.08898,8.281870640814305e-06,8296610793.563002,7.970848156139255e-06,208958026561.88608,1.1348267529159786e-05,6.334701606417858e-05,0.1443608239061391,0.1054397463798523,0.0126549511374905,0.7181682173236761,0.1529971995306245,0.1278534231163122,0.1529971995306245
-64.13906667381525,0.024820847203955,4600273585.832206,1.3025697603821756e-05,23910523405.6735,1.0040852971374988e-05,193840396646.41025,1.2725763514637949e-05,2.010400083976349e-06,4.992255712391136,0.1746082216501236,0.0245192699236795,1.275311056124159,0.1744836751785902,0.3630717734212746,0.3630717734212746
-58.55082081630826,0.0519412837363779,17793493267.28509,1.190235558897257e-05,6748460907.566474,9.540005976334213e-06,201783396936.95303,1.3878011677414178e-05,4.028645726298963e-06,0.1668238694768358,0.1683311114087701,0.0222191386613994,1.5861498043133675,0.2863649880617871,0.3203890888475679,0.3203890888475679
-37.77578307315707,0.0271314591681584,4143238434.842551,1.0663031831383706e-05,19454736855.424885,6.485642220824956e-06,196665738411.2477,1.0000594332814218e-05,1.2686984693041175e-05,2.08038189656322,0.1117168108001351,0.014605772215873,0.688296357235551,0.1039823270362862,0.1757769096383037,0.1757769096383037
-31.865964382886887,0.0424483206588774,13483203190.843643,1.3877436995506288e-05,37045043594.53428,4.756431121379137e-06,208060729783.0284,1.1245977096259596e-05,9.537910591627304e-05,0.7387293670668234,0.1326731245964765,0.0169358053887262,1.2983564676090371,0.1394725144920192,0.2872528141056188,0.2872528141056188
-71.80871929973364,0.0169353551650419,5333560441.126748,8.680221848189831e-06,12130282276.971807,1.126455204375088e-05,192865287493.9144,1.2867614161223174e-05,2.9998773036815547e-06,0.4697470446243292,0.1877798568457365,0.0198900975277647,0.8318767533477979,0.2449123295485167,0.2504590865816436,0.2504590865816436
-77.24606782197952,0.0474678608402609,3309542267.3981786,7.091914355754852e-06,13960066124.761732,1.038199247419834e-05,207399584334.3437,1.16973577439785e-05,3.786343993465907e-05,3.2545006880528264,0.1451312453486025,0.0209758419804275,1.182722555951894,0.2110213249898559,0.1802566233822768,0.2110213249898559
-26.46349173039198,0.023361059683375,24149245602.706856,1.4348556630313398e-05,58196793674.3764,7.891178837046025e-06,192282536458.2241,1.2321863491088153e-05,1.203505047210724e-06,0.1063420184954683,0.1752364517189562,0.0157919432837516,0.9209094418163272,0.2055124647221518,0.3329033172130504,0.3329033172130504
-43.17835720255971,0.0583668796252459,7119779365.750604,9.062877871096137e-06,30249910597.991142,6.165610311552882e-06,203693932034.0753,1.342472916468978e-05,9.002451157240613e-06,0.2670447446470859,0.1557630783878267,0.0132597707575187,1.9569283259256,0.2521260192723503,0.2282620617465193,0.2521260192723503
-53.1135424785316,0.0321507190586999,10593179393.857857,1.2369696691632271e-05,7695919904.56035,1.2112243197858331e-05,198499099798.5005,1.0548227317631244e-05,2.8594547139498423e-05,1.2961553815065792,0.1241503036580979,0.0235090061584487,0.5626849945190777,0.1370338257922691,0.2340866127217446,0.2340866127217446
-50.01675682142377,0.0595214380463585,4211285973.522121,8.159899182617664e-06,43300897560.46204,7.453293580561875e-06,190210028551.5189,1.328129969164729e-05,1.0858794830819648e-05,0.3829463236447485,0.1200576551258564,0.0205374135905876,1.2136585713478798,0.2111107909584549,0.1691232588662322,0.2111107909584549
-46.1899702064693,0.0337008552812039,18095659911.92672,1.3399712905287744e-05,10402637895.3905,1.0507879422977563e-05,205093278698.6232,1.0659682117402554e-05,3.451026598952931e-06,1.4778643422473636,0.1501148022711277,0.0161867439588531,0.7626586116926493,0.14456486732538,0.2940658398214775,0.2940658398214775
-25.340526252985,0.0465130278328433,5603939164.144454,1.0185307949781418e-05,5773838157.645359,1.2232486778870224e-05,199008344765.75256,1.1586887642741204e-05,2.582749746138834e-06,4.1933190926369015,0.180494968406856,0.0120032881442457,1.4670313653959373,0.2072650909237431,0.287118522547869,0.287118522547869
-78.45220323652029,0.0213955859933048,14173610330.517246,1.1382032714784146e-05,22687984252.35241,5.724553611129522e-06,203813195433.4676,1.2464323524385692e-05,8.195545079369436e-05,0.1349468348131487,0.1488325966522097,0.0247202740944922,0.6240895782562922,0.2096344642062651,0.2440419695555789,0.2440419695555789
-68.82915019989014,0.0416885808063671,22984081849.42393,1.2845341831445694e-05,25855434188.45392,6.606958149001001e-06,195846281405.5384,1.1102540470659732e-05,1.072399375617429e-06,0.978746403462042,0.193061355035752,0.022658372930251,1.7568346646430997,0.1907809356635532,0.3971324187952781,0.3971324187952781
-34.99479304999113,0.015164802968502,3148336779.9886856,9.589185737073422e-06,8982337645.708134,9.097893022000789e-06,200728920903.05685,1.2979060854762792e-05,3.378619227972196e-05,0.5766208874348245,0.136400509160012,0.0142117774197831,0.5171547945734589,0.1718385894104173,0.1820367142508602,0.1820367142508602
-36.53577269986272,0.0532909353123977,10422026673.511774,1.487486470490694e-05,16330991388.385649,1.082779063284397e-05,194622702263.29565,1.3767533469945192e-05,2.5386190777484705e-05,0.2314091728295715,0.1076009874232113,0.0181915069185197,1.0731363866636616,0.1798177646391424,0.2640162401132681,0.2640162401132681
-59.63991222903133,0.0288765168841928,7000887687.159602,7.567559286952018e-06,49858533711.67497,4.8811759855598206e-06,209426942877.47144,1.0143047213554383e-05,7.99011015508851e-06,2.4391125484062104,0.1626566086895763,0.0186780485082417,0.8557823747981219,0.1747016105852221,0.1836115498066158,0.1836115498066158
-61.49283491075039,0.0450641876645386,8895950710.524677,9.440907008945942e-06,11217786081.038183,5.663565341383218e-06,197446850705.89185,1.149048249796033e-05,1.5437146563124376e-06,0.1269417338705365,0.1689283742569386,0.0215572112379595,0.5783912725186208,0.2514824659436539,0.2136634372328849,0.2514824659436539
-42.18242097645998,0.0255772337084636,7790124542.049101,1.2243713065981866e-05,34216721250.77577,1.25945045966655e-05,202251062709.83817,1.2615050196647644e-05,4.9074478277637565e-05,3.4908454347749847,0.10132927140221,0.0155724152522161,1.8824441381279424,0.0985955660904868,0.214861558863466,0.214861558863466
-29.33308372274041,0.0552600938547402,19298478644.186405,7.46582368016243e-06,17925169767.9531,9.879956254735587e-06,193647275939.58377,1.3639362789690492e-05,2.05490870612732e-05,1.3902729692841644,0.1301715173758566,0.0130274482071399,0.9993748070606164,0.2207936700356715,0.1545140789653959,0.2207936700356715
-72.80488485470414,0.0490323792770504,6539853389.812838,1.3501346439123155e-05,7098942093.047754,4.256651712581515e-06,191813039556.1457,1.3186814591288566e-05,1.756939943643095e-05,2.2945579267303424,0.1426035556942224,0.0220436474950984,0.775959532965321,0.2221846106034812,0.2935672921639927,0.2935672921639927
-23.48735814914108,0.0302484594611451,12688265897.80936,8.808175049722196e-06,27869502022.68297,1.1748941607773305e-05,206617861613.6313,1.080933714285493e-05,5.533724192462308e-06,0.1926316755250812,0.1867239598184824,0.0152319717956706,1.4074620200548753,0.2085233548669852,0.2435947118575865,0.2435947118575865
-48.02798695862293,0.0402425314765423,4996128749.477828,1.1530384846031666e-05,53749512830.832085,9.040234982967376e-06,198030476737.76743,1.194503889605403e-05,2.350028335705875e-06,0.5424132972069364,0.156386518664658,0.0175747994389385,0.6632899890598946,0.2107458371258626,0.2554156618895633,0.2554156618895633
-55.67825380712748,0.0193492415221408,16471748926.808395,1.0787048324942587e-05,12908949884.415956,6.970040267333388e-06,202913774568.58755,1.2066615901887418e-05,7.390300225710808e-05,0.814787888504904,0.1137858899310231,0.0197018118426203,1.6289415598457238,0.1128499744205201,0.2019138509442603,0.2019138509442603
-57.02833812683821,0.0512978956382721,13207502131.573286,7.635131426155566e-06,24650778635.49835,8.267197224311529e-06,199170091208.07053,1.254947981610894e-05,3.3403240412549327e-06,0.6169054813091147,0.1270972047001123,0.0159800296965986,0.7070897377797223,0.2087506295926338,0.1475610710351625,0.2087506295926338
-46.79285854101181,0.0307068209024146,5225351616.061479,1.4922535642981532e-05,8067095930.324226,9.70495743025094e-06,204287435319.27463,1.1422990396618844e-05,1.0605428638641604e-05,0.9160626256004496,0.1962122682482004,0.021143298510462,1.5572802568217323,0.1529946717222154,0.4077397252926442,0.4077397252926442
-22.61461405083537,0.0375875556841492,17004653916.432957,9.644661515951156e-06,15555385370.418034,1.248830657918006e-05,190360791645.9441,1.0322627119719985e-05,7.933065211386017e-05,2.57947324492893,0.171911227889359,0.0237018535071983,0.8183224049438126,0.1836810178249886,0.2509342801575103,0.2509342801575103
-73.56564851477742,0.0191058403579518,3958927666.3825135,1.2920718871057032e-05,44817241641.51772,5.488512839190662e-06,205556529276.07297,1.3697084199637174e-05,2.52261988167574e-06,0.2190589140489727,0.1043037327006459,0.0134224667390808,1.330995653054564,0.1332129661828211,0.2074728382681696,0.2074728382681696
-68.21618927642703,0.0439913733769208,7577385654.678103,1.1320565015077592e-05,38942952685.94671,6.864908092655241e-06,194767359457.9101,1.087075635790825e-05,3.428254428131065e-05,1.6025396841539548,0.1594636931084096,0.0148240101896226,0.9381019962123462,0.1838930584570036,0.2714209133092686,0.2714209133092686
-27.987791169434782,0.0241033220523968,11272969838.885138,1.0112003229558469e-05,9901730902.17359,8.864117710851132e-06,209884092323.48203,1.3242344815284012e-05,1.0784106349496772e-06,0.352343002048436,0.1168607755564153,0.0224580065179616,1.151340899051703,0.1635409187404925,0.1889211274749625,0.1889211274749625
-41.41958262771368,0.056295268703252,3323536383.4139395,1.3334228284657004e-05,5188226613.755273,1.1643824554048477e-05,196014133747.66708,1.2003248628228904e-05,8.107350213153372e-06,0.1403260649444589,0.1396300473250449,0.0201035745656117,0.5488191542925793,0.2156486375546224,0.2548434341416721,0.2548434341416721
-62.37772449851036,0.0371103583043441,24253736850.47665,8.106251642107964e-06,21615946667.017525,4.08051931951195e-06,201209261920.3031,1.1875843651592732e-05,2.55280428222625e-05,4.024277608368865,0.1837405332364142,0.0171794337937608,1.989260626680892,0.221479100292529,0.2362714865650886,0.2362714865650886
-60.52456533536315,0.0417527681635692,3697317850.790612,1.0979119665920737e-05,7444463840.850261,5.829688954167068e-06,193164483979.3444,1.0723536904901268e-05,5.597015273079212e-05,0.2060634306367013,0.1775184067897498,0.0165852320492267,1.0377962912814864,0.2121078471092108,0.2814256596987205,0.2814256596987205
-35.772255305200815,0.0176515512820333,20696598744.02212,1.1703539177775384e-05,31044558758.76861,1.240860091615468e-05,208359678909.18256,1.3350984223186969e-05,1.7765360402623697e-06,2.147362927753401,0.1458522203378379,0.020132627217099,0.8825340406667881,0.1618777517960595,0.2616500976470396,0.2616500976470396
-33.64929351955652,0.0526506121410056,8289895379.282702,8.989149481058121e-06,56449179009.84634,1.0612995487637818e-05,196992133129.3881,1.2402415484189989e-05,7.4435114765697615e-06,0.8617720681457417,0.1231378798373043,0.0243026934443041,1.7174047512615225,0.1816388658389311,0.2045834906373858,0.2045834906373858
-70.05420066416264,0.0264400251209735,9462972162.801285,1.3701237939298154e-05,14357244149.119171,7.629426996223628e-06,202108856458.2169,1.1530870396643875e-05,2.3649524612158622e-05,0.5135300056195538,0.1531866346485912,0.0124145709471777,0.5391519160043066,0.1648794775014802,0.2857423038702664,0.2857423038702664
-79.21230215579271,0.0576506902137771,15218486638.001348,1.4039564341306686e-05,12467947685.417929,4.987424411810934e-06,197569658029.8245,1.291984372586012e-05,4.939917905781215e-06,3.7857628272474937,0.1105807907879352,0.0138137356247752,1.518011646609068,0.1582621031376049,0.2789939990353652,0.2789939990353652
-24.46753136813641,0.0328462675306946,4618973500.857927,7.2680102214217185e-06,35954733982.18468,1.1002792759798466e-05,202765462417.15552,1.1045307885855437e-05,1.5543643438894837e-05,0.1168119319764947,0.1656341232359409,0.0230628121420741,0.6047673610144734,0.2273116868584211,0.1669058692454968,0.2273116868584211
-44.95414754375816,0.0481592881819233,12019351538.42207,1.2053704448044302e-05,19953879049.90566,9.204092196188869e-06,191336348727.34543,1.0208128307014705e-05,6.597154793250899e-05,0.3314418240401898,0.1899900956079364,0.019095282045193,1.242360154004916,0.2007690030890903,0.344911188771092,0.344911188771092
-51.36661985889077,0.0226517353020608,6197471500.969321,9.26176653802395e-06,6531984485.297002,6.782009528018533e-06,206453683301.8065,1.383453805744648e-05,2.0790329777538144e-06,1.3340786621816074,0.1333193315193057,0.0177806704593822,0.7310531952901945,0.1990794021590038,0.1843979505185196,0.1990794021590038
-52.00515693053603,0.0472236865293234,20362186916.866653,1.3208137013018132e-05,48229908980.28845,1.1159297090955076e-05,204756637662.6492,1.0070307303220034e-05,1.4952138434635782e-06,0.3952762235926056,0.1358519584871828,0.0150169574348256,1.835713521031315,0.1287438701090115,0.2909560258190938,0.2909560258190938
-44.17178684845567,0.0207054824056103,3635580559.3601775,8.484203651547432e-06,16760153826.196674,4.580435554496944e-06,199952110648.1552,1.3941833734512328e-05,4.704090633805338e-05,1.8254792113310987,0.1909487725235522,0.0218016555951908,0.5885795032903824,0.2865804076341934,0.2250174076907414,0.2865804076341934
-27.10918549448252,0.0588244692608714,9006406891.51099,1.1198593556880951e-05,8712682294.128784,6.3803722141310565e-06,206024245116.85968,1.2811564303934574e-05,1.9977043274081613e-05,4.584154765186165,0.1650606281124055,0.0194852103739976,1.121498592315687,0.2403634095395052,0.2813080152123092,0.2813080152123092
-76.7123544961214,0.0344156352756544,7886092871.836498,1.0486018531024455e-05,26591288101.49129,9.364025463350116e-06,191141853872.6866,1.118409737572074e-05,6.289390119099692e-06,0.1574237116266345,0.1084440386854112,0.0173343942593783,0.9738188813770045,0.1464408886423228,0.182883938160261,0.182883938160261
-70.81001151353121,0.0539810321945697,4853132253.477423,9.772689938545229e-06,23319329254.000748,1.2005908421240743e-05,209103903863.57904,1.2264602586627006e-05,1.3617799919039324e-05,1.075107993862633,0.1525935897603631,0.0153812044085934,1.383162981554304,0.2187092575409582,0.2532588690996,0.2532588690996
-32.98420570790768,0.0281658622110262,15997731682.487663,1.2544734053313733e-05,5603851966.102441,5.990695641376078e-06,194298767391.59225,1.16381732262671e-05,4.3242161165982505e-06,0.6707486592402314,0.12097242269665,0.0213929779333993,0.7958146729171973,0.1352311598731559,0.2299470604355212,0.2299470604355212
-38.296921756118536,0.0409738075174391,6299250471.481216,7.759040035307407e-06,10669434694.675434,7.784790315665303e-06,200427589267.4923,1.0615264635533096e-05,1.8106902890262573e-06,0.2381800352022179,0.1484045904129743,0.0239135461505502,1.6716212785282203,0.1843622244589088,0.1901129176771036,0.1901129176771036
-57.90763089433312,0.0158617677306756,12223475588.162891,1.455048753321171e-05,41911505404.74226,1.0207131548784672e-05,195544586777.68707,1.3489781819283962e-05,5.756972493917169e-05,3.0272947892174207,0.1785059820860624,0.0128616281822323,0.6513390313870463,0.1653580753419136,0.3654924288207157,0.3654924288207157
-63.49611233919859,0.0545714118378236,5675000321.076946,1.2427613772451876e-05,13308475163.885208,8.739468869753182e-06,207579159121.9604,1.21422831825912e-05,1.2169439610607513e-05,0.1026202180483621,0.1847349798306823,0.014399839230813,0.7426261024451801,0.2821536734710123,0.3059578629430735,0.3059578629430735
-40.20886957645416,0.0357820792403072,14351903368.873756,9.139719620347024e-06,52262100589.30518,7.301555241458117e-06,192696223389.35733,1.1767807446420192e-05,3.829701597329481e-06,3.3770670214126026,0.1421755438670516,0.0228258048584684,1.2366568703836722,0.1771546487712304,0.2116352189745864,0.2116352189745864
-31.087323408573862,0.0457831250829622,4444566031.427958,1.4417593479156496e-05,28810589861.11529,4.52280983608216e-06,201327458061.27783,1.0977808877825738e-05,2.8775526969383606e-06,1.1900479885362012,0.1147006511688232,0.018870870867744,0.6346828217777062,0.1380638172359082,0.2419090780194204,0.2419090780194204
-65.20732285454869,0.0248844330757856,19099885800.766827,7.142026595771313e-06,6917163615.47736,1.1522347156889736e-05,196522312052.548,1.3104278687387703e-05,9.067065114006842e-05,0.2911764703071407,0.1588653117418289,0.0183541779108345,1.4315146537205368,0.2399705920980783,0.185233762771329,0.2399705920980783
-74.80108125135303,0.0395304552325978,10041216425.91993,8.617178738117218e-06,6069778357.6620245,1.0146106935106218e-05,203234333433.21085,1.046166978031397e-05,1.2774685553984604e-06,1.973530117664576,0.1021723163314163,0.0164049569433555,0.5075177046381473,0.1363273921183861,0.135290934493616,0.1363273921183861
-21.52094500139356,0.0200379275623708,6746166803.859574,1.3825254432857037e-05,18519406245.37588,8.146844745613634e-06,198352008946.24,1.358905514702201e-05,4.0553520064889526e-05,0.1754524207227113,0.1713323992677033,0.0207762564579024,1.803999025951508,0.1972939251455882,0.3413611707436141,0.3413611707436141
-49.77517422288656,0.049725186615251,22332068294.79222,1.0603029109537602e-05,33290350834.310726,5.362808817066252e-06,206921673398.4649,1.2656539488583805e-05,3.0350275497549177e-05,0.4372411447959647,0.1971778194420039,0.0249337265305221,0.8770530564086375,0.2966582453467365,0.2999835226446261,0.2999835226446261
-53.90225604176521,0.0295295180194079,3058520558.3580456,1.1831492379307749e-05,11558067985.389011,1.2926027148030697e-05,192117136847.2278,1.1284932374954223e-05,9.641539286329592e-06,0.7920160114949288,0.129622961115092,0.0122468919474631,1.0553631699357695,0.1318248012838336,0.2390637097723472,0.2390637097723472
-53.83955040946603,0.0496956748142838,5202451090.555919,8.124591864645482e-06,5042200277.318028,7.278789690695702e-06,209581114947.79587,1.052525981515646e-05,4.887036785498169e-06,1.7865463348275423,0.1065654153935611,0.0215849743522703,1.0042110024677693,0.1412904584478043,0.151691489403254,0.151691489403254
-49.95418032631278,0.0294615650502964,13151973153.049685,1.331777872145176e-05,21393413678.059555,8.724890158511697e-06,194463799744.8444,1.3400707345455883e-05,1.5535834982532006e-05,0.4034504762810472,0.164009794127196,0.0155890700165182,0.9118162389923272,0.2143101485159045,0.3154971146017833,0.3154971146017833
-21.577320620417595,0.0394995823781937,3975061581.776999,1.0095614433288574e-05,37806721852.82707,1.149958757404238e-05,200888011697.6797,1.2344885352998972e-05,6.505588810021791e-05,0.1606600286228341,0.1927847352810204,0.0130567985018715,1.735053796940722,0.2592111146817021,0.2865232927971621,0.2865232927971621
-74.6304078772664,0.0199685917468741,17070966507.307978,1.133896654099226e-05,9813181391.531372,4.508207722567022e-06,195692226085.81183,1.1721340462565424e-05,2.06608460717691e-06,4.485850705869567,0.1369455811567604,0.0241182379061356,0.533440719322502,0.1535375941228522,0.2315918502146348,0.2315918502146348
-65.03472723066807,0.0459279890544712,11225187912.647232,1.2935092270374298e-05,16025217354.766006,8.126222950406372e-06,203966757301.24115,1.2828921999782325e-05,5.549763312612449e-05,0.6883153756878334,0.1803390100598335,0.0220158719588071,1.5013689871718745,0.2402279281984804,0.3741689370137979,0.3741689370137979
-31.14178750663996,0.0249908344214782,7544436840.814164,9.632301799952984e-06,45228350030.005226,1.0133777658455071e-05,198850052747.87543,1.1206414677202702e-05,1.7479735072560233e-06,1.0498138241320245,0.1495013818144798,0.0152153046093881,0.6117280748912302,0.1665390831988037,0.2033128332217107,0.2033128332217107
-40.38961196318269,0.0547176398802548,24349058159.39285,1.4910114623606205e-05,25360689098.18286,1.2905382084660227e-05,205251758992.672,1.003920352458954e-05,7.422926268459572e-06,2.9564242650088177,0.1190966358408331,0.0175454367706552,1.2832059571088963,0.1148951106370598,0.2868825595768778,0.2868825595768778
-63.43516087159514,0.0358898657793179,3336979500.749605,7.649444058537483e-06,8149744334.864639,5.350485910661518e-06,190056583434.3433,1.3917641807347535e-05,2.334341536393893e-05,0.2444470842104227,0.1515394886955618,0.0196867314493283,0.707960634513967,0.2716906823627621,0.1673816951308907,0.2716906823627621
-57.84664198756218,0.0408714820398017,20786365707.33956,9.28059671074152e-06,19751265077.14176,4.568097091279923e-06,203067181538.79047,1.2702704310417176e-05,3.4299179814687525e-05,3.3046593051896545,0.1577677723020315,0.0205778844635933,0.6840617096112493,0.2402635521744444,0.2114583886714765,0.2402635521744444
-38.477644585072994,0.0157099927961826,3712689416.2278,1.2036767795681954e-05,6349039844.978346,1.1138668657280502e-05,197872034590.6913,1.13243371732533e-05,1.0900604009946806e-06,0.1047295061928448,0.1128684010356664,0.0161907157599925,1.6090195698528795,0.1143855351296306,0.1998675306077652,0.1998675306077652
-33.03863571956754,0.0538800704525783,9423957629.53086,7.251134812831878e-06,12354457843.585958,9.351714962162076e-06,206776191778.48105,1.0429098811000589e-05,8.15830490157648e-06,0.2971968816645001,0.1432304227724671,0.0120453461008146,0.8269073451938883,0.1843954451520579,0.1521257946093285,0.1843954451520579
-70.63739253208041,0.0280154728051275,8257162037.717308,1.4058455340564251e-05,34900065200.75917,6.359732716344297e-06,191659439541.39948,1.355167815834284e-05,2.5887798545617368e-05,1.164671198301067,0.1866100186482072,0.0247226592479273,1.3168398089812088,0.2142111856089216,0.4070297564016004,0.4070297564016004
-76.54170425608754,0.0588993305107578,4638336646.32043,1.3716100335121156e-05,56958887961.96768,5.976109084673225e-06,208683980293.572,1.0881457809358836e-05,3.3950852972634622e-06,0.1800696168189633,0.1306745729409158,0.0226179144307971,0.9278558791176832,0.1805376205532263,0.2853747952322542,0.2853747952322542
-27.16559497639537,0.0344410685263574,15283966892.087902,8.976301722228528e-06,14788784836.121248,1.1983132208697497e-05,193488223291.9336,1.300495271384716e-05,1.0696288754380137e-05,1.927322248712124,0.1990556946955621,0.0142078179921954,1.1643470627863943,0.2660930245389502,0.2697748287349374,0.2697748287349374
-44.35081273317337,0.0472971863904967,6172812553.552663,1.1690630592405795e-05,7521945299.598617,1.0192534062080084e-05,202410003375.262,1.22484472617507e-05,8.036670811730974e-05,0.7733795593806275,0.1702380285598337,0.0181494613839313,0.5668393556909719,0.2457326405449746,0.2702669693049433,0.2702669693049433
-51.94248896092176,0.0207295331452041,11970161406.709145,1.0993920817971231e-05,31943748838.303635,7.762042467482387e-06,197292640488.5948,1.1872948747128248e-05,2.52948212964835e-06,0.4486939875821118,0.1003371314145624,0.0186756757767871,1.926829809330849,0.1017199257623799,0.1860305159954882,0.1860305159954882
-51.18942514061928,0.0481009386107325,3650808315.9618464,1.453214729577303e-05,10560443624.797323,1.2420992487110196e-05,193994568791.24045,1.210599423199892e-05,1.272509770784514e-06,0.9348952609867875,0.1056017516180873,0.0222469050930812,0.7672581562586801,0.1502425365135136,0.2547137513000773,0.2547137513000773
-45.01864667981863,0.0226318488596007,20449850547.133736,7.77548961341381e-06,40735151816.600426,5.850265352986752e-06,208799124117.94067,1.1983426865190268e-05,4.0073818973587176e-05,0.6036762250102229,0.173933276347816,0.014622430297546,1.196648774422033,0.2097758961558764,0.1986106603800668,0.2097758961558764
-24.636350441724066,0.0575937234889715,7854703203.788038,1.2561122804880143e-05,23105630346.655537,7.641824937425553e-06,195224557928.74097,1.0770011264830828e-05,3.0128033955805924e-05,0.2143868888351372,0.1949691496789455,0.0169651585649699,0.6279662695238416,0.2459977134850018,0.31135819192497,0.31135819192497
-79.15406150743365,0.0328277421416714,8969552004.481052,9.754288457334042e-06,5439135258.242713,1.0633548618294296e-05,200106901787.22144,1.3148389428853988e-05,9.475907850623704e-06,2.632816976504948,0.1250201933085918,0.019905168429017,1.4462102967260624,0.1769919527306925,0.2150577831178342,0.2150577831178342
-70.00160159543157,0.0527693849243223,16067093972.98633,1.0471645087003709e-05,8791982444.20145,1.1017326208762823e-05,199630212597.5489,1.0286638628691436e-05,1.1987100468909509e-05,0.3440945518304645,0.1825002987869084,0.0209480631751939,0.5133536974024344,0.2354062962246969,0.259300042409271,0.259300042409271
-33.82374344393611,0.0265972395753487,4873311570.320972,1.1210953317582608e-05,27392510865.1814,5.010252659209072e-06,204435377977.78845,1.3662148170173168e-05,3.8101479925582457e-06,1.6447057010776378,0.1375498165376484,0.0157752728285267,1.7842400292051293,0.1632952792048623,0.239240681460692,0.239240681460692
-35.83141326904297,0.0418701557535678,12173036803.542234,8.496624656021595e-06,48735354146.313225,6.796519574709236e-06,190838303770.87,1.2591249659657478e-05,2.849963870277661e-06,4.129671330430509,0.118156002741307,0.0132304051592946,0.849357528302487,0.1751919822638998,0.1536067261872056,0.1751919822638998
-60.3420115634799,0.0178074016654863,6274393215.771179,1.3193824395537376e-05,17246831851.497414,9.226926411502064e-06,205721258278.93616,1.1467766735702754e-05,9.052366552858764e-05,0.1370246319961738,0.1614890533499419,0.0234939228352159,1.09004937821228,0.1610115434488519,0.3147454979043535,0.3147454979043535
-62.19515094533563,0.0561338930530473,14291107110.049692,1.1812662191689017e-05,32350758537.635944,9.72777394298464e-06,198652506694.1977,1.0182395175099371e-05,1.378008573026962e-05,2.191761636671444,0.1552661173976958,0.0232674946477636,1.8966833841363189,0.1577525069584818,0.3263462936736561,0.3263462936736561
-41.47870292887092,0.0369984101504087,5650303672.347342,1.061996577680111e-05,11438155986.96433,8.281726046465338e-06,203535489812.4933,1.3805952046066522e-05,4.3408378429160406e-06,0.201669345235333,0.1243788921274244,0.014008896597661,0.5694169953587656,0.2106799074796469,0.1813336253871947,0.2106799074796469
-28.16221795976162,0.0438286121981218,19174961292.04823,1.3842129796743395e-05,5892204162.911892,5.511357716284692e-06,192440866548.568,1.2939643274992704e-05,1.8424369746203127e-06,0.5025195225655313,0.1438276379369199,0.0179885267205536,1.1095827220974832,0.1943081884235687,0.2990729155286811,0.2990729155286811
-68.16355634480715,0.0239900101628154,4462536748.002593,8.598287783563137e-06,18352303148.28992,1.2502824471332131e-05,207245984245.09167,1.1064206771552564e-05,5.799744404955896e-05,0.8794849964209529,0.1762224315665662,0.0192872692141681,0.9840247630816444,0.1931246273578428,0.2412223714113424,0.2412223714113424
-73.50744195282459,0.0376006201794371,6716604578.269628,7.127164155244827e-06,29683465580.11032,8.884688544087111e-06,193019304592.1624,1.2488069850951434e-05,1.502913950040605e-06,0.1140632741083989,0.131298060901463,0.0203341327467933,1.398773007402372,0.2189478988471304,0.1527264753115487,0.2189478988471304
-22.7834564819932,0.0191683538071811,9998984460.985212,1.4430441282689572e-05,6981246448.130079,6.877287258394062e-06,207901677060.8723,1.160964259505272e-05,4.7757288274958135e-05,3.884925824793001,0.1886913286522031,0.0167962591117247,0.7871309115159505,0.1310687285772918,0.3545242322280811,0.3545242322280811
-46.857395116239786,0.0513123426446691,3070992784.5769835,9.15262819081545e-06,13692976856.294275,4.101079088635742e-06,196824679002.1658,1.0635972984135151e-05,2.000913295223533e-05,1.3691865209425644,0.1677103865891695,0.0126129026729613,1.6191764747563002,0.1888508560395666,0.2387951792550592,0.2387951792550592
-56.85116296634078,0.030770695740357,22419076728.382965,1.2412812635302544e-05,52802294161.19669,1.1656231681816278e-05,201629186645.1501,1.3258492287248373e-05,6.350161202361943e-06,0.3236814310345723,0.1118246871978044,0.024516894262284,0.6727183689137542,0.1741898219772626,0.2210892928385819,0.2210892928385819
-55.85728315636516,0.0402184807369485,9700671281.754057,1.3008820541203024e-05,8545997452.27873,1.2608490942046045e-05,195386297218.5016,1.3873222589492798e-05,3.8527290929869306e-05,1.530711586131809,0.1469997005537152,0.0144228571485728,1.5690433895064182,0.1992441600189146,0.3148665795246859,0.3148665795246859
-47.96531530097127,0.0192757416609674,8498266214.768439,8.300760433077813e-06,24126402163.09796,5.686940692365169e-06,200581148825.58585,1.0247683096677066e-05,1.2124467659201814e-06,0.3688710676226184,0.1793983088806271,0.0228599311262369,0.6960965691119062,0.1815168997564558,0.2131620028435567,0.2131620028435567
-23.316718749701977,0.0490069460263475,21571192859.640327,1.1022909194231037e-05,47326831886.79484,8.387407436966896e-06,194145319964.7367,1.1006691064685583e-05,9.10973368509742e-06,0.1300023608492503,0.1519903887063265,0.018892302040942,1.3408083010975245,0.1959859226760359,0.2513303121811918,0.2513303121811918
-72.86128371953964,0.0301735982112586,3853495945.7958407,1.0294461391866208e-05,15203720739.62585,9.903341999277471e-06,209262386616.31943,1.288020596653223e-05,2.870446505850192e-05,4.343787375198042,0.1211115557700395,0.0183898913590237,0.8057446898915996,0.1723332308799872,0.2007659751434855,0.2007659751434855
-67.04486396163702,0.055410483260639,5848255080.86346,9.948324531316758e-06,9315688157.581827,1.1760781783610582e-05,190982953812.927,1.1553845528513191e-05,4.035116532372346e-06,0.5543234870598,0.1645354622043669,0.0163819513991475,1.144269483491449,0.2259962313277662,0.2631742756860099,0.2631742756860099
-29.16046127676964,0.0351709714438766,11341899939.049938,1.2736234150826932e-05,39536473299.75783,4.277779506519437e-06,206178414877.5041,1.2426444932818412e-05,1.2809574030720171e-05,1.0194994469127532,0.1086520516313612,0.0207421425636857,0.9516178404328683,0.1397055006901308,0.2197191325531951,0.2197191325531951
-42.12144268676639,0.0452159625990316,4580700927.082276,7.958405800163746e-06,20364366046.60717,6.98189097084105e-06,199798053018.74875,1.332796999067068e-05,9.587028036601312e-05,2.5403690172018165,0.1345644443295896,0.0249123077793046,1.977356312622064,0.2071474461764475,0.1927682426608352,0.2071474461764475
-61.67354689911008,0.0256795591861009,15092629880.661512,1.4733988270163536e-05,5284102278.634777,9.06133535131812e-06,204915730915.96365,1.0699561815708876e-05,3.0455625702758618e-06,0.2224342355510492,0.1919676302932202,0.0122111909212544,0.5566379850373278,0.1792281858767403,0.3516460121345767,0.3516460121345767
-59.820658303797245,0.053183148773387,4126223439.709277,1.2353309579193591e-05,30527365643.65804,1.0528997493907807e-05,191958081740.886,1.1914436779916288e-05,4.723073767984105e-06,3.61612086588876,0.1982385833747685,0.0150272675938904,0.8878470640161384,0.2595317426625838,0.3557613677805046,0.3557613677805046
-36.474817767739296,0.0287302888417616,17722946364.422554,9.081280574202538e-06,7928377752.95515,7.465125508606433e-06,207075692880.8987,1.2042895060032604e-05,1.4859245987375612e-05,0.1222900690937131,0.1282934417016804,0.0218484648261219,1.0232187277088456,0.1857284968980358,0.1744800230229181,0.1857284968980358
-34.82220804318786,0.0415821794606745,5356606601.782499,1.4366898506879809e-05,14103076015.51727,5.745664775371551e-06,198197801038.6229,1.3203697327524424e-05,6.310112942175793e-05,0.3070589203724841,0.1024237739853561,0.0194939338853582,0.5424838158289195,0.1648703020323795,0.2144040128811063,0.2144040128811063
-68.88360345736146,0.015019938996993,13539479358.646902,7.075465999543667e-06,59872873722.133446,1.2244342511519787e-05,203393271639.9431,1.083114902675152e-05,1.986619093798369e-06,1.43999355610115,0.1707636910490692,0.0173827905738726,1.6930124882193287,0.1614068382869602,0.2012655056827123,0.2012655056827123
-78.5085823200643,0.0465823636483401,24052771270.607742,8.667801529169083e-06,36663615851.00557,9.121261063963177e-06,196363867446.7802,1.3720151033252478e-05,4.311112974480588e-05,0.185161434216392,0.1148833272978663,0.0153708818275481,0.6003413210628514,0.2162029036488868,0.1481958440012854,0.2162029036488868
-46.12727541476488,0.05958939101547,10637758345.130598,1.0677405960857867e-05,6688100560.287698,4.904567966237664e-06,192542625684.2912,1.1400006532669068e-05,5.732474407673474e-06,0.8487107618701651,0.1856693111360073,0.0239048102656379,0.7255725108821387,0.2575021682710467,0.2764276647384042,0.2764276647384042
-50.19575230777264,0.0337303670821711,7150298272.13058,1.1889996096491812e-05,18887126365.77817,1.0841761421412229e-05,207737486828.11856,1.252547411993146e-05,1.8226019825244576e-05,0.521440800708291,0.140728747099638,0.0128132194941863,1.2619802891273093,0.1729086320185573,0.260007391991002,0.260007391991002
-53.178068436682224,0.0583030047873035,18023341844.386906,7.58443633466959e-06,16482262619.01111,6.464473187923431e-06,201050972286.6118,1.1261209085583688e-05,1.76798205171578e-05,1.0916531970472616,0.1401491484604776,0.0166082470854744,0.5849521024956089,0.2070283050969514,0.1505949849160326,0.2070283050969514
-43.00119288265705,0.0321362720523029,4194120657.922216,1.4855974927544596e-05,51369145807.20592,9.528223937377332e-06,196167693231.2548,1.26337464787066e-05,5.611709404784152e-06,0.6605728686898271,0.1835386625491082,0.0201667506033554,1.8621223986770123,0.1764371162258024,0.416072332742066,0.416072332742066
-26.405281480401754,0.0474053473910316,14233206333.95192,9.570357203483582e-06,26122643812.33672,1.1243355585262175e-05,209730644822.12067,1.3612848054617644e-05,2.351168339219235e-06,0.2650671099912242,0.1607451901771128,0.024324121300131,0.9679708951156868,0.2686956504859307,0.2354059331127926,0.2686956504859307
-77.41491371765733,0.0233479951880872,5627974652.409755,1.286227970570326e-05,9241859115.60407,4.74465961009264e-06,194925842136.14465,1.0484377913177014e-05,7.470136644761073e-05,2.720180634020008,0.1158481077291071,0.0124502810779958,1.137452280384424,0.0816900176487711,0.2243777463970077,0.2243777463970077
-71.9831352494657,0.0425616325484588,3135396442.516515,1.1394941985607148e-05,5713931012.527308,7.867861757054924e-06,205397629141.8076,1.3064907986670732e-05,1.563875323492469e-06,0.4266641753485503,0.1733099576085806,0.0137907330105081,0.8018429102046037,0.2622227022152193,0.2828691620163739,0.2828691620163739
-31.813342068344355,0.0170981163438409,22893013379.785748,1.0170507065951824e-05,22047667638.20788,1.0367965292185544e-05,190514961332.0828,1.0939428538084031e-05,4.9207981233565976e-05,1.6912113525635877,0.1034174527972936,0.0230287011777982,1.3616875859594586,0.0866523632960179,0.1782508617019924,0.1782508617019924
-37.59320605546236,0.0520532318903133,7031127657.77146,1.3384851194918157e-05,42910150191.98243,1.2088936511427164e-05,204133377615.3624,1.1807140953838823e-05,2.088596600680043e-05,4.799210885973886,0.1276942932978272,0.0190738665629178,0.656154942043294,0.1754937505132014,0.2552822182628221,0.2552822182628221
-58.60994480550289,0.0272928348183631,10465531399.02777,8.17274720966816e-06,10098318972.50924,6.151555301621555e-06,199329184386.8792,1.218071597442031e-05,6.582018849397451e-06,0.1503716849328025,0.1960792297497391,0.0177449727021157,1.6459632513206084,0.2700869056857483,0.2345249512488127,0.2700869056857483
-64.19821379706264,0.0431412995327264,7820871027.033576,1.0803435422480106e-05,55369090713.61625,4.402385130524635e-06,206294628269.97043,1.3466027863323688e-05,1.0575150369933123e-06,2.003909403010324,0.1898014023900032,0.0159903369741514,1.2275804604331877,0.2757785365536638,0.3066585086359325,0.3066585086359325
-39.504507798701525,0.0247034596139565,8931775793.418577,1.1511982157826424e-05,13026424056.496042,1.1324159612879156e-05,191490368284.28503,1.0592502053827048e-05,3.357576448859782e-05,0.1727899817830213,0.1339721664786339,0.0211901048598811,0.7542025889700855,0.1431912675742804,0.2276231445444767,0.2276231445444767
-29.91627167910337,0.0568514609523117,3430665132.910952,8.789833128452301e-06,7305086292.320403,8.619086978957057e-06,202611254584.04425,1.1661874730139973e-05,2.511443886937321e-05,0.4866046708195379,0.1096403947100043,0.0237105737011879,1.4207524958071605,0.161258981725174,0.1761775463596855,0.1761775463596855
-66.37977659702301,0.0363042297726497,19214804513.08816,1.3517794840037824e-05,28161530350.359955,7.103342317044734e-06,197728596311.06256,1.2287402361631392e-05,7.986095103654692e-06,0.7116594649410413,0.1670870622619986,0.0134708597362041,0.6446924791173566,0.2140163536927875,0.3112187417284587,0.3112187417284587
-75.50293739885092,0.0505988998990505,12739800011.344088,1.4238929986953737e-05,17422080080.755146,5.24574857391417e-06,201950411926.955,1.114475704357028e-05,1.0828765968629465e-05,0.1107694871932584,0.1220710034482181,0.0148136905385181,1.8148980878734209,0.160902934212989,0.2849028831594097,0.2849028831594097
-20.816771537065502,0.0314580043824389,6565440066.691704,7.451510839164257e-06,6161848373.574402,1.2728869941085576e-05,197145542483.7768,1.2773153357207776e-05,3.406357560552992e-06,3.128664171247556,0.1545222486369312,0.0224111877949908,0.5003994191401101,0.2360407591343641,0.1660702995462226,0.2360407591343641
-48.603852819651365,0.0382947938516736,16399834770.08522,1.2229338921606542e-05,10888072492.806704,1.0029089707881213e-05,208206081278.62216,1.3981258943676948e-05,2.560945598985673e-06,1.2458902866903734,0.1772607889957726,0.0200948419496417,1.0619076338633344,0.2594958712604488,0.3305451517903562,0.3305451517903562
-55.07492201402784,0.0184507899312302,4975034931.42748,9.45326651632786e-06,33903128403.05737,7.94966142065823e-06,193322811760.0084,1.0108648631721736e-05,8.063778898014191e-05,0.2781297419444229,0.1464269754476845,0.017131028374657,0.8646145305916197,0.1345395386473329,0.2037313233456701,0.2037313233456701
-55.59542724862695,0.0446397514315322,15494646257.9842,1.1583325423300268e-05,24031079993.92852,6.086283703334629e-06,190633403640.2404,1.0457274816930295e-05,2.782390429535791e-05,1.4184884443590846,0.1872760895639658,0.0191886229375377,1.4420891809826402,0.1855843138753922,0.3360896722551856,0.3360896722551856
-48.230804707854986,0.0262019974272698,4700399972.276373,1.085901464521885e-05,8333375216.289427,1.189054067712277e-05,205906398426.74136,1.3585637729614972e-05,8.765989433248296e-06,0.3118770124281171,0.1423805389553308,0.018087950981222,0.6403461312211438,0.2143798972783738,0.2246480799604772,0.2246480799604772
-20.23869536817073,0.0555389586417004,11838792116.315723,1.3573419570922853e-05,14979712838.64598,1.0302704523317514e-05,199523080028.5936,1.2668746177107097e-05,1.1712761396537145e-06,0.1242096262081317,0.1133370431140065,0.0139042969960719,1.2325818209803583,0.1736130061303,0.2399724471568135,0.2399724471568135
-75.93561638146639,0.0349918130412697,6101156117.265515,8.861191920936107e-06,45760887113.454834,7.669446242041885e-06,204561965353.78696,1.12961635440588e-05,3.6864998602997823e-05,3.562097056094873,0.1567250253632665,0.0233712852708995,0.741055811824045,0.2041951189412987,0.215124780063564,0.215124780063564
-66.78303487598896,0.0491105732554569,3754682936.789889,7.397760689258575e-06,40153772360.25173,4.678206934593618e-06,195038654245.4362,1.2153512980788946e-05,3.138472882883176e-06,0.5460377677600079,0.100795070733875,0.0244135879268869,1.0462036100615566,0.1683072541355967,0.1342562935934683,0.1683072541355967
-29.42598108202219,0.0299695919919759,21028744654.503025,1.4169663898646832e-05,9629040777.784758,1.1046149143017828e-05,200312260277.5693,1.178001479059458e-05,9.974353717994176e-05,0.8108302149487228,0.1691815271042287,0.0127169931912794,0.8704721578080921,0.1651529642515223,0.3380556673144285,0.3380556673144285
-39.04344970360398,0.0396177650755271,8144244657.5480385,9.38398490101099e-06,5308105969.482444,9.461811796762048e-06,193867219071.83527,1.0974390327930453e-05,1.327452048979128e-05,2.2831528117476574,0.1997083433903753,0.0166965241320431,1.807511220308355,0.2054548649746377,0.2969450637245063,0.2969450637245063
-64.74790638312697,0.0197736750729382,9301458733.291014,1.2175543263554574e-05,20870596832.99185,6.267200729809701e-06,208906713854.5215,1.3099884618073702e-05,4.212253896077781e-06,0.1938946342939647,0.1298143186606467,0.0204330649469047,0.5092805046135128,0.1822128106634619,0.2232618942272808,0.2232618942272808
-59.08639028668404,0.0597920616623014,7457760374.301721,1.4802318550646303e-05,7731140058.660705,8.15673837531358e-06,196717041581.8692,1.225239497423172e-05,1.92229554625981e-06,4.279144495089826,0.136037206929177,0.0198021690351888,0.9719248340273778,0.1902781902942646,0.3234061729595948,0.3234061729595948
-37.20539506524801,0.0336254146741703,11100645649.134151,7.515015438199043e-06,30406681540.707897,1.0085671904496846e-05,201756584048.2712,1.1626943219453095e-05,6.054538630538339e-05,0.1320351749546535,0.1934854063205421,0.0170673738243058,1.1176131306915995,0.2665351301798534,0.210311914544179,0.2665351301798534
-31.27909677103161,0.0460803584754467,3381219089.463501,1.2792904794216155e-05,57891669767.33138,1.2935909981839356e-05,192813974712.044,1.061965849623084e-05,1.4458944159087316e-05,0.3746369039418174,0.1629036580212414,0.0145222086086869,0.5937305549794493,0.1901785093101143,0.2799814526759612,0.2799814526759612
-72.4303482286632,0.0220230923546478,24687681191.82972,9.5167158767581e-06,13895317673.539968,5.302393165417015e-06,208087552133.9476,1.3493200100958346e-05,4.547004543700074e-06,1.507940411582417,0.1070728902705013,0.0223479295130819,1.849588038347615,0.1428863379140121,0.1784987572441908,0.1784987572441908
-77.77434112504125,0.0410610771272331,12978812721.86798,1.0241757035255432e-05,12185449633.131369,7.309239803813397e-06,192314231488.8537,1.0073724929243326e-05,1.8815055892694067e-05,0.2329118079607986,0.1504472054541111,0.023392614041455,0.6534912123469336,0.1849672431968059,0.2274592185316591,0.2274592185316591
-25.90045688673854,0.0155974750081077,5132180433.509125,1.1450675539672375e-05,37235971576.46289,8.676856958307325e-06,207353164497.7629,1.3946228966116905e-05,5.981278080326667e-06,2.4271405222931,0.1196149118244648,0.0133309360174462,1.6751580956178744,0.1190223512679741,0.2090939294894385,0.2090939294894385
-42.58419454097748,0.0533663786016404,17272961034.141335,8.22846571356058e-06,19356589086.796738,1.153004238102585e-05,198467395156.62195,1.28003334030509e-05,1.408415445232267e-06,0.9740532292191888,0.1486034763976931,0.0156735651027411,0.7899764907857112,0.2376704365117765,0.1851763743830992,0.2376704365117765
-53.74252390116453,0.0286058959504589,4019340788.8056703,1.345605517923832e-05,6718498009.117722,4.460178679786622e-06,203740361332.89337,1.1171890895813703e-05,4.472936312440438e-05,0.5804376809515692,0.1810532016679644,0.0210505798310041,1.3709273186220328,0.1566160063669717,0.3544580149939668,0.3544580149939668
-50.627399533987045,0.0518601742805913,10215500440.487335,9.009939081966877e-06,49606997728.21916,8.836659903638063e-06,205124983265.996,1.2907637305557728e-05,7.196226386861596e-05,0.7452196227991414,0.1757642627693713,0.0246204453930258,0.5344731364211258,0.2926209411371326,0.218402664870194,0.2926209411371326
-45.54817106574774,0.0274074002634733,6866861272.019597,1.229772834479809e-05,16258481381.590416,6.907742467708885e-06,190163599178.195,1.1034077163785696e-05,2.286708803345419e-06,0.4649337744177521,0.1448839099146426,0.0121483440902084,1.7045178468864643,0.1233700332961098,0.2701504380443496,0.2701504380443496
-24.795772898942232,0.0430705041764304,21979486749.886948,7.019839197397232e-06,9023187868.005873,4.053046558983624e-06,203781500328.3321,1.0212523359805346e-05,5.387840212910511e-06,0.1650963397326214,0.123725966271013,0.0160896899355575,0.8842518387800321,0.1576576621014801,0.1260401837124228,0.1576576621014801
-79.02805579826236,0.0165083492919802,3011769534.18768,1.4295541547238828e-05,25988689895.75322,1.1686682465486226e-05,199054764527.8275,1.3837955623865128e-05,1.7099000968920656e-05,2.098389465901975,0.1561260945163667,0.0206781075568869,1.0414018518716266,0.1497714361823578,0.352496613378889,0.352496613378889
-69.43249674513936,0.0478948640311136,5764537282.177402,1.39454981982708e-05,22569030422.237385,9.679680795408785e-06,200780233610.42145,1.0726955246180296e-05,6.824751151635285e-06,0.2739806722487221,0.1111581007018685,0.018575143514201,0.7364537225753518,0.1421418775638967,0.2443774967672355,0.2443774967672355
-34.36034707352519,0.0227388734836131,14570927675.812204,8.737069688737392e-06,5747058035.420288,8.312253541313112e-06,195819458980.11328,1.335537826269865e-05,2.1498490170099327e-05,1.265304983445649,0.1685597548261285,0.0182507715821266,1.253444610361237,0.2199719405837375,0.2242794191217053,0.2242794191217053
-35.98372429609299,0.0580909358477219,4367612329.841257,1.1959279723465445e-05,10450244588.659044,5.463251291774213e-06,209375639632.34424,1.2391185298562053e-05,5.131115681764224e-05,3.17744765921454,0.1882221233099699,0.0141053027408197,0.6027738505641418,0.2741955666023432,0.2889036699028769,0.2889036699028769
-60.22311728447676,0.0322318258322775,18759304234.42651,1.0731199845671654e-05,43525302759.68833,1.2533339225687085e-05,194649515077.4717,1.1518662724643943e-05,1.61520805128637e-06,0.1091160348708095,0.1323402445763349,0.0227196207521483,1.5148021081050336,0.180169513019642,0.2298488703879755,0.2298488703879755
-62.119957003742456,0.0389053372945636,4780221817.340689,8.354418821632862e-06,12849532615.120472,1.092479462455958e-05,202224240358.9189,1.0866362109780313e-05,7.636713935129081e-06,2.848604302522998,0.1261120086535811,0.0240188120473176,1.3353929762232206,0.154075630663193,0.1898757428166596,0.1898757428166596
-41.58639809116721,0.017962683965452,15749125558.157066,1.3078239664435388e-05,53469856723.9886,5.120349896140396e-06,197498163487.7622,1.3238926205784082e-05,2.4273626925325563e-05,0.2532492892512852,0.1944504057988524,0.0131554463766515,0.8200545233619206,0.2172865313366261,0.3391133389786348,0.3391133389786348
-28.77185098826885,0.050507503375411,6413565284.414191,1.0363834470510484e-05,28017187652.648994,6.704000730998814e-06,208556776009.50003,1.2015456032007932e-05,3.228847007039022e-05,0.6311158486417126,0.174830761551857,0.0154852809915319,1.5458574778430243,0.2247814234791264,0.2779483092701958,0.2779483092701958
-67.52050656825304,0.0316742416424676,12438946876.349438,1.1076552592217922e-05,7132224044.757912,9.33703692536801e-06,193595972768.9624,1.1887073628604412e-05,1.0255804681856684e-06,1.1432024218838746,0.1048871397972107,0.0216895723557099,0.700834515398467,0.1421000169230078,0.1900604443976432,0.1900604443976432
-73.42471100389957,0.0567354741040617,20004450485.009056,1.2664982110261918e-05,6197557550.240907,1.2328395859338342e-05,206571432314.8132,1.2560710806399585e-05,8.423077080640698e-05,0.1481181680943127,0.1623970550484955,0.0195826425291597,1.9853893621077527,0.2483399732239238,0.3465107923039669,0.3465107923039669
-22.89868865162134,0.0364958763727918,3573525065.937468,9.892592810094358e-06,17834103525.839912,5.960435411892831e-06,191844744198.02423,1.1435197025537491e-05,2.652588793717943e-06,4.874337336127475,0.1174549591727554,0.0176487415079027,0.5469178687524864,0.1538976441639097,0.1644395723551791,0.1644395723551791
-47.45945895090699,0.0437269089929759,9146135077.866823,1.4678271539509296e-05,34389239343.47305,7.549232735298573e-06,202960194405.1683,1.0319209761917592e-05,3.5462120877360373e-06,1.7176693643325815,0.138655627798289,0.0151163708111271,1.161417482809142,0.1246388521555077,0.2933497181447173,0.2933497181447173
-56.2156823836267,0.0241904200008139,8012659586.339159,7.887199804186821e-06,11267494254.925022,1.0743722566403448e-05,197998781707.13785,1.3692689415067434e-05,1.1153604621033426e-05,0.4202739609402097,0.1819924990646541,0.0221156085366383,0.945191372347942,0.2816307165447448,0.2227808434339804,0.2816307165447448
-57.32773004099727,0.0548200601153075,3258110898.5489664,1.05349655225873e-05,21516734801.427536,9.160509224981068e-06,204241100717.336,1.3175584733486176e-05,2.135101799448619e-06,1.2189918919111742,0.1718541068024933,0.0135729775084182,1.0931656893154242,0.2639341352630639,0.2768396829477003,0.2768396829477003
-46.469691414386034,0.0356846632948145,23786436178.434727,1.177464596927166e-05,5161263458.50234,6.599277878180146e-06,199201853591.9488,1.0797129858285188e-05,6.779828791575275e-05,0.283821909536695,0.1019066703505814,0.0236076779933646,0.9907038340192852,0.1235537618922259,0.2004499793101214,0.2004499793101214
-22.249332778155804,0.0453284803871065,7245282651.24098,8.560256034135819e-06,9954285346.4024,4.943802850320935e-06,205602892413.7353,1.1948457386344672e-05,1.596450920417427e-05,0.1000168431926889,0.1291925202123821,0.0212910346016287,1.8889873356381628,0.1956844723383355,0.1732797060753546,0.1956844723383355
-73.95476222038269,0.0254899640986695,10785414901.468405,1.3757084034383295e-05,39125949147.42431,1.0820091117173432e-05,190329000577.3306,1.2071010030806064e-05,5.075814344249512e-06,3.458770375396666,0.197522525023669,0.0158902161624282,0.5795187993518858,0.2087583927501616,0.3812447304272064,0.3812447304272064
-68.52287646383047,0.0389249215275049,17489781820.766483,1.4470534652471544e-05,44616193477.59684,1.0568310162052511e-05,209857213273.64444,1.149487740173936e-05,2.2614641359793617e-05,0.441795318892666,0.14163514431566,0.0172316567199304,1.6434811077493172,0.1470175155419539,0.3289036263613183,0.3289036263613183
-27.657271772623066,0.0204925695760175,4070448265.2222047,7.213993512094021e-06,15476157835.6543,7.443395659327506e-06,194818576201.7965,1.2618467673659324e-05,7.114792829526764e-06,0.7850691133076227,0.1849697267636657,0.0199934294698759,0.6681914734866847,0.2509220388198421,0.1899437087467235,0.2509220388198421
-41.06159729883075,0.0498225998785346,13699603494.0916,1.2499687500298024e-05,8107683787.928612,5.784973554313182e-06,201236169505.8644,1.3627156041562557e-05,1.699095713510277e-06,1.9564645355861137,0.1593258887529373,0.0225137991290539,1.4044894665609935,0.2331470924679899,0.3189306653704353,0.3189306653704353
-62.75948481634259,0.029280867059715,5416308276.161945,9.192737087607383e-06,24759807573.2684,1.2222608236595986e-05,195962888319.0453,1.02516918592155e-05,5.349274366497804e-05,0.177300059969524,0.1143738746643066,0.0147118819355964,0.7734045291495792,0.1342042493414589,0.1605834595077841,0.1605834595077841
-60.86240950971842,0.046777280322276,11498495501.469414,7.81548971682787e-06,6498977272.24875,1.1862093847244975e-05,208410895727.57483,1.1099122785031796e-05,2.670938078482452e-05,4.695329165949582,0.1206517497077584,0.0125496108541265,0.6254116034421278,0.1677679882747435,0.1432305156790373,0.1677679882747435
-35.45824356377125,0.0213082761503756,5926376362.837094,1.4619130954146388e-05,19865073051.62171,4.158884624019265e-06,193137605004.01257,1.297466568276286e-05,8.478948216127584e-06,0.1534213009582349,0.1530480632558465,0.0242255757069215,1.471882499630145,0.1752739711858438,0.3267187568322692,0.3267187568322692
-33.245559986680746,0.0590813640737906,14926601323.743412,9.841257065534593e-06,36117782061.61095,7.083207460120319e-06,202057611104.1009,1.3778764311224222e-05,1.128433576366657e-06,0.3852703704715048,0.1787468325346708,0.0202704435456544,0.7559140515484272,0.3090622209344801,0.2444748457194175,0.3090622209344801
-70.4341589845717,0.034315468640998,4527644987.86181,1.2601076923310758e-05,12532132567.948853,8.942444358021021e-06,197019040789.4552,1.0155253753066064e-05,3.584759623932232e-05,1.8699841704797329,0.1478580873459577,0.0165037513636052,1.2047582767128728,0.1249765114966794,0.2894490618930477,0.2894490618930477
-79.55744137987494,0.0540812015114352,8594301012.475685,1.1126046806573869e-05,14282122085.326271,1.2709868049249053e-05,202797224875.53955,1.3293507244437932e-05,2.4544768824062787e-06,0.2406727447072358,0.1912995816208422,0.0178491577049717,0.8528196433338203,0.3199203939612458,0.3149666773447377,0.3199203939612458
-24.14616713300348,0.027908970080316,9813885696.097973,1.0433474086225032e-05,56187827802.16872,5.567972987890243e-06,197523323502.3916,1.0670912183821202e-05,7.72420153084353e-05,3.0013101139009426,0.1354154140688479,0.0189704595440998,1.071051869128053,0.1269473623230456,0.2145072450399811,0.2145072450399811
-44.55771017819643,0.0403710164548829,3800822468.47587,1.3155699379742149e-05,31186818190.438946,8.488797284662723e-06,206421892307.6988,1.1582493722438813e-05,1.0320765018221309e-05,1.0657466672411295,0.1081844962202012,0.0231277310587465,0.5210649046098206,0.1486774737975993,0.2143750153669777,0.2143750153669777
-51.73922501504421,0.016308176619932,21290665167.89059,8.41173319518566e-06,7483142535.106573,9.784387571737168e-06,191382711939.51367,1.246090530231595e-05,3.2520345922333348e-06,0.6776913830475692,0.1655762321315705,0.0136908941511064,1.7722146554315028,0.1810174423530048,0.2149448940190665,0.2149448940190665
-52.3887774720788,0.0423612227104604,6439883534.766185,1.212176600843668e-05,42103558320.95148,5.126793475821614e-06,199983901716.7688,1.1693939343094824e-05,9.908586608545488e-06,0.8659258656335892,0.1661801494657993,0.0174813345689326,0.8393010220211464,0.2078270125514913,0.2895846849775719,0.2895846849775719
-43.8156608492136,0.0171998195489868,12487957668.816792,9.31861473619938e-06,10724868257.048977,1.283025911822915e-05,204710274524.9868,1.2317469511181116e-05,3.116897527784409e-05,0.5101522263559404,0.1103394635021686,0.0193946057073771,1.307951252710806,0.127999191869382,0.1704864930490708,0.1704864930490708
-26.77686309441924,0.0525557656679302,5085520005.521107,1.409648883342743e-05,5574530211.282554,9.910121601074931e-06,191110091488.8084,1.3435959290713072e-05,4.166941077498243e-05,0.2047343902530371,0.1328643811866641,0.0219529621461406,0.6868429905507547,0.2214576379570936,0.2705672125334848,0.2705672125334848
-77.01723957434297,0.0266912537673488,16757634037.984735,7.336178593337536e-06,23211362333.46197,8.051038125529885e-06,206070579718.7984,1.0560435049235822e-05,1.3120673259797842e-06,2.1579509075174816,0.1903102917596698,0.0149235730534419,1.5809257134189558,0.1942496659982146,0.2235482312868715,0.2235482312868715
-71.20092710480094,0.0573994588851928,8737328246.653429,8.936210334300995e-06,26711872457.3997,4.283494807779789e-06,194350012820.214,1.3890218038111926e-05,8.666665230963179e-05,0.3387938119486452,0.1453363302163779,0.0129166281111538,0.5584642240129896,0.2688929623943786,0.1752240846450174,0.2688929623943786
-37.97189552336931,0.0486110172327607,19592967766.745003,1.0907044149935246e-05,16675460568.874992,8.500192498788238e-06,195493370033.8006,1.1241581983864309e-05,3.6601988877802927e-06,3.7098399399605975,0.1536228929646313,0.0214459935417398,0.9241114666484154,0.191738390447577,0.2574301256004684,0.2574301256004684
-58.205162808299065,0.0220432780729606,3499676033.51967,1.1650523737072944e-05,48015254725.60351,7.204654783010482e-06,200454468317.3299,1.286419665440917e-05,1.1638986926578218e-05,0.11938766384839,0.1227867846377194,0.0152718535447493,1.1850279327680149,0.1685510140671656,0.2093117944109385,0.2093117944109385
-63.86691538617015,0.0511948162084445,23389255103.586685,1.3277776814997197e-05,11616218950.05276,7.84612681157887e-06,192669315729.29025,1.3516433782875538e-05,6.020829181613079e-05,2.592353744204618,0.1165157838724553,0.0184927884712815,1.7420898291334266,0.1695718080364633,0.2815790964321577,0.2815790964321577
-39.810629207640886,0.0309607920236885,3205466740.722783,8.03761024773121e-06,33437589303.78637,1.0407273400574922e-05,207630404476.07635,1.0393900748342276e-05,1.8944765087354704e-06,0.2176324503314058,0.1598938479088247,0.0187901828642934,0.5241322582109483,0.1955026891972819,0.1769455855027987,0.1955026891972819
-30.7678185030818,0.0381877692276611,10260054476.962662,1.125199991464615e-05,18436327472.01099,1.2067206259816882e-05,196549191027.8797,1.1351684827357532e-05,4.521609057970308e-06,0.6128094643708368,0.1840058931149542,0.0229600505335256,1.0192728951656036,0.2115204618090034,0.3139746131594347,0.3139746131594347
-65.55432230234146,0.0186568645108491,6895715912.693008,1.00556585714221e-05,6038862929.304105,6.190867567434907e-06,201276241242.8856,1.2730158358812332e-05,1.4249447178629762e-05,0.9205356571803034,0.1391080536879599,0.0143219288112595,0.9056519691243852,0.1643044368923146,0.2083058983831058,0.2083058983831058
-75.17917957156897,0.0444403519062325,4278871141.273168,9.717210054397584e-06,6953876585.814779,6.442803554236888e-06,198305645734.0717,1.1837743233889342e-05,6.123755345688944e-06,0.1434124013278293,0.1965385679155588,0.0123126019965857,1.278014006327486,0.278904774497044,0.2757196384862928,0.278904774497044
-21.115352362394333,0.0235031111910939,18376424736.232456,1.2973261289298536e-05,28945971020.48244,9.567459492012856e-06,203266124427.31857,1.2213226072490216e-05,1.9437287401831856e-05,3.943788476730006,0.1266361508518457,0.0248116808384656,0.7205428850685286,0.1352450761095271,0.2510501409915315,0.2510501409915315
-49.46296526119113,0.0560413002641871,5508292822.329622,7.68756703287363e-06,52022226099.17738,1.1221698423847554e-05,192163471374.6608,1.303239931166172e-05,4.5797254187905576e-05,1.5706602742532725,0.1040685089305043,0.0208439525710418,1.479201708069826,0.1757332946292405,0.1561272394214154,0.1757332946292405
-54.24190210178495,0.0372134404163807,13924588311.343103,1.4995007887482644e-05,13239310065.406273,4.783908173441887e-06,206889910940.08087,1.0908828649669886e-05,1.4550697453245111e-06,0.3601387872360886,0.1724511506035924,0.0162793386606499,0.6158872833421569,0.1868903728648934,0.3383800021963018,0.3383800021963018
-54.56828871741891,0.0414118196675553,4341479708.426664,7.288885802030563e-06,46374957209.81285,9.848924923688172e-06,196272459179.16296,1.0331507667899131e-05,3.752086702611766e-06,0.1031159733509491,0.1602816653437912,0.017723346167244,0.5642565106244753,0.2153138722268096,0.1582530481028764,0.2153138722268096
-49.25468167290092,0.0152451834920793,18657377968.99726,1.402845533937216e-05,14889143407.836348,8.411062793806194e-06,201545418798.9235,1.37040712274611e-05,1.1929514905324413e-05,3.3547176379928616,0.1161162477917969,0.0190510440310463,1.9193462515847644,0.0870898576442859,0.2638342083230917,0.2638342083230917
-21.324542090296745,0.0530128010502085,5777894163.917884,9.306321807205677e-06,8424736231.575309,5.628128850832581e-06,192634024415.1652,1.2542490642517804e-05,8.923194987630675e-05,1.1823112129494118,0.1402769307605922,0.0230058848205953,0.9336845284412384,0.2133755891539497,0.2008482127227134,0.2133755891539497
-74.8537178710103,0.0289555239491164,14611794111.375824,1.200329075753689e-05,23827901875.70085,1.2627752002328632e-05,207672944907.099,1.1414108656346798e-05,2.83348398271224e-06,0.2926186113828203,0.1828249166719615,0.0137691002525389,1.1724562013436248,0.1960983558024877,0.3327959274586974,0.3327959274586974
-65.75618423521519,0.0594411433534696,22178447742.02774,1.1724412806332111e-05,20693946889.36296,9.001494614407419e-06,191888648066.6697,1.20258632786572e-05,4.139169103448757e-05,1.8976567579536625,0.127817521058023,0.0124715043222531,0.8301324416103768,0.1864190239405034,0.231950540480006,0.231950540480006
-30.449684597551823,0.0339775305893272,3037561152.303682,1.0968012616038325e-05,5366453552.240519,7.00218092650175e-06,207162217739.96948,1.1900349915027618e-05,1.3031380847395467e-06,0.1827999854445688,0.195370084606111,0.0243473223755136,1.3228726689217307,0.2463110866151034,0.3121348319731908,0.3121348319731908
-40.12969518080354,0.0464341065986081,10055322719.205809,1.3745795160531998e-05,9570730115.187004,4.2223335355520245e-06,198267225176.09595,1.0846252240240574e-05,9.797167369098696e-06,0.4554966209378095,0.1728510797023773,0.0201899578534066,0.6793331919944717,0.2026575216095799,0.3225812477946679,0.3225812477946679
-63.66595244035125,0.0216736344248056,6755493982.327117,8.938733838498592e-06,40693751186.47448,1.1785466035827994e-05,203306756317.6155,1.3219731356948616e-05,3.082285355397684e-05,0.7614770572413355,0.1036810845136642,0.0166294641066342,1.5989772734071448,0.1398498258013762,0.1605544463826783,0.1605544463826783
-58.06279942393303,0.0487597381789237,9210154520.446745,1.0069397240877152e-05,13744305132.376545,1.2269027803093192e-05,191067037265.74777,1.238010672479868e-05,4.631803825515367e-05,0.3972338638961746,0.1099581429734826,0.017109810966067,1.2930178758704876,0.1663762517557353,0.1958534354963411,0.1958534354963411
-38.2323619350791,0.0303219733620062,8064283870.019784,1.1372935675084591e-05,58386135292.87519,5.6902177650481455e-06,206106539797.03784,1.1506546046584843e-05,1.4714108630080734e-06,1.813611800586853,0.1665739754214882,0.0200716350870206,0.7119258501602179,0.1872477334961344,0.2679185460318423,0.2679185460318423
-32.36116694286466,0.0399712635017931,19977654288.2178,8.087332971394063e-06,30003343554.23593,7.485416570678352e-06,199713979102.6712,1.0747858632355927e-05,6.164849510448586e-06,4.553818019765868,0.189147911593318,0.0223879871070385,1.496550577460214,0.2076114193476278,0.2423742458394619,0.2423742458394619
-71.34421540424228,0.0194241288816556,3567003115.8880687,1.3347286626696588e-05,7778278974.354067,1.046915565058589e-05,204987596459.6868,1.3373291313648225e-05,1.9570453121453947e-05,0.1581841864408882,0.1340396475046873,0.0147924669068306,0.6085286219544659,0.1808059041892977,0.2517284082736115,0.2517284082736115
-76.75035150721669,0.0449907595943659,6335931062.0942135,1.487993533164263e-05,6759271345.647029,1.0861021442338824e-05,195453290082.51428,1.01994320563972e-05,4.391623637343561e-06,1.0336531795789514,0.1766027898527682,0.0134924921067431,1.725392370177388,0.1411734540004242,0.3730977972658327,0.3730977972658327
-26.927479188889265,0.0258497889759019,12294329328.39209,7.687496408820152e-06,19100012042.42134,4.845757164061069e-06,200492181964.21863,1.3827855490148068e-05,1.3837850004199816e-05,0.6987535784468865,0.1464991034008562,0.0237333904458209,0.5293949004642139,0.2425648090396766,0.1575984743344432,0.2425648090396766
-43.66597682237625,0.0551852923259139,4841012526.730572,1.2901794523000718e-05,37552938736.91325,6.644589692354201e-06,194078336637.4672,1.29265289157629e-05,5.873374143436752e-05,0.2481545498577863,0.1223933524452149,0.0212129277791827,1.009494682137985,0.1969176722366263,0.2524360270073497,0.2524360270073497
-52.6565645262599,0.035341191845946,15958134862.417215,9.657725535333157e-06,12053132187.774858,9.066845094785092e-06,209351343940.94348,1.1054005805402996e-05,1.848340922236732e-06,2.9109081946108835,0.1540046072565019,0.016011963121593,0.9147531125223162,0.1770813296056858,0.2264655471552599,0.2264655471552599
-51.4201594889164,0.0570875966409221,8201238586.74575,1.3867857277393342e-05,25706625062.573765,4.724301258102059e-06,202015260215.8487,1.2787242084741593e-05,1.6799972867394434e-06,0.198561920531145,0.1518732853233814,0.0122915266901254,1.62384247446872,0.2213418134805249,0.3251283491895571,0.3251283491895571
-44.758672676980495,0.0361449541244655,9361410537.817972,8.564809314906597e-06,9100045295.497232,1.130326471850276e-05,197053839769.2144,1.1161790747195484e-05,5.289895625045439e-05,2.224966179917496,0.1218146182596683,0.0249906540941447,0.6760292465738668,0.1638793853933497,0.1682531105743,0.1682531105743
-23.94430475309491,0.0433774446090683,3749647704.700024,1.1850411750376226e-05,16043037160.618397,9.503470752388238e-06,208141223452.9853,1.009261655434966e-05,2.246401774633368e-05,0.8928105940178582,0.147464750520885,0.0208204951016232,1.3876950617457051,0.1393645917639469,0.2805619741649689,0.2805619741649689
-79.87557573243976,0.0245441718958318,20990419425.84061,1.0589968159794808e-05,49908260507.02785,6.519988091662525e-06,193414524011.3139,1.3966157622635364e-05,7.066404380592099e-06,0.4947755246792548,0.179128642193973,0.0164622809933498,0.7824833517936476,0.2662947472720618,0.2746527454315592,0.2746527454315592
-70.22496880963445,0.0385530416714027,11695469142.80968,9.1823206320405e-06,43790870267.89677,6.127968341112137e-06,206381447575.9864,1.0608579907566307e-05,1.6437124496403016e-05,3.825121587527064,0.1350339981727302,0.0183099457081407,1.1041526233308316,0.1549904965179609,0.2016169380107528,0.2016169380107528
-33.571022134274244,0.0183134332951158,6030238378.88028,1.2375246182084085e-05,10311667141.464972,1.2143285190686585e-05,191420637778.9378,1.3481083407998084e-05,5.22680837888069e-06,0.1157930152907564,0.1916933122090995,0.018813540764153,0.9811983554376636,0.2533937390317122,0.3280611665456227,0.3280611665456227
-35.13185739517212,0.0508571356488391,15691669481.083063,7.160947799682617e-06,5796175831.523434,1.0348773164674638e-05,202524425741.2851,1.2273298375308514e-05,2.188712299030219e-06,0.3285905899883732,0.1644137565977871,0.0227811760725453,1.9079517597127835,0.2440920385399839,0.2028617062878793,0.2440920385399839
-61.0706926509738,0.031320657134056,4762791981.364433,1.4404530696570874e-05,22323872107.87252,7.926604665815829e-06,197798336353.1529,1.1644856285303831e-05,6.949095005319963e-05,1.3481068682698811,0.1093596671707928,0.0143429053230211,0.5739650986561063,0.1254661943202019,0.2306584504324957,0.2306584504324957
-62.90916929021478,0.0475426623690873,17169656182.410456,1.2523857712745668e-05,7228175117.301889,7.162084186449646e-06,205325457230.2103,1.0984797589480876e-05,1.0067956553470796e-05,0.5943755245623136,0.103087945189327,0.0128931709323078,0.8437712342509728,0.1296064210816401,0.2056493588993801,0.2056493588993801
-40.79380979761481,0.0230898775393143,3997496045.036072,9.78380160778761e-06,27847672219.82336,8.599895890802143e-06,190599339231.84872,1.311316091939807e-05,3.1728248618592287e-06,0.9490567747288574,0.1706855281256139,0.0239835657067596,1.082148681743022,0.2179238819881956,0.2571088215325696,0.2571088215325696
-27.9241593927145,0.0584403076954185,13008918984.59398,1.4505935348570348e-05,54057830457.78947,1.1378507185727356e-05,204205559063.7028,1.2133403096348047e-05,2.383906025143347e-06,2.6726931342993336,0.1979223587550223,0.0214249179447069,0.5155311708561788,0.2787287975605321,0.3663442394591252,0.3663442394591252
-68.37226081639528,0.0318781637912616,5146566485.477716,7.809452548623085e-06,12740826262.667034,4.378799276426434e-06,199244796950.3701,1.1760819926857948e-05,7.501053935874337e-05,0.2110842716739482,0.1288050004281103,0.0154508270910009,1.7905932935162727,0.1770854342708747,0.1603324455275234,0.1770854342708747
-74.21432204544544,0.0522125517111271,3411835041.489858,8.463333107531071e-06,11172276110.250809,8.005177363753318e-06,200961710978.2993,1.2681044097989796e-05,1.1360010608206227e-06,1.619390430933325,0.1853576395660638,0.01730246059224,0.6325536854685894,0.2991349501002774,0.2209829750616661,0.2991349501002774
-22.106044925749305,0.0270565718086436,24899058403.81957,1.3219242885708807e-05,34766401927.83194,1.0004335483536125e-05,196234982926.39853,1.1307545371353626e-05,3.609303027023559e-05,0.349312041609603,0.1412357036024332,0.019415581734851,1.4557874979636578,0.1287741095808897,0.2869843653879945,0.2869843653879945
-46.612055245786905,0.0427209617570042,7340842474.647849,1.044146054983139e-05,17726370568.568363,1.2788780180737372e-05,209819915667.17624,1.0439054638147355e-05,2.701298798474897e-05,0.1391020716880172,0.1155428471043706,0.0217701188987121,0.7645366548772734,0.1522849340119084,0.1884998648622165,0.1884998648622165
-57.067263182252645,0.0168618412641808,10920597652.09641,1.1249011866748334e-05,6280756707.713896,5.225389115512371e-06,194858542904.2577,1.356454934552312e-05,8.574132916087118e-06,4.06611508505184,0.1581450076773762,0.0149469314375892,1.191598942997162,0.1674754816952237,0.2632860574478122,0.2632860574478122
-56.53473762795329,0.0537317368760704,19729991430.024967,1.432939499616623e-05,38607301505.021774,4.553834629245102e-06,208602042756.9747,1.30512889996171e-05,5.166161232553286e-05,0.1204652976922276,0.1948444221168756,0.0235659339157864,0.7293882931721462,0.3177182319466869,0.3726728887554514,0.3726728887554514
-47.25850673392415,0.028262722226791,3522216778.0885067,7.105217568576336e-06,10014689966.30584,1.1484722386114298e-05,193562835566.6995,1.0928755428642036e-05,1.6260096549958385e-06,3.672705471558317,0.1257308784872293,0.0133044056938961,1.2660418105913709,0.1429520616525685,0.1483280629612651,0.1483280629612651
-23.10057561844588,0.0407231390755623,8725571596.578346,1.2327336050570011e-05,5105222261.121801,8.774911898188292e-06,202491950448.60245,1.1824650038033724e-05,6.901479906519123e-06,1.4625236557726662,0.1060622157528996,0.0158492671400308,0.5969967965127075,0.1412283253382675,0.1911336215154126,0.1911336215154126
-73.10655206441879,0.0159572542877867,7641248972.770302,9.11500509083271e-06,21699906121.83853,7.2683187322691076e-06,197218018677.08563,1.2203123986721038e-05,2.174327013197944e-05,0.3024776565785126,0.1736681910231709,0.0210200804304331,1.5300106708658896,0.1986686046472882,0.24383783282378,0.24383783282378
-67.72971417754889,0.0471269123442471,5023930904.146776,1.0643864549696446e-05,24971300884.98848,5.401538691483438e-06,203007217105.4781,1.1372590105980636e-05,5.256510825316625e-06,2.3541089139453475,0.118617923464626,0.0198327672304585,0.5407414330192624,0.1712043310628386,0.1866868337130711,0.1866868337130711
-28.44637140631676,0.0209546918934211,16562773191.415089,1.1915664449334146e-05,8019575413.706081,1.2893880085088312e-05,197968621160.83505,1.2748073361814022e-05,1.6679883891387725e-05,0.1880559860297732,0.1612223728559911,0.0168915729923173,1.6841534786270609,0.1842929517208946,0.285960506674649,0.285960506674649
-41.91278113052249,0.0587290685344487,6521740844.397849,8.637866854667663e-06,15570510770.365616,1.0180435606278478e-05,206836165748.5366,1.350535713136196e-05,6.988461940853305e-05,0.5295912764606742,0.1823740222491324,0.0145488385017961,0.8946334994878768,0.3049577806636637,0.2297842390236986,0.3049577806636637
-61.91167699173093,0.0346662178868427,12653661927.149193,1.392955856770277e-05,44024344153.13171,8.110326721332967e-06,191562843434.5126,1.0381785932928324e-05,2.220998307482167e-06,0.8360355640847512,0.1382620044983923,0.0221745100691914,1.0289469140449614,0.1260121976266155,0.2896812119050809,0.2896812119050809
-60.07342252880335,0.0392742936266586,5475324147.234126,1.104839062690735e-05,12669880579.672634,6.343837526626885e-06,204060902465.1349,1.1221470221877098e-05,3.651643543292348e-06,0.3633661744162471,0.1444841834716499,0.024589289673604,1.9636827442550016,0.1671245337620659,0.2704075878575789,0.2704075878575789
-36.25152207911015,0.0201389072835445,13848846898.339046,1.02612289711833e-05,35812057176.93568,9.398371870629488e-06,198787646908.31305,1.2844999853521586e-05,1.1483583251935174e-05,1.554666653834814,0.1761518898420035,0.0126864940812811,0.5531623788012382,0.2151859759296255,0.2459438941796152,0.2459438941796152
-34.09348404034972,0.0494703981326892,4288776963.729854,1.3046816147863866e-05,20132226349.827305,1.1127167764119805e-05,205157604292.0351,1.3900623362511395e-05,8.633511136905698e-05,4.411774295868917,0.1549453084357083,0.0168698442969471,1.148729463696771,0.2300857450586577,0.3156576277560299,0.3156576277560299
-69.58308780565858,0.0296318711992353,18427852567.695946,8.270516768097878e-06,6459625068.740449,4.619148765690624e-06,190118998810.64893,1.002509953826666e-05,2.719243567988168e-06,0.1280620146455727,0.1248950337059796,0.020406534332782,0.9559750887532522,0.1522642442289593,0.1566665763135698,0.1566665763135698
-78.7685134075582,0.0544705179473385,10352908847.080652,7.98785600811243e-06,7437902681.644475,7.7515704696998e-06,209658168628.81183,1.3417741049081088e-05,3.192946205545791e-05,1.004269964959729,0.1673910804092884,0.0192152523463591,1.349227424373816,0.280976381472829,0.223192650986054,0.280976381472829
-24.939043316990137,0.036038155015558,6954725969.929779,1.4696664050221443e-05,31605336652.080254,1.0242556841112672e-05,194384303614.4972,1.0539348542690278e-05,1.014035825463957e-06,0.5629901158912278,0.1123392798006534,0.0179145320216193,0.8113541541712784,0.1098777726787629,0.2413253224951092,0.2413253224951092
-45.405804105103016,0.0456808577338233,23022468157.19815,9.982350409030914e-06,55712736582.72171,1.1968265914358198e-05,200810948479.92065,1.1706239141523838e-05,7.584917094297376e-06,0.2259123300522198,0.1319530112668872,0.0139348956756293,1.5618899839608986,0.1780447037498392,0.2166271022977968,0.2166271022977968
-50.88786952197552,0.0251391357276588,3153461115.158203,1.2710081331431866e-05,14438692512.4093,6.021737097762525e-06,195771731752.90228,1.2328853275626896e-05,2.4112351045763285e-05,2.502415802182634,0.1886222435161471,0.0231954839546233,0.693391276169262,0.2079721276243264,0.3411316861632799,0.3411316861632799
-53.41614130884409,0.0440867741033434,13617587255.66964,8.763865798711778e-06,23465946342.960148,1.0645119014196095e-05,193093622419.98315,1.156427549570799e-05,1.2891324267414733e-05,0.1702113513474326,0.1923166365362704,0.0196575736347585,1.0581384228626871,0.26954439374824,0.2514442538796446,0.26954439374824
-42.79247410595417,0.0238527394412085,5386860230.1471,1.3551514111459257e-05,5527424735.351856,7.590703760273754e-06,207820036355.40604,1.2439818810671568e-05,4.091229109241356e-06,2.03527010771429,0.1372182906605303,0.0175174749530851,0.8609637732389446,0.1389211611272291,0.2768450352061785,0.2768450352061785
-25.69124883040785,0.0563920428883284,17530245528.81485,1.076592666655779e-05,10868838092.81402,5.866230514831841e-06,196750370711.0882,1.3305807027965783e-05,3.061985572037661e-06,0.7227981195784555,0.1066855615936219,0.0151873366171494,1.828150918826159,0.163730459694029,0.2048296905964859,0.2048296905964859
-78.09982115402818,0.0368611488165333,4081849898.3001895,1.154173992574215e-05,41849191913.905975,1.2374265606515108e-05,201710817813.8733,1.0682295933365822e-05,9.729912794572557e-05,0.4793419307724499,0.163303682859987,0.0219867203673347,0.5037117211720111,0.2007944698613236,0.2693598678611303,0.2693598678611303
-72.22846081480384,0.0515485640801489,7310842193.596792,1.2199398048222063e-05,47724713657.99632,9.241723203100262e-06,198748796433.2104,1.3758652564138174e-05,1.1844496387940897e-06,3.081927170273562,0.1192152807489037,0.0241477990113198,1.426775364052,0.1931602050924329,0.268456113024864,0.268456113024864
-31.597256157547235,0.0306113343453034,10877738147.29858,9.491080448031426e-06,16899788792.25467,6.750961064361035e-06,203475819826.1261,1.013605696707964e-05,3.728490373844391e-05,0.1125013096296089,0.150834927894175,0.0130843817759305,0.6469865055527976,0.1720216431285726,0.1866018636778659,0.1866018636778659
-36.88634026795626,0.0378368510026484,3207012895.5112925,1.4205393821001054e-05,8683451090.136835,5.020654684863984e-06,192344586346.2985,1.1109528094530106e-05,2.8014064039988007e-05,0.2824786825760439,0.1798725109547376,0.0156166471159085,1.2195029796367354,0.1831308408265356,0.3526433859027221,0.3526433859027221
-59.28734205663204,0.0190089803421869,23400582364.079823,7.477172993123531e-06,27005622292.70032,1.0967373401857911e-05,207305644694.71573,1.2987940091639757e-05,8.824650124747396e-06,1.2272764748600775,0.1497726392000913,0.021614541680552,0.7487339233172706,0.2141145151036419,0.1775890339369495,0.2141145151036419
-64.89027379080653,0.0577529575629159,3827413105.5178704,9.608350425958631e-06,5958787084.52039,1.2452870625071225e-05,199568101204.93173,1.36480613052845e-05,1.3988565831068217e-06,0.6507159365155285,0.1435435986146331,0.0186461088359355,0.6600512879276653,0.2583429051548218,0.2076917530621616,0.2583429051548218
-38.78297926858068,0.0325915648788213,21427762370.23312,1.28320374712348e-05,18548826469.10824,5.521760781295597e-06,204529226310.5512,1.0269606847316028e-05,4.443198373559537e-05,1.1087351039049322,0.186101502738893,0.0181218838971108,1.659105175193979,0.1355289142112729,0.339426002228516,0.339426002228516
-29.68552302569151,0.0482601820724084,8582758203.22582,7.60991919785738e-06,33074351216.313,8.236166429705917e-06,190900405626.744,1.1483800765126943e-05,1.8605774093126773e-05,2.7627401432265963,0.1571066439151764,0.0141802343307062,0.7979168940022792,0.2138802187830347,0.1737946860553472,0.2138802187830347
-66.63976490497589,0.02239565952681,9795940267.786152,1.4822740122675896e-05,11715490948.790983,9.74257184099406e-06,205627419482.9166,1.2606352873146536e-05,5.913922858636902e-06,0.2611123221981696,0.1129435151815414,0.022588353713043,1.357773103267518,0.1216664782304756,0.2769622811488763,0.2769622811488763
-76.20247896760702,0.0420075566461309,14745866790.263374,1.3418879456818105e-05,13352071289.114422,1.1609505840577184e-05,193915369492.02417,1.196734705939889e-05,1.4820107806797244e-05,1.665950802427255,0.1695754480548203,0.0247518112268298,0.9603019766665823,0.2110505881975732,0.3630102193243666,0.3630102193243666
-20.08810475468636,0.0175491981022059,4474990037.569977,8.14659295976162e-06,51457580166.0482,4.117043211124837e-06,208875883352.01144,1.2090936794877053e-05,4.661242139037608e-06,0.4333340960672096,0.1004138452000916,0.0120733137056231,1.1307329615032935,0.1185817410447916,0.1203145942224572,0.1203145942224572
-48.38049991056323,0.0529067737469449,11644681807.14808,1.1424390763044358e-05,29121776313.97368,6.826167187653481e-06,195303747691.21408,1.316249155253172e-05,1.9794381436301053e-06,0.15272211707253,0.130989299248904,0.0162186771901324,0.586636332784627,0.2247615775881772,0.205354611812542,0.2247615775881772
-55.32762901857495,0.0263390453997999,6005005244.665285,1.0133185230195522e-05,6861733640.303473,8.89625783357769e-06,200030152089.89383,1.0787027787417172e-05,6.233634418719351e-05,4.727536973413065,0.1985456774942577,0.0206070426655933,1.8712825431049709,0.1615386327739545,0.3197804919958097,0.3197804919958097
-54.86663172021508,0.0592517104558646,12151638648.045933,1.2762786597013474e-05,9682960054.668554,1.0760180642828345e-05,202729936372.4888,1.0654864594340324e-05,2.10285478336304e-05,0.1340352179603667,0.1335720466449856,0.0153506000749766,0.7925223666485315,0.1784536004952179,0.2501667331890149,0.2501667331890149
-48.93024614080787,0.0340902321925386,6266385361.582624,9.554585061967372e-06,38037037157.912415,4.964162543416023e-06,197612586002.79688,1.327842092886567e-05,6.6260284741368444e-06,4.213217132028161,0.19018863607198,0.0215259228963404,1.378139353130282,0.2575358798782232,0.2777605372892955,0.2777605372892955
-20.491302236914635,0.0469476360920816,16171701029.31614,1.476895970851183e-05,21160825028.354244,6.543762169778346e-06,206489190347.4927,1.2474978547543288e-05,1.581455783322248e-06,1.4847108314662794,0.1659058827906847,0.0238805592423304,0.6485341309566326,0.2240835406315164,0.336818289200202,0.336818289200202
-75.71213472634554,0.0210830276319757,4907733628.296753,7.540622338652611e-06,5085245733.224817,9.185263214632867e-06,191293439902.3652,1.159954246133566e-05,4.976809557661177e-05,0.3803111238272101,0.1108090687543153,0.0129953684667125,1.665832676710376,0.1351391270794762,0.1383192455273124,0.1383192455273124
-66.06163509190083,0.0405192721635103,7959480454.045409,8.202187426388263e-06,8219239883.514561,1.2168260898441077e-05,208326516635.716,1.2960546661168336e-05,2.293865844891725e-06,2.4639428904497858,0.1533531808294356,0.0148452181909233,0.5906243570530496,0.2461779927119806,0.1841261580970997,0.2461779927119806
-30.11814121156931,0.0160609997017309,9084194161.532194,1.3490207478404049e-05,25085677979.390305,5.808559173718094e-06,193209775723.5169,1.1082119822502137e-05,7.287042550138326e-05,0.2293268116835987,0.1232517891563475,0.0218726162798702,1.843654197118849,0.0878420749064286,0.2411945125722951,0.2411945125722951
-39.303538147360086,0.054229445150122,3608606407.33556,1.0204559236764908e-05,45503452659.86405,7.384653555229305e-06,202141999732.70297,1.0171316601336003e-05,1.7169400027311837e-05,0.5715046019020213,0.1460393487475812,0.0193142660642042,0.9773692990024504,0.1720313603025792,0.2293564276161891,0.2293564276161891
-64.51728647574782,0.0276618025498464,20203590669.687,1.1480000279843807e-05,15813014053.147173,1.0587501484900712e-05,196946860533.20764,1.3793835368007422e-05,5.450470133562107e-06,0.9888208150810318,0.1776605158112943,0.0174029735317453,1.1261568058195506,0.2378424120742295,0.3138145685404055,0.3138145685404055
-58.87040451169014,0.0455757016455754,3079800866.096249,1.3607262879610062e-05,35283164700.3508,8.961636787280439e-06,209926942586.8988,1.257113979011774e-05,2.6370757041498288e-06,0.3166018250100443,0.1839322854764759,0.0163577008601278,1.796232749789285,0.2347355629871537,0.3920125673643215,0.3920125673643215
-37.45084937661886,0.0253415809012949,22472537245.552746,8.835100553929806e-06,12250170223.226036,7.0244642496109e-06,194731755703.68768,1.1448571886867284e-05,8.302336059102909e-05,1.396631504413726,0.1397676249034702,0.0209242910519242,0.5057595645557853,0.1761479317055116,0.1749569885955476,0.1761479317055116
-31.956622768193483,0.0550672693038359,6680533763.673475,1.1612959153950217e-05,6434333569.475597,4.18247128278017e-06,201166430655.86685,1.0297045875340702e-05,1.1099289350868523e-05,3.507203563150408,0.1170227902941405,0.0248920255424454,1.0509957260578806,0.1372830725686744,0.2276834018525819,0.2276834018525819
-71.72358257696033,0.0355362894851714,9939827352.847548,1.082162992656231e-05,19632136950.03171,1.1807745469734073e-05,196049718353.8973,1.3675424456596377e-05,3.4919416530418364e-06,0.1260915868900564,0.1595822262577712,0.0123909580213949,0.8738687583803023,0.2642983059642563,0.2470794978835849,0.2642983059642563
-77.56552221253514,0.0500477948365733,18865174767.99346,9.42167479544878e-06,31750175139.327103,9.80914045497775e-06,204332804623.99124,1.075179110094905e-05,2.483527883570028e-05,0.8231263374613769,0.1045800236985087,0.0142431896179914,1.241163933213559,0.1347670808451832,0.1766799090110374,0.1766799090110374
-26.13840101286769,0.0291106506809592,4392860658.002873,1.2145726427435875e-05,7623067100.502667,8.433282682672142e-06,199137006495.14795,1.3127301059663296e-05,7.896206833905314e-06,0.5376321609043174,0.1721348820254206,0.022880113793537,0.7457116239008681,0.2278258949235203,0.2974010881915037,0.2974010881915037
-43.26897323131561,0.0391501258732751,14414403248.496555,7.423546880483627e-06,14663533515.800789,5.588331641629338e-06,205511178970.3369,1.211829213798046e-05,1.0503434707397438e-06,0.1909095005536017,0.1964603595435619,0.0187102523474022,1.436489962305879,0.2829890772302392,0.2146797499977272,0.2829890772302392
-53.02839111536741,0.0203223411273211,5701834990.48294,1.4136003695428373e-05,57584682478.01894,1.2649958614259956e-05,190393857210.87457,1.1994808677583933e-05,3.335279462390516e-05,2.317780799414508,0.127300276607275,0.0184140431033447,0.6374273957857244,0.1189683686460338,0.2711131149755599,0.2711131149755599
-50.39672240614891,0.0379516201280057,24418931182.191525,1.0330481827259063e-05,5498871011.751858,8.027383573353289e-06,198394611403.34607,1.223022708296776e-05,9.310288978927734e-05,0.2570859413927776,0.1294561079703271,0.0146886723609641,1.1565153650606528,0.1800636250739422,0.2071756294810398,0.2071756294810398
-45.80820228904486,0.0188161482056602,3344928498.0855336,1.110215424746275e-05,22909845782.295773,9.964537872001527e-06,203199130371.2129,1.1851860363036396e-05,2.958068458804024e-06,2.804711546428677,0.1970636031590402,0.0224925658358261,0.941840450325646,0.1817435627644386,0.3287925334310743,0.3287925334310743
-25.487990248948336,0.0509586791787296,11164920763.133486,8.32429537922144e-06,41282557575.834274,1.281099939905107e-05,192074515242.1296,1.0893755730241538e-05,3.936790170291344e-06,1.1255852811736835,0.1711449162103235,0.0199722023513168,1.998540117167465,0.1983044877452821,0.2471073206148823,0.2471073206148823
-78.30671323463321,0.0311200663307681,7499782852.552826,1.311611504852772e-05,10496393160.674774,5.185603976249694e-06,206956895459.44333,1.3016334541141986e-05,1.249566435006312e-05,0.6406782583135696,0.1020298526622355,0.0172084409222006,0.5509125758803118,0.1523757260166198,0.2020149286110267,0.2020149286110267
-69.2090723104775,0.055783060491085,3910847139.206259,1.4641067542135716e-05,17142717601.184982,7.184364022687076e-06,192741192001.84943,1.0408988926559689e-05,9.212182040679154e-06,4.948255449498395,0.1586121942847967,0.0159130239961668,1.5513637199091312,0.1519644529194889,0.3531102267269804,0.3531102267269804
-34.61301116272807,0.0373507836414501,16804385919.94641,7.916529789566994e-06,49389807096.66897,8.56003404036164e-06,207546322215.34848,1.3532483294606207e-05,2.903132300841906e-05,0.1458380488674339,0.1145017083734274,0.0213126448886469,0.7038061688972501,0.206434385328205,0.1362099641686964,0.206434385328205
-36.68310850858688,0.0441821027453988,5247342867.282286,1.263870906829834e-05,27161169965.24249,1.140079117938876e-05,196477324292.0637,1.2713111571967602e-05,3.879047448212311e-05,0.4138035283231154,0.1419033342972397,0.0236292944550514,1.325711622072873,0.1962128161896199,0.2951397494946274,0.2951397494946274
-59.49426453560591,0.0236404664861038,13271887246.74834,9.926738910377024e-06,8888455547.604443,4.338942119851708e-06,201360313966.8703,1.1337613474577666e-05,1.2205589279244558e-06,1.743720633052665,0.1845062518492341,0.0135957791190594,0.814661626518729,0.191391421073242,0.2570876490928653,0.2570876490928653
-61.40576699748635,0.0524184641009196,6161946380.863842,7.049470543861389e-06,18109209856.510483,6.246313773095608e-06,194263489153.2361,1.0060106925666331e-05,5.69357462176897e-06,0.4719764521489663,0.1782291457056999,0.0136680937027558,0.6075876790041651,0.2260207845140553,0.1698003255254211,0.2260207845140553
-42.27111956104636,0.0269493633694946,11954901888.3019,1.4258158259093762e-05,5928019065.5179615,1.2042521772906185e-05,209146431144.32693,1.393555487319827e-05,1.8104905153354828e-05,0.7337381958480612,0.148180390894413,0.0231061134347692,1.523803965132302,0.1729288676449817,0.3417875380620787,0.3417875380620787
-29.009852334856987,0.0422239117557182,4668523513.121276,9.043783821165562e-06,11314060383.75987,1.0467113902792332e-05,195579884164.0353,1.2817843411117792e-05,4.263174100889726e-05,2.066063902064555,0.1207238337025046,0.0189488480947911,0.7343397426761488,0.1874602702758434,0.1691430045076572,0.1874602702758434
-67.31174487620592,0.0174579412210732,15391946173.78279,1.2271634593605996e-05,32626450123.21227,7.825837090611458e-06,200385042987.7639,1.119429798424244e-05,1.3535434107098614e-06,0.1675968582848806,0.1523900201544165,0.0178263510335236,1.2473094531188615,0.142529832049762,0.2759158545530267,0.2759158545530267
-72.71800257265568,0.0484516893653199,9549643963.45325,1.1985068298876286e-05,53252785412.27712,4.842719780281186e-06,199919349066.91312,1.2363776978105308e-05,6.46772333911862e-05,1.284490744404379,0.1082520271651446,0.0165269683236256,0.8790315661768718,0.1610459864514438,0.2118871377093318,0.2118871377093318
-23.57627186924219,0.0222795544937253,8362711339.964239,1.069753821194172e-05,13544034942.566946,1.1202437598258255e-05,204801681600.51108,1.1741269119083882e-05,2.036523632881133e-06,0.2697635684059176,0.1649227912537753,0.020291669501923,1.033152316324809,0.1804144514177957,0.2599642950827761,0.2599642950827761
-47.70485604181886,0.0572401430876925,20546032129.796288,1.3983186662197114e-05,7023746473.8976965,9.621876802295446e-06,191174634601.92084,1.0512168496847152e-05,4.863456878436443e-06,0.1074367231454685,0.190786546189338,0.0242468078378588,0.5371028247323718,0.250954868685835,0.3425653920247538,0.3425653920247538
-55.99963938817382,0.0331773783545941,3667986138.317591,8.707255236804485e-06,29289443254.497543,6.4191479627043005e-06,205979182180.01724,1.3390607196837664e-05,1.5298772040173113e-05,3.225621157583733,0.1357332137413323,0.0125728215910494,1.709431744490883,0.1886417975624169,0.191772434941848,0.191772434941848
-56.65021834895015,0.0462287000985816,7051279731.780732,9.870646178722382e-06,15408104185.936922,7.72056661453098e-06,192237473446.87585,1.399355874210596e-05,2.921507829469557e-06,0.155822018229033,0.1239971782080829,0.0226920521762222,0.5190402767130818,0.2388699787738488,0.1747744819290856,0.2388699787738488
-47.17644276097417,0.0217758295219391,10490423821.221048,1.256393586844206e-05,47040010574.48937,1.029113493207842e-05,207432364989.07208,1.0120032396167517e-05,9.27829781254145e-05,4.62526703869688,0.1556595499627292,0.0140757578834891,1.7641317765587572,0.0748421779457998,0.2805052115463357,0.2805052115463357
-22.46530424803496,0.0599403912154957,3118551809.333323,7.849576689302922e-06,24391488430.09608,1.193726621661335e-05,198544143661.85663,1.1126538801938295e-05,1.234187299607105e-05,1.8420843434200724,0.1750596580095589,0.0182212205501273,0.8587555541386298,0.2349498578403392,0.2057119167592106,0.2349498578403392
-73.70932221412659,0.0333781612291932,22757433038.616432,1.4592794969677926e-05,8473623315.124099,6.070319882594049e-06,203661170378.32736,1.2752066850662232e-05,3.923469699947678e-06,0.3912983001177368,0.1450025108642876,0.0185475811613723,1.0777784063083335,0.1810927662277224,0.3259599922188618,0.3259599922188618
-67.83808346837759,0.053536639236845,14003229362.882374,1.3181241907179356e-05,5239500620.841362,6.312760044820607e-06,196623192057.01352,1.1672280054539442e-05,2.9927268701161324e-05,3.0482283486266386,0.1875160619616508,0.0207060778737068,0.7593743408258752,0.2480173582570808,0.3531914828692527,0.3531914828692527
-28.371418863534927,0.028380745248869,5540068297.812189,8.378317609429359e-06,20587919136.984554,9.447014200501145e-06,201818694248.7955,1.230067678540945e-05,9.41145071704768e-06,0.2370779376396928,0.1324604406952858,0.0161188577990978,1.209455814643543,0.1812919877378656,0.1696133009985389,0.1812919877378656
-41.2704305164516,0.0412313471501693,18178800906.527733,1.1163981318473815e-05,39297988310.672615,1.1096103291027246e-05,192907814700.1565,1.344591610133648e-05,1.2582049153355307e-06,0.6675702997486246,0.1114308616146445,0.01217750577908,0.621507712857615,0.1781988991200951,0.1814554239224559,0.1814554239224559
-62.521526385098696,0.0153723122365772,4232345754.8499136,1.0403413586318491e-05,9440830755.027338,4.667803567834198e-06,208025451470.16644,1.0573305252939464e-05,3.962885491591064e-05,1.0824050153368925,0.1680917074903846,0.0246484219329431,1.4617031055394694,0.1176412251995518,0.2701460453035327,0.2701460453035327
-60.60981694608927,0.0557642393466085,16370907240.331753,8.5266535282135e-06,59223578746.5658,5.291990905068815e-06,195098323039.7105,1.179606430232525e-05,2.023664502050785e-05,0.2882636169884097,0.174320700392127,0.0220876308344304,1.4123537104960475,0.2547069835767337,0.2355210143903215,0.2547069835767337
-35.68171091377735,0.0348215109156444,4968675349.854235,1.3782935552299025e-05,14223328890.269815,1.2985863023437557e-05,200215969346.46368,1.2168601159006356e-05,6.421455293103457e-06,1.2008001149641438,0.1052018221467733,0.015087210284546,0.7793150452866144,0.1279681305414227,0.2259349995599238,0.2259349995599238
-33.974341209977865,0.0448650415241718,12822666421.505928,1.0505091942846776e-05,7823396254.036894,1.0070875347591935e-05,193807559814.3041,1.3085813265293836e-05,1.512994456362599e-06,3.407146605463165,0.1261886769905686,0.0176195748066529,1.6348783001078582,0.1757423323942246,0.2285978062476061,0.2285978062476061
-69.73473185673356,0.0260316832317039,6611800878.044608,1.1812271490693094e-05,30713066776.195503,8.202296650968491e-06,209002995248.884,1.095734354108572e-05,4.808442237169793e-05,0.1015822598663314,0.1937877798452973,0.0195546710500493,0.6660458888984093,0.2315908572186039,0.3093391008343227,0.3093391008343227
-79.2973386310041,0.0398649004194885,3476407142.390257,1.2462245084345342e-05,19002196024.77223,4.444213752634823e-06,190715045537.7996,1.3599754858762023e-05,1.789473277945696e-06,0.7973433588896456,0.1387307933531701,0.021717133546248,1.8746539483827445,0.1949438091513793,0.2957647070881472,0.2957647070881472
-24.37680134549737,0.019625377790071,19460354457.757904,9.22230549156666e-06,6599353211.695239,1.1576769026927648e-05,205832081791.0135,1.0474275827407838e-05,5.632236617632252e-05,0.4351956940901406,0.1813314220868051,0.0155148331858217,0.5762913225042279,0.1759537272949301,0.2311100521958341,0.2311100521958341
-45.27912426739931,0.0493576965294778,7730417908.810356,1.4444500029087068e-05,11889512087.50203,8.665286327712238e-06,199441447667.7776,1.1280098773539066e-05,1.3442644306794452e-05,0.1746511899615165,0.1618885890580713,0.0131849923962727,1.0966855394720574,0.1986137934912108,0.3381175631252817,0.3381175631252817
-51.04705058038235,0.0298213040968403,8824200258.588015,7.247901193797588e-06,36264989137.71844,7.360361215658483e-06,204636272452.77167,1.2653673257678747e-05,4.235131479850857e-06,1.9870568071674168,0.1177681849338114,0.0240463794609531,0.99591278341247,0.1786862607824203,0.1441074352534196,0.1786862607824203
-52.15076182037592,0.0502493495168164,4572628164.538395,1.1286089271306993e-05,9141338701.224058,1.1701548994518816e-05,206650927253.0675,1.1386913351714612e-05,7.339514107925478e-06,0.221038346325801,0.1140492824837565,0.0205066590672358,1.4864754808273648,0.1566642702258364,0.2276363815981802,0.2276363815981802
-44.024436846375465,0.0318114989530295,15073298473.527693,1.0029321156442166e-05,26345528463.11248,4.007418311201036e-06,191767689324.9154,1.2515372049063444e-05,2.3084321159615264e-05,2.553666765968733,0.1565988002344966,0.0167689354280009,0.6176610976784603,0.2141320313532418,0.2161011502075242,0.2161011502075242
-27.49106740579009,0.0386471740482375,5886304366.905925,1.3307164497673512e-05,50687235746.31068,6.918214230798185e-06,202880689930.1708,1.3739040706306696e-05,5.512805415399057e-05,0.906796349723768,0.1870094589889049,0.0127893982641398,1.2704658044823698,0.2431730643906355,0.3572662429128577,0.3572662429128577
-76.33250379934907,0.0180999533459544,11421959777.114122,8.000471577048302e-06,16582592246.660273,8.786637359298765e-06,198075846116.98984,1.0366491869091988e-05,1.7360910902644382e-06,0.622400952039354,0.1428425095975399,0.0244871882218867,0.7148331987325199,0.1519278957626355,0.1817681054282906,0.1817681054282906
-70.95554431900382,0.043490674146451,21858841481.86549,7.725499160587787e-06,10159693922.607395,1.2544839884154495e-05,202286647390.57425,1.3192620690912008e-05,6.698159055097133e-05,4.005447526900611,0.1994432141073048,0.0232972994828596,1.016344278779573,0.3162011557673038,0.2524845601367427,0.3162011557673038
-32.83675590530038,0.0243497894424945,3902730591.961453,1.496494881808758e-05,42341741117.508,5.412199852056801e-06,197404019515.9614,1.0819034226238728e-05,2.1275436125824527e-06,0.1412700603242346,0.1302747388370335,0.0138323022117838,0.9012166315475996,0.1197973587895561,0.2488254382605272,0.2488254382605272
-38.67858964949846,0.0564992513274773,9588492015.181631,9.742754012346268e-06,22235569547.662537,8.328148965723812e-06,208494359441.1016,1.193534204363823e-05,5.0097404576417e-06,0.354758252778106,0.1015057104639709,0.0180159499738365,1.755997818010406,0.1490452151501678,0.1841302544369334,0.1841302544369334
-57.52759389579296,0.0366552364267408,8395890475.690126,1.2939843319356444e-05,5651942505.013964,9.633023652248084e-06,193690126277.50635,1.2060810048133136e-05,1.5923652361636722e-05,1.5952197055367414,0.1690567540936172,0.0191146433241665,0.527245589443054,0.2207462106906167,0.30061070710508,0.30061070710508
-63.1746837310493,0.0429112620558589,10668220205.496906,1.406660905480385e-05,28539720818.651737,9.29037867579609e-06,200683648232.3706,1.333837530016899e-05,7.839837418589706e-05,0.5181349564367173,0.1628346228040754,0.0211245582820847,0.9174094354050152,0.2386576853876997,0.3476089823501558,0.3476089823501558
-40.53198607638478,0.0167445399658754,7167316487.189639,7.373809359967708e-06,7260991717.958445,6.719897261820733e-06,195879424605.5186,1.0712836224585772e-05,2.467874281129656e-06,0.8530046983709224,0.1077278905548155,0.0157455672724172,1.1772318155682544,0.1096981471831475,0.1251933263517772,0.1251933263517772
-30.99850993603468,0.0517009442299604,23923488807.90527,1.2088168747723104e-05,13169353493.645138,5.069297417066991e-06,209472234547.1382,1.1533733781427143e-05,3.297473816054837e-06,2.1257543897852607,0.1365518509410321,0.0134029319640249,0.5604518823540098,0.1836707424736432,0.2206178110695718,0.2206178110695718
-65.2942767739296,0.027643581549637,3276535550.1365967,9.344460055232048e-06,54901442670.82375,1.0936296322382984e-05,194589539915.32324,1.2407248146831987e-05,1.038731344993873e-05,0.207937631632637,0.1931661515496671,0.0234665986672043,1.9481714100548864,0.2562396962556379,0.2892725731501854,0.2892725731501854
-74.47980966418982,0.0579535483662039,5270042281.904923,1.0881015725433826e-05,33615831165.60322,1.0693701128475367e-05,205050369799.13712,1.1018990848213437e-05,8.212988881429407e-06,1.3279071254324453,0.1491195725277066,0.0222743280557915,0.6913906819685829,0.2073460513809108,0.2484043205446313,0.2484043205446313
-21.84419080615044,0.0324900213489308,13328019654.856436,1.1684426173567772e-05,11007645333.179052,7.559703391976654e-06,190245535522.6993,1.2891589716076851e-05,2.6065013464669275e-05,0.3337334638971522,0.1807323472574353,0.014449804698117,1.5924686966353852,0.2211230761040984,0.3072257214827784,0.3072257214827784
-49.68637539073825,0.047757467161864,4161803254.327544,8.898762673139573e-06,6124479476.796818,5.9148082034662365e-06,203856123331.9342,1.3855004362761976e-05,3.468902234965069e-05,0.1176046663550899,0.1503766197711229,0.0169949636906385,0.835756186190336,0.2726439375326267,0.1880430084666296,0.2726439375326267
-53.98925231769681,0.022997081070207,17884500553.849094,1.3658843837678434e-05,17656211683.800087,1.2343261349014936e-05,198972818646.58,1.0226596605032684e-05,1.1022938011960404e-06,3.7678277654745895,0.1202714134007692,0.0197285737525671,1.303310648593913,0.0698693777279541,0.2457056225322499,0.2457056225322499
-54.07133439555764,0.0580371272563934,4913205531.383107,1.4157537639141085e-05,31085007087.67324,8.79098081961274e-06,195641571637.24304,1.3502303298562764e-05,6.3974972034577225e-06,0.3871869945360572,0.1662629368714988,0.0195699847852811,1.1843763474506033,0.2601047737643104,0.3652018552136259,0.3652018552136259
-49.75358149036765,0.0325680375052616,16198622096.727337,7.401990048587322e-06,7470166995.920267,6.931174220517277e-06,200915472712.36777,1.0376790888607504e-05,2.031184935894547e-05,1.8649811683773925,0.1104275974445045,0.0176619726726785,0.9221977374483912,0.1308879662573982,0.1331282072358092,0.1331282072358092
-21.76325313746929,0.0478412125166505,6221836431.383768,1.218669245392084e-05,14398350555.95186,4.012070963159203e-06,194514463804.66223,1.136981150507927e-05,4.782928707566117e-05,4.647678726229874,0.1331722651608288,0.0151035170517861,1.9383923027970955,0.1375081851220509,0.2655961253770789,0.2655961253770789
-74.41329021006823,0.0230752311693504,12071070280.001505,9.380731657147408e-06,56560244168.90594,1.1714749108999966e-05,209553644470.87048,1.2743291575461629e-05,1.520914883224784e-06,0.1553856640938406,0.1906128291971981,0.0221278454829007,0.5573548657515238,0.2847152409803994,0.2544213201558442,0.2847152409803994
-65.25888659060001,0.0428216936253011,20278554558.980022,1.0846970953047277e-05,36005343946.89615,9.6375723015517e-06,190025460384.78613,1.182357244938612e-05,5.660509534906757e-05,1.0529017553145168,0.1456151522696018,0.0240316426092758,1.584072315974168,0.1825585750957113,0.2744215542183965,0.2744215542183965
-30.948698855936527,0.0166495482763275,3620227595.793148,1.1587641015648842e-05,12512303728.192896,8.341453082859515e-06,205298751406.3716,1.2196136962622404e-05,1.7806017178019796e-06,0.685048332341998,0.1780602939426899,0.0131431830367073,0.6873952995000108,0.1722009198916653,0.2822812032391026,0.2822812032391026
-40.56806290522218,0.0516115100774914,9042978657.640472,8.872259497642517e-06,6550874399.506258,5.416507840156555e-06,198881185408.68164,1.305042466893792e-05,4.252360119451899e-06,0.241404868332986,0.1537346495315432,0.0154979123417288,1.3106654335691357,0.2453363519611333,0.2075539998045132,0.2453363519611333
-63.22563922032714,0.0275487559894099,7919003218.256969,1.3570081047713758e-05,19993713657.33149,1.2557835346087812e-05,203919755425.30417,1.0922043636441231e-05,1.3389621207666928e-05,2.987522626877236,0.1228947324678301,0.0216763179935514,0.8397627357637237,0.1130826787684424,0.2677261044501831,0.2677261044501831
-57.56367072463036,0.043582613649778,9917795326.568283,1.1439026594161987e-05,8053065397.782329,1.093202157691121e-05,191706431880.5933,1.1707121942192316e-05,9.241772045865688e-05,0.1012973494954866,0.1166230086237192,0.0185620905430987,0.6145598525985726,0.1788300170712239,0.1932163630657196,0.1932163630657196
-38.7295451387763,0.0244471307471394,6662067719.108347,1.0245494775474071e-05,24571135164.611416,5.056268678978085e-06,206745068654.418,1.23355463296175e-05,2.933408662800731e-06,3.423671169713647,0.1600064191967249,0.0182628110600635,1.4782632791072392,0.1678215491593132,0.2490588176815097,0.2490588176815097
-32.8013657219708,0.0565910350950434,22608454117.246365,1.3468681134283543e-05,44700400504.331474,6.715313190594314e-06,197825032640.24854,1.341883783787489e-05,3.904039924068191e-06,1.2157312262646114,0.1842893393710255,0.0140928442087024,0.7191724187748764,0.2830456943958332,0.3309067981320505,0.3309067981320505
-70.90573323890567,0.036752433059737,3096934030.749553,8.223751917481423e-06,15519795623.122265,9.277109947055576e-06,203098314125.09085,1.05463156811893e-05,1.2403923174176526e-05,0.2852336075410515,0.1393861534073949,0.0227330493852496,1.2770951509938513,0.1733994069049556,0.1924969994610607,0.1924969994610607
-76.25156613066792,0.0501627129083499,5698032656.404911,7.5034709945321085e-06,9885730398.34789,1.2338644085451958e-05,197320101428.7769,1.3903421849012376e-05,9.460729270178182e-06,1.9474793532530683,0.1968418284319341,0.0246328777251765,0.9063035355590991,0.3484409682380237,0.2392188623401802,0.3484409682380237
-27.4245479516685,0.0317304465360939,14411826744.912472,1.4806149199604987e-05,38821928969.44974,5.901572667062282e-06,202359348852.1874,1.0029862124472857e-05,2.9768574603278173e-05,0.1778392154462577,0.1269432201050222,0.0121348920660093,1.0212152033755044,0.1100689083124568,0.2412272972281761,0.2412272972281761
-44.1065189242363,0.0385603924328461,4426302118.647207,9.529236376285553e-06,21560620492.38748,7.5553266555070866e-06,193460752740.50235,1.1224542792886495e-05,3.977625852959202e-05,0.446590955232946,0.1041558274067938,0.016102719515562,0.5244649640726731,0.1445708467289474,0.1441679083090794,0.1445708467289474
-52.21796792000532,0.018018745528534,19019266230.47035,1.278809713572264e-05,5176603249.072673,1.0680774381384252e-05,208734644278.884,1.2849976427853108e-05,1.2535119781425165e-06,0.775608096253956,0.1725346603430807,0.0206660418789833,1.7458526320094454,0.1494224087200789,0.344080522361639,0.344080522361639
-50.97778633236885,0.0399574110656976,7483178196.93511,8.748228877782822e-06,52176783391.69399,6.056981081143022e-06,200133151561.0218,1.1116271000355482e-05,2.479840674793933e-06,0.6112427475293696,0.1715752130374312,0.0233803747948259,0.7749439143274585,0.2228638014570809,0.2199188394830618,0.2228638014570809
-45.19543822854757,0.0197233013017103,11134042283.456291,1.3942251168191434e-05,13266329761.498411,1.1932752218097446e-05,195172673165.7982,1.2988773547112942e-05,7.801818206212297e-05,0.9252257332943864,0.1016239678487181,0.0133437920287251,1.4056189051856196,0.0913517299656046,0.2274474930439822,0.2274474930439822
-24.44492118433118,0.0494503629114478,3365167572.803332,1.071906454116106e-05,6899835246.788195,1.0278036791831252e-05,208772883806.3777,1.3765608474612236e-05,1.0429969968835166e-05,2.6252327669515445,0.1290807396173477,0.015660336238332,0.6695780948982776,0.2141574528631992,0.2009904464221686,0.2141574528631992
-79.38033802434802,0.0299193722801283,24554738301.234043,1.1963503822684289e-05,28746656934.260723,7.716361271217464e-06,194046443942.93427,1.0137165430933236e-05,3.283677781276309e-06,0.2153980515453126,0.1974145531654358,0.0210632353229448,1.644385274056358,0.1809914761955557,0.3621270548994343,0.3621270548994343
-69.7829389758408,0.0556780987791717,13263070259.520838,1.2308785922825336e-05,18488291448.225887,4.654672101140022e-06,205767039451.7481,1.3310557939112186e-05,2.5965114479446345e-05,1.587521341526254,0.1415523809380829,0.0198154240995645,0.5792001729989867,0.2415196402960108,0.2482545679833404,0.2482545679833404
-34.00767324492335,0.0347409441461786,5246396974.262088,9.006594344973565e-06,6050268082.761265,1.1091931274160742e-05,190805950406.9388,1.068510564789176e-05,8.245004342817884e-06,0.3557558331503505,0.1848816168494522,0.0170547417234629,1.885075546437873,0.194762845621149,0.2631437237627586,0.2631437237627586
-35.63281714916229,0.0447790459636598,16932355199.399004,1.42835069000721e-05,11527689301.260809,9.433573542162774e-06,204389606267.2138,1.1569301415234804e-05,1.096720818094126e-06,0.1427706630102916,0.1590180764906108,0.0145344712464138,0.9899078250315488,0.2020251465699059,0.3207782867390483,0.3207782867390483
-60.57534050196409,0.0259512718627229,3942785107.4976,7.024160049855709e-06,33212374761.467377,6.308347903192043e-06,199662556350.2312,1.2442841529846193e-05,3.48695062207772e-05,3.9562566880253054,0.1140714089386165,0.0223350997017696,1.090994226905512,0.164977892574657,0.1360585264053119,0.164977892574657
-62.47263262048364,0.0536210310040041,15409084135.70713,9.90520492196083e-06,16783467274.05108,8.215704033151268e-06,207213630955.66632,1.315748481824994e-05,2.320429982256449e-05,0.2026326176199352,0.1203484655357897,0.0244001599960029,1.7734897481570748,0.2066926515007792,0.2164784091378672,0.2164784091378672
-41.23595407232642,0.028459541760385,4676307034.4005575,1.266026594489813e-05,48398623411.92796,1.0075320731848475e-05,192486647795.8858,1.0783985137939454e-05,7.3023504520976765e-06,2.185317467408316,0.1527409703470766,0.0127294509727507,0.5220578554508245,0.1509076029348812,0.2607050849144592,0.2607050849144592
-28.419625982642174,0.0413155724527314,11869894206.732117,7.875563748180867e-06,26669641443.672443,1.2999029878526925e-05,203567833639.6813,1.1962614633142948e-05,1.7428451487422966e-06,0.8703366045176866,0.1786594427190721,0.0166844839518889,1.0717317954981196,0.2406594448522264,0.2192405877153714,0.2406594448522264
-67.87141550332308,0.0154509748052805,6121106624.554922,1.468201069533825e-05,8730261633.405886,5.296127500012517e-06,198606735058.12885,1.2088108386844398e-05,5.49164651510804e-05,0.5088485057201112,0.1477745062671601,0.020446118668653,0.8546617102452375,0.114479565404066,0.3090151306339714,0.3090151306339714
-73.7774420529604,0.0461399981891736,3681590339.1559663,1.3090774007141591e-05,5611485603.802433,7.373423933982849e-06,201577301956.7132,1.14768635481596e-05,2.1186352668650736e-06,3.7215665207327815,0.1911924282088876,0.0192006863150745,1.2021616872837615,0.2153902425123722,0.3868869130515292,0.3868869130515292
-22.54830364137888,0.0216817362047731,20612250854.497284,8.349613532423973e-06,23400231318.10231,8.669527059420943e-06,196850928850.472,1.2605225924402476e-05,6.725658431440251e-05,0.1188535330344915,0.1353029141202569,0.0180749236531555,0.7554345228285247,0.197825309336019,0.1572317344125414,0.197825309336019
-47.10717851296067,0.0598515550279989,8324756619.776456,1.1064995259046554e-05,42030604959.209465,1.1590141071006657e-05,207953552287.072,1.364133832976222e-05,1.584641364348796e-05,0.3346708983186887,0.1079010736197233,0.0139177513206377,1.4690830450394925,0.1826832363251566,0.2125039695357688,0.2125039695357688
-56.56653231009841,0.0332839017827063,9501104105.892813,1.0367663703858852e-05,10689844453.335796,4.448694474995136e-06,192993064355.1052,1.0268754206597804e-05,5.034015181288645e-06,1.321502751378646,0.165298156067729,0.0233588506868109,0.6249619795246011,0.179629921834146,0.2437947424386419,0.2437947424386419
-56.03754727169871,0.0485326396906748,22701251692.316666,7.2107422053813935e-06,19393489334.63791,5.189913389272988e-06,209249564502.38824,1.0849275324493648e-05,8.336924693803195e-05,0.3763598999634729,0.1754838505759835,0.0123245653929188,1.5160202639163818,0.223118133637254,0.1946484418702499,0.223118133637254
-47.7576425857842,0.0223659069556742,3109133116.936796,1.4481681905686855e-05,6737314407.8938265,1.2823993469588458e-05,194210632387.54868,1.3224757626652718e-05,2.626198357774516e-06,1.503346175709673,0.1446027288213372,0.0247987473411485,0.6039736091430606,0.1697757795328833,0.3151993464508982,0.3151993464508982
-23.53905063122511,0.0573209380125626,10551204081.447369,9.19696445018053e-06,12103590118.96535,9.969087275676427e-06,200593961328.26807,1.2028673104941844e-05,3.509081659353699e-06,4.233130008749562,0.1236157070845365,0.0208573023136705,1.2541342033377327,0.1773262394364544,0.1966693176495291,0.1966693176495291
-72.66636043787003,0.0332635858096182,7088685930.52389,1.2487563237547875e-05,36951529588.31022,8.040686969645321e-06,195320994257.9269,1.1905100952833892e-05,1.1046118361328192e-05,0.133643817806177,0.1560166042298078,0.0162670024111866,0.737981997021047,0.212452512156382,0.2734852019141821,0.2734852019141821
-67.23263826221228,0.052320838314481,4228454467.975,1.1771305449306966e-05,58010846896.399445,4.3435935145244e-06,204844314903.02087,1.2543598979711532e-05,7.855612358464873e-06,0.961754624231175,0.1110738039948046,0.0184794621197506,1.0392452706290214,0.1696627025916534,0.2200174775802275,0.2200174775802275
-28.945163935422897,0.0268573221098631,18170884667.71239,1.0546035096049307e-05,13936351475.182238,1.1413992584683e-05,199804771542.5492,1.1421064455062152e-05,2.4962356677261832e-05,0.5863968278327952,0.1684731752611696,0.0188025453137233,0.8837656711288998,0.1823649549319397,0.262192619044686,0.262192619044686
-42.351370584219694,0.0421261412976309,5580832325.688701,1.376140156388283e-05,7678041567.796687,8.564376645721495e-06,206249821279.198,1.0332340773195027e-05,3.3222118580938405e-05,0.2335398951526407,0.187915841396898,0.0229481133371591,1.701131986836668,0.1815420148522731,0.3717174132457209,0.3717174132457209
-61.471142042428255,0.0173657442256808,14113983346.095284,8.54821040481329e-06,30169840112.782063,7.1973249008879055e-06,190976244751.364,1.3710813768208029e-05,1.0543475680176973e-06,2.4151642728913267,0.132036245521158,0.0143348856996744,0.534043701636141,0.1940639503475251,0.1626640639010387,0.1940639503475251
-59.57451555877924,0.0558776285592466,6620899531.642768,1.042876222729683e-05,5351404898.080687,7.821459096856414e-06,203399990238.2493,1.2925675924867391e-05,6.651324252418974e-06,0.1257230057282129,0.1258072060532868,0.0129297801917418,0.9469925512569402,0.2118436594185989,0.1969558635792846,0.2118436594185989
-36.74848355352879,0.0374397886404767,12847415010.503702,1.1138670824468135e-05,21008530526.53789,1.0454188446514309e-05,198126385100.18588,1.1047282464802266e-05,2.094631945932965e-05,3.5237904008127767,0.1941448342986405,0.0237880883971229,1.162253106384319,0.200724920600312,0.3340093960694617,0.3340093960694617
-34.53390454873443,0.0442768369428813,4934639087.498952,8.415468938648702e-06,40023446166.46313,1.2037903654389083e-05,207068983893.8415,1.0198304980993272e-05,5.002313566423854e-05,1.4141655667016892,0.1747448931448161,0.0214581546001136,0.5480991990972283,0.2114277464921632,0.206048951234798,0.2114277464921632
-69.1443839110434,0.0237296057632192,16266672343.729446,1.314405243098736e-05,9612162262.653276,6.233079125173389e-06,192029488217.0856,1.3820918161422014e-05,1.573334060174293e-06,0.3133115469317589,0.1048020402900874,0.0152591190654784,1.9866497189889925,0.1319657806844259,0.2265466917302167,0.2265466917302167
-78.26949199661613,0.0378730408754199,8859252358.723412,1.4614321298897269e-05,15099618825.485762,6.414565316401421e-06,207802799325.4364,1.0745030336081982e-05,7.252158087356495e-05,2.2718845583085026,0.162288368307054,0.0174691999042406,0.7003899238320992,0.166156982299961,0.3323228996700031,0.3323228996700031
-25.436348114162683,0.0187321453588083,7757367572.469811,7.828012213110924e-06,46056347688.77569,9.608606682159003e-06,192529803644.8657,1.3368559014052152e-05,2.3051275733396832e-06,0.1944177457252579,0.1173439895734191,0.0194073633840307,1.5425257326571291,0.1745519510101952,0.1439940573404458,0.1745519510101952
-45.84611017256975,0.0508802338689565,19377115457.45904,1.2604909509420397e-05,23956723559.115173,1.1198163607157766e-05,201415564455.09195,1.2377064440399408e-05,5.427993845924103e-06,0.5516444584893805,0.1383737355470657,0.0219398332629352,0.819464961588372,0.2036700036081046,0.2702372522205102,0.2702372522205102
-50.44950895011425,0.0310362299485132,3459644475.213544,9.829710684716702e-06,8320031928.330525,4.829690321348607e-06,196376680023.96823,1.1501539662480357e-05,1.7240987113517236e-05,0.8005916703641498,0.1817128896713257,0.0149361347146332,1.3328531254762237,0.1991329700309938,0.2636566370857951,0.2636566370857951
-52.974004186689854,0.0501431700820103,11437706712.059816,1.3633495151996614e-05,34334218982.530544,9.171821701340377e-06,194992365799.84427,1.226658670976758e-05,1.800998763880121e-05,0.6291180469089628,0.1873604102991521,0.0178614962063729,0.5082258455357046,0.2700862855481791,0.3307923178244744,0.3307923178244744
-43.22900362312794,0.0292004310060292,5897656377.243763,8.924073211848736e-06,11232618146.418367,6.539350916631519e-06,209719053022.56345,1.1643992066383362e-05,5.723744597371753e-06,1.1483227321334757,0.142467142548412,0.0189571075011044,1.806517354429464,0.1584216469689962,0.2061567855771328,0.2061567855771328
-26.19210129603744,0.0392453349893912,14970081679.804996,1.1647274829447273e-05,6237580665.752733,4.9510298194363714e-06,196101160105.31784,1.0601593233644965e-05,1.3485792930525563e-06,2.8836537643920552,0.1136433967389166,0.0231406623041257,0.8687430175470454,0.126172545535018,0.210328524304266,0.210328524304266
-77.60434741154313,0.0204119871743023,4543506979.0972185,1.0918205216526983e-05,17976837680.348946,1.0756009916774928e-05,201062573697.418,1.348000618442893e-05,4.279289605130519e-05,0.2505560262816685,0.1570290961302817,0.01367893305514,1.0453629650216614,0.2119221668778714,0.2566642374624548,0.2566642374624548
-71.78620925173163,0.0454979832144454,8429262519.371788,9.322933711111546e-06,27968112205.41992,1.0574404099024832e-05,199337114151.56723,1.0087834402918816e-05,2.0446600988565e-06,1.7355117014686712,0.1010754112154245,0.0125366532150655,0.7416517109329955,0.1225607464797104,0.1527874620115848,0.1527874620115848
-32.03412899747491,0.025258471397683,9621904676.202415,1.210973323881626e-05,7109067248.913596,7.380447491072118e-06,204063191916.7936,1.3963378671556712e-05,6.441745263943099e-05,0.4150169511390055,0.1694626364856958,0.0242375136055052,1.235035102091463,0.224974657834845,0.308240102318791,0.308240102318791
-37.387078292667866,0.0549894169298931,3886047018.6634674,7.332835674285889e-06,12934471410.217262,5.795221797190606e-06,190507022105.1573,1.278224692866206e-05,1.5374455248602944e-05,0.147369674501304,0.1998185785487294,0.0202580818468704,0.6406983931914774,0.3327166243715097,0.1899745694295006,0.3327166243715097
-58.7922116369009,0.0354530135169625,21753408730.35752,1.4107544593513012e-05,53905957598.29268,1.2163745508529244e-05,205467824451.6253,1.1158736787736417e-05,4.838994949758027e-06,4.886899371954334,0.1299237849190831,0.0165170770129188,1.4450817241711056,0.113857977866775,0.2950609098251177,0.2950609098251177
-64.45351539179683,0.0406007993314415,3268441799.8542423,1.2977002263069152e-05,10368834814.459238,1.1821118268184363e-05,197658410537.98795,1.0444031100720168e-05,2.943167469563362e-06,0.1633403564780258,0.1361459650099277,0.0172443904485553,1.3700575877203227,0.1521029553534114,0.2833147881337307,0.2833147881337307
-39.22534527257085,0.016147939399816,23851295048.39902,9.705572180449964e-06,43226419652.51557,4.18695128429681e-06,202619184274.22644,1.3567621789872646e-05,9.356296207255908e-05,2.124210420601506,0.1935964472591877,0.0199812691137194,0.7882738389918377,0.2379814644238987,0.2642710461516808,0.2642710461516808
-30.18076788634061,0.054311127718538,7208832128.777139,1.4990289844572545e-05,22635653132.6468,7.037528392858802e-06,191560563519.59705,1.2685806319117546e-05,1.2445406934671964e-05,0.7485582187849,0.1631855739280581,0.0225263351472094,1.6739537137449527,0.2062851382610095,0.3944381325112392,0.3944381325112392
-66.13914132118225,0.0277488872548565,10724840950.00598,7.700181022286415e-06,5758896312.055911,8.965876127593217e-06,206286688968.53925,1.1310343507677317e-05,3.952488272484164e-06,0.463461449120559,0.1073525233194232,0.0146987291527912,0.6522482743825431,0.1450497010392571,0.1271360312251245,0.1450497010392571
-75.76583500951529,0.0591545864101499,17868030158.464146,8.041437603533267e-06,8954250661.196327,1.26631246143952e-05,193311219885.9453,1.2140370585024357e-05,2.9141035722194928e-05,3.18563915425303,0.150751984398812,0.0135604180991649,1.8531125706826672,0.2169867024916097,0.2231696419125146,0.2231696419125146
-20.530127435922623,0.0339986816095188,4160001447.6099954,1.326622135937214e-05,25814135358.90371,5.592469125054777e-06,208272604867.816,1.17619170807302e-05,9.178365992216328e-06,0.1085645711742767,0.1199204596690833,0.0236208045762032,0.5941577143000428,0.1673791339377077,0.2210118553274467,0.2210118553274467
-48.87585921213031,0.0468506567180156,13426067356.418297,1.0050855100154876e-05,49745876059.01232,8.446688807569444e-06,197157143820.0772,1.099149077013135e-05,1.2270225477327343e-06,0.2705534070163669,0.1486892734654248,0.0212782746730372,1.12002709795982,0.1923622801823567,0.2352366019798898,0.2352366019798898
-54.82666211202741,0.0209916327847167,5311737391.085614,1.1264532439410687e-05,16289496089.217953,9.81358713004738e-06,201883878726.5122,1.3114043831825256e-05,3.858706957664668e-05,1.2784493607618403,0.1811382298357784,0.015902353127487,0.9725417922795152,0.2066276658206858,0.3025488856936068,0.3025488856936068
-55.36187658086419,0.0419236423121765,14694010948.910816,9.636321246623994e-06,6633994109.935496,1.2378506338223812e-05,204574778005.4808,1.3452856656163931e-05,1.1543977702250468e-05,0.3086230710250972,0.1398466344922781,0.020346692809835,1.649239301629886,0.2222626326273103,0.2314498761279297,0.2314498761279297
-48.42962255701423,0.0174708682950586,5813231192.146529,1.292323695868254e-05,18763098739.69523,5.879293233156204e-06,199457777217.0305,1.0574428863823415e-05,3.6323558976681728e-06,1.4363135146290509,0.1832308020442724,0.0167831318266689,0.6566825739061429,0.1253871296355997,0.3174203074352779,0.3174203074352779
-20.05454383790493,0.0528226718259975,18606984112.757687,7.646400667726994e-06,36783045194.20663,7.595184482634067e-06,205893576163.7985,1.1679007321596149e-05,2.729223225827604e-06,3.57899815338168,0.1606570327654481,0.0126256619477644,1.3645132771869992,0.2114325470780811,0.1917547714893032,0.2114325470780811
-76.15450073033571,0.0262605169415473,4332148444.785314,1.4920992925763131e-05,11809563990.671597,1.0658491058275105e-05,190698715914.0408,1.2301525134593248e-05,8.600903210103541e-05,0.1238409571494551,0.1157652968540787,0.0245047579994425,0.8022840176038751,0.1563426401072269,0.2710048658237519,0.2710048658237519
-66.5569943934679,0.057842212007381,6811104345.677018,1.3321815885603429e-05,13991100147.425243,1.0971818786114453e-05,208978120107.2037,1.1131549827754498e-05,1.0099939793361424e-06,0.838382507261181,0.1732020339928567,0.0232547617666423,1.136826854447481,0.2136180113005538,0.3705597501140257,0.3705597501140257
-29.617174305021763,0.0326862214598804,10132553213.02044,8.112765565514565e-06,59488706912.95191,5.034062067046762e-06,193860509861.26065,1.2755105208605527e-05,3.205801393207556e-05,0.5270380012010173,0.1033057204447686,0.0140210560578852,0.9659663380534588,0.1536380773620958,0.1297221280638281,0.1536380773620958
-38.86689418926835,0.0483492382010444,3037210498.5747223,1.1335906386375428e-05,30622152199.69897,6.755097659304738e-06,200240844413.6381,1.3998294506222009e-05,2.3993495264548487e-05,0.1857466615196832,0.1274116382934153,0.0179759898548945,1.8606261565591475,0.214267921283747,0.238129021496191,0.238129021496191
-64.95930915698409,0.0224901281856,22165150767.06248,1.0106464676558971e-05,7941083514.437874,9.25489005818963e-06,195045372918.24817,1.0122857466340066e-05,7.623210160211123e-06,2.3791125228237973,0.1958003834821284,0.0193004228929057,0.5837901275300467,0.1789069466199631,0.283609599022154,0.283609599022154
-59.37125697731972,0.051456273375079,3543591689.0818763,8.979821920394897e-06,20325594415.11983,9.738399824127554e-06,208080842997.8788,1.1275351200252771e-05,1.6342239947398576e-06,0.1316511351924407,0.1895232792012393,0.0209610214680433,0.8652365728620564,0.2724794640098644,0.2446883713635319,0.2724794640098644
-36.955375634133816,0.0305136200459674,19836885264.54535,1.3704729966819288e-05,5269350746.444568,8.22303496301174e-06,192885381039.23203,1.2650860205292702e-05,5.140701670155911e-05,4.299191069671785,0.1336886967532337,0.0157633342277258,1.0639311860692175,0.1449476783403338,0.279833830672513,0.279833830672513
-31.514485646039248,0.0377447371557354,8078252628.28833,1.0989424504339696e-05,9378681302.16385,5.517348639667034e-06,201763302795.58896,1.3594733230769636e-05,2.1830835511580097e-05,1.5267983932534634,0.109527846891433,0.01324276620429,0.5007170599976292,0.1766068243198498,0.1654542327157792,0.1766068243198498
-72.16011209413409,0.0189114754227921,9221007241.062515,1.1702978029847148e-05,39840860630.2695,1.243942996673286e-05,196645625792.44376,1.047124881669879e-05,6.873993581036871e-06,0.3707502877606597,0.1669798609800636,0.0234805978881195,1.8188181519427504,0.1210067028859674,0.3186398562004826,0.3186398562004826
-78.06626023724675,0.0441730380523949,15878050672.504889,1.204032764583826e-05,47229547970.69139,8.891743835061787e-06,203675058595.8361,1.3079074651002884e-05,1.6616977110552115e-05,2.529001030431304,0.1219874694943428,0.0222345674391835,0.6433029641199143,0.1988226602079048,0.2312505373102383,0.2312505373102383
-25.64327059313655,0.023933440321125,4819353706.9282,9.269262030720712e-06,15158973293.330675,6.812828386202454e-06,198480207882.8216,1.0956505794078112e-05,5.27584256255904e-06,0.2231375514061581,0.1544349059462547,0.0146357814446091,1.4198511479494211,0.1623192239213712,0.2070761613121712,0.2070761613121712
-42.82672166824341,0.056478515882045,12334752928.450329,1.4053918421268464e-05,8605088208.333832,4.112837867811322e-06,207418476846.0691,1.1789111729711297e-05,2.209284064663647e-06,0.5602743967972343,0.1769537439569831,0.0169522264720872,0.7527681022126866,0.2365270817523919,0.3383730056528268,0.3383730056528268
-53.465263955295086,0.0369420268898829,6359842714.946658,7.263445608317852e-06,24315829775.65026,1.1596407700330018e-05,192301409300.41672,1.2167489357292653e-05,7.02525434095844e-05,1.0070917930663572,0.1461237391456961,0.0199171304209157,1.2266978653693226,0.2079423009005064,0.1796931651422764,0.2079423009005064
-50.837142914533615,0.0543790451483801,20852599621.71059,1.1207923740148544e-05,10973546002.417284,7.255083195865154e-06,198988231550.90213,1.1932547848671676e-05,4.42473491719285e-05,0.4853032633820719,0.1471076958812773,0.0226300499914214,0.5563319388292394,0.2241527268600693,0.2312445670536735,0.2312445670536735
-45.36949839442968,0.0359412911441177,3723232118.703908,1.0482525788247583e-05,34137587350.312782,8.770294634625314e-06,203793101888.15,1.2056043170392514e-05,1.4046412462123331e-06,0.7151990637949962,0.1795101129449904,0.0141950594680383,1.9732615254718748,0.2021875063128265,0.2951581710833862,0.2951581710833862
-24.989083278924227,0.045589208076708,9377602445.256172,1.3197830982506277e-05,17370781711.352573,1.1471795639023184e-05,190230122692.88303,1.3189551457762718e-05,5.884997909018559e-06,2.0295649425966764,0.1522730677388608,0.0181625893712043,0.950853236191052,0.2120782916303308,0.303249269395326,0.303249269395326
-78.80367470905185,0.0250420624762773,8210914910.482141,8.484767898917198e-06,6149189054.577464,4.549457892775535e-06,205113391317.42715,1.08140543140471e-05,1.869521002569033e-05,0.1710366011202525,0.1213904260657727,0.0186631149630993,1.1419965085943244,0.1510158253079085,0.1602862805373818,0.1602862805373818
-69.64937837794423,0.0393614934990182,4738878442.360753,7.772415645420552e-06,7361318149.232647,8.097297983244061e-06,194641575701.5348,1.3738161243498323e-05,4.685278181050136e-06,1.2594144814363466,0.164837952144444,0.0205647330852225,0.8073484449589999,0.2814522073716917,0.196906947359913,0.2814522073716917
-34.174650590866804,0.0202205122355371,15621488221.675312,1.4542995139956476e-05,28351991507.49382,1.0176160860806702e-05,209445834793.1504,1.0359795477241278e-05,1.4744499517732948e-05,0.2747778314482861,0.1089598881080746,0.0162032503737136,1.341886529677755,0.0698213899638633,0.2154643212996916,0.2154643212996916
-36.184087097644806,0.0495573889603838,6050050434.924303,9.75833848118782e-06,55214448318.104576,1.2880611356347798e-05,195827388893.8129,1.1385820854455233e-05,6.258084900436117e-05,0.1102607249891063,0.1346525300294161,0.0120331843402236,0.6975410987797726,0.1922707254768736,0.1822181588292332,0.1922707254768736
-59.99156933277845,0.0297132989577949,11739625368.15709,1.2549297951161862e-05,13001637544.853935,5.39695462025702e-06,200710048060.8642,1.250840061903e-05,1.971899245452435e-06,3.1381786949207138,0.1920503694564104,0.0247353943809866,1.5699066036683504,0.1961169377001426,0.3752829427028537,0.3752829427028537
-61.84424201026559,0.0470435426663607,5175532750.88816,1.4425934940576555e-05,42978964352.05925,4.632452882826328e-06,193666167855.2628,1.3856086242944002e-05,4.075642688447664e-06,0.2623770022422038,0.1983221409842372,0.0220291992062702,1.2592603703337772,0.3052134212276307,0.4223064596092077,0.4223064596092077
-41.8309279344976,0.0208768956782296,13088447162.409994,7.139505408704281e-06,10129661197.714766,1.1131716413423418e-05,208548836559.05725,1.0233579337596894e-05,1.2941846560885153e-05,2.755009181332781,0.1283808080479502,0.0152029413124546,0.7251122299062434,0.1337063887334162,0.1412958166953165,0.1412958166953165
-28.51266197860241,0.0586458864435553,3986704794.5361447,1.2416341908276084e-05,5677274595.056487,9.411367332562803e-06,197427977863.6992,1.101985851675272e-05,9.680241953272534e-05,1.0970839475730851,0.1027308903634548,0.0175573730710893,1.5387754305652372,0.1244566530410349,0.2334842558693142,0.2334842558693142
-67.81088072806597,0.0345886203227564,17132709656.79132,9.14126305282116e-06,21872585615.639503,6.348145514726638e-06,202232170198.1128,1.2898298170417546e-05,3.077771496467317e-06,0.6588053540054766,0.1710669986903667,0.0196737754084169,0.5999097207932949,0.2643625659619228,0.2206232473024267,0.2643625659619228
-73.15659202635288,0.053821439417079,11010511314.468586,1.0615438885986806e-05,26168512036.266624,6.034697087481617e-06,198010383192.4498,1.153679095208645e-05,3.746384220667286e-05,4.813809817924475,0.115161379147321,0.0215730116581544,1.6942305956880903,0.1517398625984895,0.2295350299718658,0.2295350299718658
-23.13573691993952,0.0283578372979536,7397205547.461391,1.1824979171156883e-05,9271952197.424507,1.1972609374672172e-05,202893661353.73712,1.2412239853292703e-05,1.1786500142604976e-06,0.1496809498570618,0.1585020651109516,0.0156020028600469,0.5435175829400659,0.2144527430432965,0.2454834488216424,0.2454834488216424
-47.20778012648225,0.0408130399323999,24896221831.47541,8.601838558912278e-06,16374045395.86803,1.0255756955593823e-05,191833152174.94965,1.334115819260478e-05,8.861093722772853e-06,0.4215219342905432,0.1857818352989852,0.0130434480570256,1.0238682885894792,0.2880901304575611,0.2365903898598296,0.2880901304575611
-56.49843191727996,0.0160525572812184,3409780874.8260965,1.3830789886415004e-05,50953507444.59314,7.756223121657967e-06,206637955754.99536,1.0717613719403743e-05,2.7897440224744283e-05,1.709570897668626,0.1408359247259795,0.0241305748093873,0.8897647891902792,0.0819902432663032,0.2738150755599206,0.2738150755599206
-57.14568493887782,0.0521312444843351,7593077261.322502,1.2747110575437548e-05,7572952495.151765,6.524125575087964e-06,190379664488.1368,1.016434482112527e-05,1.4643203126650982e-06,0.2985283067572724,0.105711265373975,0.0148016262650489,1.087792055509866,0.1229637789714638,0.2227025820248314,0.2227025820248314
-46.67559744790197,0.0269698413228616,8666383703.99336,9.945283018052576e-06,32189070886.068565,9.51663675252348e-06,205575421787.7984,1.3792742505669594e-05,4.654405673153645e-05,1.160983306605405,0.1740435590036213,0.0224242159705609,0.8488905457796391,0.2534588671353436,0.261110592236605,0.261110592236605
-22.02876757830381,0.0426398317236453,3529238335.1757874,1.472213477641344e-05,56851520920.33279,1.1307711393572389e-05,199151199292.3916,1.2953850142657758e-05,1.9490541559898287e-05,3.269511482119339,0.195250307302922,0.0200813885210081,1.7806958087411615,0.2085424332367912,0.4482957865013703,0.4482957865013703
-74.1514664888382,0.0167753198230639,19758473202.850536,7.96242342889309e-06,14747219942.242704,4.73770738299936e-06,204268561881.03555,1.1081240247935056e-05,6.190791487844723e-06,0.1060182086327344,0.1253005820326507,0.0171434621112421,0.5129412315184776,0.1640330378275673,0.1368071781755384,0.1640330378275673
-68.33320673555136,0.0476399097964167,12593445367.717571,8.311612494289876e-06,12440118028.865433,7.93108466733247e-06,195994021128.8631,1.2469998747110368e-05,1.3891242219236193e-05,0.7637050272643349,0.1828043220564723,0.0160037642028182,1.4473732931781813,0.2655877716799837,0.243597760008452,0.2655877716799837
-27.87068799138069,0.0231815622327849,6494282426.530778,1.3005758568644526e-05,35173414369.37101,1.036214596312493e-05,201189167778.939,1.159647335484624e-05,4.374619085741202e-06,0.4533551917569109,0.1378561226651072,0.0211776477321982,0.6292161709892549,0.1438705167356238,0.2586648390999462,0.2586648390999462
-40.83355052396655,0.0585377645026892,16621566439.547289,1.028263321518898e-05,19711038893.692303,1.2147524530999362e-05,194787453003.2277,1.0650098081678152e-05,1.8577537213250925e-06,0.1805338514280637,0.1182425580918788,0.0237226145835593,1.197307120697052,0.1621043772430717,0.2102999534226512,0.2102999534226512
-62.96378510072827,0.0319700253428891,5044227074.685126,1.1026948235929012e-05,6330233282.275673,6.141032484360039e-06,209904205538.3325,1.3275627084076403e-05,5.843037628885744e-05,1.9175811855389129,0.1615733258426189,0.0134578053606674,0.7688503554662025,0.2262228288881967,0.2550431472929896,0.2550431472929896
-61.110433377325535,0.0384581438591703,18526858042.6833,1.3904095441102984e-05,25443781788.948963,4.374593212269246e-06,196972038988.024,1.2123069997876882e-05,1.1867911511190108e-05,0.1626368336547176,0.1553511934354901,0.0137774770502001,0.6722916135146002,0.212457673247518,0.2899204009933702,0.2899204009933702
-35.186473205685616,0.0182241196744143,4313898750.739286,8.663307093083859e-06,8163890613.70638,1.1365409799851477e-05,202088743839.41293,1.1997591920197013e-05,3.77120681087781e-06,4.438142702872905,0.1244647370651364,0.0230413341261446,1.6156867071016443,0.1301985690501181,0.1831005563523944,0.1831005563523944
-33.53196805343032,0.0507620499143376,13807950485.119017,1.1878627546131612e-05,15895875087.038113,8.595380500890314e-06,193184597194.1948,1.0756782919168473e-05,2.822521862042472e-06,1.7808903088777983,0.1441332329064607,0.0190616048211231,0.7865650195136653,0.1728960317660695,0.2538420968795365,0.2538420968795365
-70.17149740830064,0.0312311451975256,5462153023.460852,1.0680924341082574e-05,44930494368.43993,7.148746809922158e-06,208379772454.5001,1.313035835698247e-05,8.957634703456983e-05,0.4052575747808332,0.1765272576361894,0.0177578016659244,1.396112611001473,0.2406832280000986,0.2901223013217917,0.2901223013217917
-79.79829838499427,0.0571658676071092,3178616491.055656,9.093593187630176e-06,37924830278.76418,5.220977862365543e-06,191355241239.0709,1.0303754203021528e-05,1.3086317865111555e-06,2.9414855629323444,0.1315776460804045,0.0166204856298863,0.9858999438133432,0.166620750691192,0.1948718791048084,0.1948718791048084
-23.881449196487665,0.0362286268919706,23193336774.445843,1.234877084195614e-05,9828721158.38994,1.2775338667444885e-05,206472556143.99908,1.3676292013376952e-05,4.122290576195455e-05,0.2450770214711829,0.1889731966890394,0.0201538952458649,1.110381051289972,0.2745532037127198,0.3418215804162449,0.3418215804162449
-44.83709443360567,0.0434555169241502,6952165704.20481,7.064129441976547e-06,5002261047.003461,1.0000164757482707e-05,197550784591.5854,1.2578122172504664e-05,3.097343169340444e-05,0.6954651385732858,0.1678213804028928,0.0243373508667573,0.5706469233129634,0.2712160115827011,0.1716468654489069,0.2712160115827011
-51.483701691031456,0.0246276570763438,10344045129.977097,1.4370460234582424e-05,21255742142.911293,7.992044639773666e-06,202746570501.47653,1.1449653401970864e-05,9.750030777092004e-06,1.0366826034540269,0.1119333981536328,0.0124376249322667,1.897887429045772,0.0744302856391568,0.2420855266295376,0.2420855266295376
-52.59096059948206,0.0448964007385075,4103769671.296643,1.0158648312091828e-05,13604874515.174986,1.2614481882192196e-05,206044339258.2238,1.2715936530381442e-05,3.1847419006656605e-06,0.5009879873174581,0.1062613680958747,0.015358448841609,0.7085299210704552,0.1693917428890367,0.1703280735339974,0.1703280735339974
-43.58595468103886,0.0257610039180144,17632956810.81349,1.1398950569331647e-05,52383981638.993805,5.623546204529702e-06,191161966491.4906,1.1342349112033843e-05,1.0030789874113306e-05,0.8835306937558461,0.1637034639716148,0.021359609006904,1.2857599984574275,0.154817767296402,0.2833733396064687,0.2833733396064687
-26.991938706487417,0.0550911213923245,5370938957.686524,8.183629848062992e-06,29730504170.80957,8.398033334873615e-06,204736524447.7988,1.0412026919424534e-05,7.541149273636975e-05,2.218467099855776,0.1926981082186103,0.0238917813394218,0.6120645937307498,0.2435608721965699,0.2155541799201872,0.2435608721965699
-76.82968700304627,0.0352526051038876,13584850175.50022,1.338181968033314e-05,7003047087.422394,9.844650932587682e-06,199932017102.83755,1.3537493970245122e-05,2.3715175423972788e-06,0.1995005630260751,0.1368612369522452,0.0128252844698727,1.5044845445140862,0.1988434865873956,0.2882861382854675,0.2882861382854675
-71.39608642086387,0.0488384515419602,23587190798.860542,1.484415201097727e-05,5853406986.26606,1.1772540579549969e-05,200408696755.76688,1.0894604429602624e-05,3.59129894035667e-05,1.383244720994228,0.180229568015784,0.0150403197174891,0.5323360273266186,0.2168431770364844,0.3586889485981287,0.3586889485981287
-32.3981592990458,0.0304060995904728,3230819667.9590826,7.588484421372414e-06,18204155655.290897,4.217955541796982e-06,195525713935.4944,1.302306217327714e-05,1.1416685625926085e-06,0.3195942897229344,0.1493911708705127,0.0218364262441173,1.7340997720099522,0.2201586957484656,0.1764368897629189,0.2201586957484656
-38.179804272949696,0.0400501755159348,10873706206.552343,1.2873125553131104e-05,32406948795.1593,6.988946278579532e-06,209122777301.8181,1.223135082051158e-05,8.539450956685935e-06,0.1135003486751256,0.1188155022449791,0.0195063932649791,0.9100049712161264,0.176002528197261,0.2274328798221541,0.2274328798221541
-58.0246626585722,0.0195084426971152,7304594041.291997,9.567285232245922e-06,11475617932.979843,8.996876495890319e-06,194317659307.27124,1.1858801029622557e-05,2.7120137548482232e-05,3.895405495462981,0.1512591239996254,0.017369361044839,1.0034040993084663,0.1581678332796735,0.2236739927855748,0.2236739927855748
-63.613394778221846,0.0593606597324833,9734199784.264938,7.440143704414368e-06,48590933429.14578,1.0482357055880128e-05,201308585219.0852,1.0511056821793318e-05,5.310861092567641e-05,0.2120815597091298,0.1574881157837808,0.0163691201834008,1.9305015318043544,0.2066182723330024,0.2035265032710981,0.2066182723330024
-40.09155841544271,0.0338916555605828,8524517506.013737,1.4242461256682872e-05,17211725412.200634,7.490067965351043e-06,196503419540.8225,1.3383654735982418e-05,1.673199854486402e-06,2.664893010651876,0.1125864616595208,0.0207544066058471,0.5672471681439979,0.1643206214709652,0.2380192373086238,0.2380192373086238
-30.50155561417341,0.0463534457841888,21470511284.32288,9.465609706938268e-06,8860833082.578411,5.703178643248975e-06,207598051037.63937,1.2362939581274986e-05,7.101650462447817e-06,0.939194686299512,0.1431194053031504,0.0248996770828962,1.166861972124186,0.205520160844183,0.2172723477394515,0.2172723477394515
-65.79317659139633,0.0215875503513962,3832928585.2427626,1.2224830642342567e-05,27582468702.45972,1.2273370408453044e-05,192715096827.59644,1.1734530869871378e-05,2.2351888488073065e-05,0.6018370509833462,0.1865012840367853,0.0122244445811957,0.9284448632874196,0.1757084358723951,0.3348260358990935,0.3348260358990935
-74.91817738860846,0.0415100087178871,5976437540.586502,1.1500644184648991e-05,23040661381.06613,9.079839165322482e-06,206941786017.2689,1.2814816035330297e-05,5.199617327294406e-06,4.140808853862069,0.1305895205587148,0.0144355140449479,1.3160043917720574,0.1764804278373486,0.2511032187329672,0.2511032187329672
-21.403877586126328,0.0153377772867679,11595625015.48268,1.0806984260678292e-05,5428888563.037239,6.648899105377494e-06,192137230988.59192,1.118927600607276e-05,1.6524859035306694e-05,0.1363485008590107,0.1989698734134435,0.0228467008573934,0.8251250956066111,0.1986253114456798,0.2898760697886475,0.2898760697886475
-49.18907774612308,0.0531107807205989,4490881820.80582,1.3530109822750092e-05,10641532469.821075,4.8590605603531e-06,203214239887.8932,1.0057293761521578e-05,6.9233887641222e-05,0.3397499154607216,0.1699325049296021,0.0189051566477864,1.6078627393374931,0.1703964377775976,0.3404782034890788,0.3404782034890788
-54.48826657608152,0.0290479408856481,14805401172.804049,8.785308234393597e-06,41011427228.060165,1.0865570846013724e-05,198331895731.3896,1.3930807173252103e-05,2.1969208656544463e-06,1.661591768647416,0.1000323766842484,0.018377653516829,0.6827606266696621,0.1702557231847351,0.1426186766046911,0.1702557231847351
-54.27998164668679,0.0445239576185122,6079602971.833106,1.349324465543032e-05,11968094258.332644,8.055484599433838e-06,207723599281.162,1.332123090699315e-05,8.44345485276116e-06,3.3709112494166256,0.1137673427350819,0.0165398995447903,0.526866539508388,0.1827222989691052,0.2220399072230708,0.2220399072230708
-49.51546570286155,0.0235813151020556,11791210684.65829,8.19131438434124e-06,36560821030.31004,9.92352792713791e-06,192606563325.97137,1.0698724538087846e-05,2.68190070377949e-05,0.1028321678261224,0.1563191433437168,0.0202797083817422,1.752657988809338,0.1885152429833135,0.1939796909312052,0.1939796909312052
-21.078417226672173,0.056124761304818,4722896795.341561,1.1475986033678055e-05,18968894553.93211,1.2834396802820265e-05,201494754962.6231,1.1546893425285816e-05,3.56736759589414e-05,0.2895548147940492,0.1869007247500121,0.0242591463634744,0.9006449273217083,0.2518319251754625,0.3133978058612612,0.3133978058612612
-75.12736577540636,0.0372914885915815,15560229826.791613,1.0216408394277096e-05,6577936275.418531,5.139959274791181e-06,196299929879.60577,1.242533266171813e-05,1.1339026521527808e-06,1.196998642168856,0.1427314925007522,0.0125594695722684,1.0141537739607829,0.1938926651561899,0.2223165748620318,0.2223165748620318
-65.47504402697086,0.0511055213632062,9282995352.711414,9.55765137076378e-06,7873907187.130291,7.208894458599387e-06,203337879590.6901,1.1001943960785869e-05,7.764338841944819e-05,0.1751012436091599,0.1993573931977152,0.0136557319797575,0.7163772187288467,0.270733090545029,0.2552745869600285,0.270733090545029
-30.70341620594263,0.0308659129869192,8132541755.863409,1.275193115323782e-05,30958904436.016773,8.513256306760012e-06,198220232985.91376,1.2877392444759609e-05,2.4420513112383364e-06,1.9770160523799536,0.1301896868273616,0.0231194390598684,1.2712723230344904,0.1526450862673417,0.2693800086604755,0.2693800086604755
-39.8905941285193,0.038098318981938,21162250694.4842,7.536579914391041e-06,59128737614.83335,1.1429956438951191e-05,207131085004.6575,1.3868200492113829e-05,3.264689835344532e-06,0.7873699829145739,0.1012009553611278,0.0189358904799446,0.6188381239970039,0.1853371697198784,0.1215218805246513,0.1853371697198784
-58.28512772917748,0.0574912106338888,24696885255.065536,1.215022511035204e-05,39408064201.82578,6.186352512799203e-06,204940604194.99875,1.1405017089098693e-05,6.753851259141238e-05,1.8362512319806747,0.1625282930210232,0.015925559990108,1.3007217546050864,0.2010012016352086,0.3116128802948027,0.3116128802948027
-38.03744222968817,0.0330384258041158,3384131821.376984,9.409325942397115e-06,9458831694.548916,1.2053868548013269e-05,199745102301.24,1.2528512947261333e-05,2.143422392821728e-06,0.3930512483775777,0.1074238436296582,0.0212994920816272,0.8350846742682867,0.16121733170023,0.1654408176450703,0.1654408176450703
-32.541448939591646,0.0487029029242694,11012845924.349178,1.4132482022047044e-05,5199478507.239505,1.0403067001141606e-05,206153541523.96323,1.3724887266755104e-05,5.050146469137888e-06,0.1577393985009367,0.1364675063639879,0.0236420282078906,1.5891709498841111,0.2205759253242753,0.3150712260160793,0.3150712260160793
-71.13652480766177,0.0221407590201124,7402851670.713489,7.43491967767477e-06,20449621015.88591,7.833029760979115e-06,191035904455.93,1.034938970580697e-05,1.6047588732863303e-05,4.576072911377826,0.1930795241147279,0.0135836187871173,0.6910105471193417,0.201071504884338,0.2091305791506338,0.2091305791506338
-76.9803044386208,0.0422744734492152,4031263620.3318143,8.839635044336318e-06,24463512690.3778,4.779737246222793e-06,209323882777.24384,1.3210638351738454e-05,7.149283662636566e-06,0.6745053531236109,0.1490093612112105,0.0146759124081581,1.9492432026912645,0.222974184179185,0.2183048288308276,0.222974184179185
-26.72504929825664,0.0171184935467317,17314690840.25411,1.3594953559339048e-05,8491065425.43509,1.120856590103358e-05,194128990937.02435,1.0832272168248892e-05,2.25049965944625e-05,1.0688648776630636,0.1806229048408568,0.0225047027766704,0.561614924103382,0.1302673716449204,0.3318153176037317,0.3318153176037317
-43.85374039411545,0.0524691825360059,5104777854.969447,1.0818071492016316e-05,15288085147.71537,9.563048440031706e-06,200519652590.1556,1.1921163577586413e-05,5.371247582417109e-05,3.032822360629202,0.1500962554477155,0.0199596429662778,1.178178501972316,0.2005463831091786,0.2634290342702646,0.2634290342702646
-52.44127791374922,0.0266100620431825,12903289919.39064,1.1624291464686392e-05,46716923190.957214,6.4293618397787206e-06,195402626171.7081,1.2043743878602982e-05,1.6919851462460025e-06,0.237689172203634,0.1199902801774442,0.0172215675292536,0.9192354480978316,0.1503612911798707,0.2099469245737946,0.2099469245737946
-51.6846664249897,0.0541737282508984,3012896951.48846,7.912517942488194e-06,6082421148.251917,1.0807061322964729e-05,193388274013.9961,1.1810198608785868e-05,1.9043981183739827e-06,2.151653049456629,0.1240830227732658,0.0142565393848344,1.4648602909827393,0.1751225876131472,0.1746027149332593,0.1751225876131472
-44.51802667230368,0.0280070920754224,21998365251.413857,1.4652930513024333e-05,17518659305.676155,4.939529194496572e-06,208193107992.41064,1.2185707196593284e-05,5.9888962025762905e-05,0.2057016761610707,0.1557446256279945,0.0228677775682881,0.621902230187803,0.1914056567580792,0.3149005737946098,0.3149005737946098
-24.19958131387829,0.0404634092515334,6812558678.895842,9.929774641990662e-06,33685063427.34647,6.586008093319833e-06,197080080155.2832,1.3067690394818783e-05,1.430243376379692e-05,0.5165564546520742,0.1753644844517111,0.018722215719521,1.2117605320253515,0.2496794744345003,0.2576722965619323,0.2576722965619323
-79.59643824025989,0.0164061321504414,10140261896.957567,1.2627823166549206e-05,11040135293.65714,9.155926243402062e-06,201963385138.66068,1.094420651718974e-05,4.504749002862191e-06,0.8569276227321986,0.1453081062063574,0.0184011095818132,0.759920668608217,0.1110629427667919,0.278916156481853,0.278916156481853
-70.49695732071996,0.0466914240689948,18814979709.94376,1.1098109424114227e-05,13080903676.371325,1.2209373789839444e-05,197752555254.8468,1.3613929450511932e-05,1.936074760214281e-05,0.1170243469983146,0.1877979303710162,0.0163457636879757,1.0770035146152772,0.3204350642893009,0.3054552896403846,0.3204350642893009
-33.32278011366725,0.0212278113048523,4378152993.507347,1.0342300526797772e-05,54482007439.63537,5.780355234630406e-06,202556779179.72208,1.0491361130028964e-05,6.148707363325545e-06,3.777988973882568,0.1327400262467563,0.0209372479645535,0.8571222085518203,0.1158860207493546,0.2073953534357234,0.2073953534357234
-35.39475858211517,0.0589953416911885,14493150171.002695,1.311918280273676e-05,28594169592.8987,7.430470001883804e-06,191466409265.99503,1.1262077238410712e-05,1.4478655500375309e-06,1.3415404898627985,0.1115395721979439,0.0248786991667002,1.7630125834535093,0.1362247242136833,0.2758533487895586,0.2758533487895586
-60.78404497355223,0.0342348695173859,5730979357.992602,8.313452795147896e-06,7281321000.195472,1.0563932369463144e-05,206349103599.7868,1.2640454448759556e-05,4.602745458520979e-05,0.3295196111735343,0.1682027009315788,0.0124033204466104,0.5179215817195294,0.2577445994953597,0.1895142736991733,0.2577445994953597
-62.69599983468652,0.0390091148111969,12394973313.172218,1.0694010354578495e-05,22166735909.84025,8.955405437387525e-06,199277150463.31287,1.3980379965156317e-05,3.132547288878733e-05,0.9109675751369956,0.1744309834204614,0.0148573792735114,0.9964606519440758,0.2716405472767677,0.2799083795507138,0.2799083795507138
-40.98323276266456,0.0205713499942794,6387798134.394327,1.1996431067585944e-05,5642897705.615545,7.087549864314496e-06,204159778039.90244,1.0101951755583288e-05,9.85945260098264e-06,0.6205039802652994,0.1053113362751901,0.0218598818248137,1.0989613145765749,0.0788040804722171,0.2032396479413421,0.2032396479413421
-27.720070108771324,0.0499069378338754,15824463250.78135,8.711759150028229e-06,10241002618.18631,4.1720858281478285e-06,190566995330.1549,1.1143664062023164e-05,1.31740340805275e-06,0.2186612414975944,0.1264690653420984,0.0193274181205779,0.5767547338794279,0.1820659182591837,0.1521381795324581,0.1820659182591837
-68.60009659081697,0.0293598032137379,4800462150.868387,1.397084688395262e-05,42615163443.53763,1.1866745443083344e-05,205371228791.7733,1.2766182411462067e-05,4.1505095729876266e-05,2.584781551522452,0.1940689370967447,0.0173904382400214,1.8783851742424105,0.1757533020153808,0.4331054488648952,0.4331054488648952
-74.00817640125751,0.054731256281957,7996734257.807058,1.4254606008529665e-05,50522676429.75798,9.797690632753072e-06,194910427518.18896,1.1659080050885676e-05,2.7413721423052653e-06,0.3502787437515522,0.1390370991080999,0.0153374712159857,0.6647228256159392,0.1960517096421955,0.2879103396266729,0.2879103396266729
-22.288329638540745,0.0355902856634929,9133006356.608973,7.060812883079052e-06,16553549535.346996,8.493347023613751e-06,209793665744.36423,1.228263596817851e-05,8.69888223653681e-05,1.6115989019888368,0.18163544498384,0.0215384845817461,1.633564651890135,0.2387083260954976,0.2060686630983402,0.2387083260954976
-46.41513282433152,0.0452398319542408,3596203359.1642146,1.2276163853704927e-05,9215897630.730757,5.580967393703758e-06,196183107923.7163,1.3462959114462138e-05,1.1577243330376118e-05,4.016252775689245,0.1619728619232774,0.0238684245534241,0.7777011729216367,0.2487810796112173,0.2922796059317586,0.2922796059317586
-57.28804653510451,0.0253957314742729,20141194962.697792,9.03146542608738e-06,26519685237.37488,1.2714177126996215e-05,200987951438.874,1.058752165734768e-05,3.6793557493959415e-06,0.1405728802620917,0.1178547406569123,0.0130081261191517,1.411577130539319,0.1347759451337738,0.166599447193602,0.166599447193602
-56.29747835919261,0.0568162366747856,10786621935.934383,8.390168704092502e-06,14551801194.461191,1.1691163523122666e-05,197230840865.5226,1.0045911382883788e-05,6.077412756698894e-05,3.4711966064983684,0.1295434739440679,0.0222610991671681,0.8151787572633954,0.1649633057622209,0.1800425296972029,0.1800425296972029
-47.52683671191335,0.0365822020126506,7249603476.038706,1.3177225723862647e-05,57196777494.89953,4.066418267786502e-06,202426638100.29623,1.3918509833514691e-05,1.91524129275124e-06,0.1276907771459915,0.1971471603959799,0.0144624601658433,1.3285750677276345,0.304192701703033,0.3558182272827558,0.3558182272827558
-22.817579321563244,0.0438078058417886,23592144489.38068,1.039253854751587e-05,31839712210.950462,6.911982864141464e-06,193550022840.49988,1.2835904851555825e-05,4.571088783944835e-06,0.3182147956726281,0.1714482242241501,0.0169827244682237,0.704312522094697,0.2569423205657021,0.2401488003334933,0.2569423205657021
-73.3584776520729,0.0242769117699936,3233266080.4163537,1.1167020492255687e-05,7637457435.92892,8.849722957238554e-06,208667345494.03192,1.1207495722919704e-05,1.4383110264534558e-05,1.3930612434329643,0.1023369694128632,0.0197414297880604,1.5543199628566855,0.0964142797928812,0.2014389662113578,0.2014389662113578
-67.48540248721838,0.0388075988553464,5430958209.348235,1.2575766384601594e-05,6384335479.317616,1.253747561946511e-05,191634259223.938,1.2349663682281971e-05,5.951154493532724e-06,0.1915131158729044,0.1588955930434167,0.0211368208955973,0.5498647421180755,0.237226235848206,0.2807324549659835,0.2807324549659835
-28.721868246793747,0.0178703691205009,13729063276.450312,9.866605751216413e-06,19496926515.542004,5.476418348029256e-06,206829447001.2188,1.1724123235791922e-05,1.8908010610943584e-05,2.307408611483176,0.114779760595411,0.0157327374368906,1.997103234585624,0.0973497647238317,0.1779482363967567,0.1779482363967567
-41.62264658138156,0.0504099314007908,4047658718.750365,1.4581941463053228e-05,35388021928.279,8.316699126735328e-06,197897214833.647,1.0530251163989306e-05,4.454941323735737e-05,0.813108516122972,0.1420105115510523,0.0134161870526149,0.9398104831671366,0.1500109451553131,0.3003203909517845,0.3003203909517845
-62.170626390725374,0.0315820607403293,17383404750.935287,7.852641060948371e-06,12275153033.59686,9.693087976425885e-06,203013926241.54688,1.3403765112161636e-05,1.4140331085288723e-06,0.5434038184608616,0.184618775639683,0.0234539665905758,1.155781659387396,0.2858484352586681,0.231666057106745,0.2858484352586681
-60.25936577469111,0.0479894589213654,4512790966.607871,9.233680225908755e-06,45424567891.15309,9.33262458257377e-06,190112280137.8369,1.22434669919312e-05,8.801002282795063e-06,1.480916338057287,0.1783409501425922,0.0232852592784911,1.712979062084402,0.2410082321811168,0.2794568136628739,0.2794568136628739
-36.03439368307591,0.0228280662372708,14870427864.569786,1.2458721473813055e-05,15761397425.291798,6.6905602738261215e-06,205229020155.96628,1.1869880110025406e-05,2.771217801278769e-05,0.3822483748525993,0.1482883865945041,0.0138453559093177,0.5373982913403313,0.1642083989394367,0.2457231157500994,0.2457231157500994
-34.32524299249053,0.0581853857310488,5956246175.193174,7.235550343990326e-06,8273720572.857675,5.116178080439567e-06,198794356118.88766,1.087669176608324e-05,3.70474108688947e-05,0.1357350426876285,0.1210027036257088,0.0180025220671668,1.035208660998559,0.1751206872962187,0.1357601680662867,0.1751206872962187
-69.38251400366426,0.0323208631854504,11550130406.31836,1.4449000708758832e-05,25289835576.63332,1.0911662956699728e-05,203989496212.45264,1.3002158399671316e-05,1.1653836444367946e-06,4.169964206543924,0.1526726988144219,0.0191271011298522,0.8797384145932344,0.1850005033455335,0.3407993561974164,0.3407993561974164
-78.94694646820426,0.051781868613325,21253774553.1584,1.3794265866279605e-05,21127338833.57693,1.0739517558366058e-05,195706419479.1019,1.042212750017643e-05,9.922072658188784e-05,0.5776392598568182,0.108559863269329,0.0205201133675873,1.2463072156051551,0.125578141795239,0.270150426199809,0.270150426199809
-24.729539547115564,0.0273235100694,3796335633.700787,8.523097090423107e-06,5069413749.959736,7.53613425977528e-06,200823770742.8634,1.3550584826618432e-05,3.1551000342049947e-06,0.9767876266880794,0.1652252808213234,0.0167565008196979,0.7328810212191117,0.2442487595830459,0.1990601973923984,0.2442487595830459
-45.62996704131365,0.0429920427734032,9878688081.706009,1.1799964107573032e-05,9745662005.570831,5.9559210781008e-06,194449606426.0602,1.2696007322520018e-05,4.196800855717998e-06,2.4529198011855406,0.1908692857250571,0.0128014616658911,1.5229660966034384,0.2327481011329468,0.3379686188105826,0.3379686188105826
-50.6947772949934,0.0164243144262582,8655258355.133598,1.0509624496102333e-05,38340770732.64343,1.231505739316344e-05,209645355977.118,1.1323458068072797e-05,1.33247150059658e-05,0.2300516563488946,0.1358212998136878,0.0244741609180346,0.6063294375136284,0.15008598722353,0.2159651339863187,0.2159651339863187
-53.67354575544596,0.041156253889203,16702681945.43172,1.495406473428011e-05,7079823622.740212,7.656519696116447e-06,201644294373.69107,1.258822276815772e-05,2.4157397918910668e-05,2.0925175379307124,0.1332885765470564,0.0217042798111215,1.1240149118187404,0.1636914768179674,0.323777066096252,0.323777066096252
-42.50033684074879,0.0156872392399236,5066368801.095437,7.728533074259757e-06,29479139618.66689,1.0298327585682271e-05,196761962734.1628,1.1462744273245336e-05,7.674214788454907e-06,0.1658959740052868,0.1899105125106871,0.0155270701562985,0.9766666389220332,0.2224748540521341,0.2106208614723632,0.2224748540521341
-25.9687483869493,0.0534617003705352,12550917854.116762,1.2951704412698746e-05,53086925762.88388,1.187730493955314e-05,207886569406.8372,1.0283824980258943e-05,1.0213523687981597e-06,0.4707136254456161,0.1657986818812787,0.0131723346281796,1.8396806186462225,0.1608666091855818,0.3368827270967094,0.3368827270967094
-77.85705441609025,0.0286958155827596,6468785991.676546,9.738744042813778e-06,13522617047.69735,6.081666640937327e-06,193082020934.6712,1.3657400954514744e-05,3.24230598795915e-05,0.7373884786973375,0.110696521308273,0.0240596106015145,0.5902496800040918,0.1897348878602982,0.1707657109387185,0.1897348878602982
-72.47826924547553,0.0597142413072288,3493617397.137169,1.0018476694822313e-05,11406124515.346704,6.253931665793061e-06,207297714855.5219,1.0768899105489256e-05,2.662718341123002e-06,0.106943198131097,0.1532658385112881,0.0221002622088417,1.6668901739031965,0.2152883092973535,0.2494856870903955,0.2494856870903955
-31.31260046735406,0.0335420208564028,19569788990.9374,1.1289158903062344e-05,32842748878.4946,9.457228060811756e-06,192414771970.36148,1.3141437452286482e-05,8.390130932585976e-05,3.235432940100344,0.1231682555750012,0.0150739559466019,0.6499349501513818,0.175868678153665,0.2019762621697513,0.2019762621697513
-37.156329639256,0.046002693856135,7705795990.987352,8.012292094528675e-06,18050075292.998425,1.103312074020505e-05,203483759276.56888,1.210515731945634e-05,1.121074973929483e-05,1.298434838207731,0.1457361120730638,0.0176324053443968,1.3791309050488645,0.2026351750547534,0.1958519615855053,0.2026351750547534
-59.05219994485378,0.021939843208529,8799277806.9739,1.3303117856383323e-05,5917748827.524735,4.673931853845716e-06,198678601346.91,1.1976688131690026e-05,3.5280040371668787e-06,0.2665122934340398,0.1773534703999758,0.0195424076858907,0.7940326159096635,0.1874728087460625,0.3307454086777818,0.3307454086777818
-64.69884095713496,0.0491921165166422,6896470205.790997,1.1672088213264944e-05,27216592274.392315,5.315388292074203e-06,205697605032.47385,1.0636822167783976e-05,2.274950313545483e-06,1.1311835015482667,0.1836244253441691,0.0206936193658038,0.6369152400233496,0.2248474655365921,0.2956836980593347,0.2956836980593347
-39.00925936177373,0.0300567301735281,10266188771.730371,1.0885517820715904e-05,8914859721.397387,1.294021830521524e-05,190892475713.0444,1.3265219435095788e-05,7.233056178636692e-05,0.6389647118761511,0.1394651113077998,0.0161322864564135,1.4336365137578404,0.1816118290987887,0.2442176332823397,0.2442176332823397
-29.473902098834515,0.0396991740586236,3179275902.992719,1.3670204728841782e-05,17024671204.88358,1.0098976356908678e-05,204459031149.745,1.2489193104207516e-05,1.70320258893652e-05,0.2544771405807655,0.1169399790465831,0.0121644527837634,0.7453016265983867,0.1599010468070462,0.2292363388083312,0.2292363388083312
-66.8165385723114,0.0198606471251696,23210934867.82052,8.895236693322659e-06,49005961127.96759,8.161286689341068e-06,199576040580.8687,1.161658374592662e-05,5.408373685828754e-06,2.8406192198714977,0.1594940684735775,0.0246604613866657,1.2385936757739782,0.1684360267278651,0.2306318167426808,0.2306318167426808
-76.00390788167715,0.044542911699973,13962215997.04613,7.361489087343216e-06,41360534075.84576,4.473378995433449e-06,200041744038.46265,1.2942467749118805e-05,2.1588079438272848e-05,0.408816578262426,0.1044682909734547,0.0227050817804411,0.8756821938364419,0.1875420337338603,0.1309139972594475,0.1875420337338603
-20.321408659219745,0.0261105487681925,5520146289.003396,1.4071140192449097e-05,10525980259.264557,1.1534694831818342e-05,195237224176.5261,1.106894289329648e-05,6.7965931200161714e-06,1.7626490039610827,0.1720269580371677,0.0140636922297999,1.0515739400970376,0.1260783325560964,0.3286264984956387,0.3286264984956387
-48.16182656213641,0.0554419524455443,18273492980.070267,9.355804212391376e-06,5461835293.289449,8.689816746860742e-06,208864281792.1937,1.018543365225196e-05,1.6231344303138595e-06,4.963304077751952,0.1961815136484802,0.0182336528580635,0.5067662263011118,0.2430806850929008,0.2384189785517257,0.2430806850929008
-55.511569548398256,0.0349002304393798,4252852464.929687,1.208461467921734e-05,22735250078.16221,7.313583465293049e-06,193981902468.94955,1.3810962237417695e-05,5.106540751017114e-05,0.1451682343334713,0.1270176219753921,0.0185341291129589,1.7976772231967235,0.2024881533887206,0.2450929831029273,0.2450929831029273
-55.15305766835809,0.0505149158276617,16946335152.090452,1.0956861026585102e-05,55809421761.90852,4.749209349043667e-06,191280627325.1772,1.3629954058676958e-05,1.493057517602596e-05,4.364330752926104,0.192427677847445,0.0172894316902384,0.7503511679438211,0.3090606413612154,0.2914213989396596,0.3090606413612154
-48.66756668314338,0.0313794439053162,3943882791.0289855,1.1727667495608331e-05,14485994609.59635,1.1256658646278082e-05,206554493233.56152,1.0256454914808272e-05,4.699942209015847e-06,0.1296223470713121,0.13732704911381,0.0194276467347517,1.2202771459102182,0.148248312827976,0.2468976920310794,0.2468976920310794
-20.739322528243065,0.0382110191602259,13164122999.104294,8.950861483812332e-06,7388916920.152828,9.5325330151245e-06,197625408042.22223,1.1497950442135334e-05,1.994821143583458e-06,0.3650375851550508,0.1069651942700147,0.0217576858885586,0.6482194149065523,0.1526931831696397,0.1471878078824934,0.1526931831696397
-75.4403679445386,0.0183724063122645,5204735982.272271,1.3741563461720946e-05,31350232970.74176,6.4774675937369465e-06,202664623875.17096,1.2623443778604269e-05,6.28385055608919e-05,1.5499289505102642,0.1635855983942747,0.0149603841397911,1.4278019162713669,0.1257681563862696,0.3406002095006984,0.3406002095006984
-66.341008618474,0.0432302374765276,3317768554.942736,1.4017390102148057e-05,20164111428.9483,6.155897705815732e-06,196875454057.00803,1.1949340656399728e-05,1.3637409434011386e-06,0.2265217961267939,0.1195208282209932,0.012905630336143,0.5033495903190961,0.171309860508352,0.2283279472286226,0.2283279472286226
-29.86262861639261,0.0247979606268927,24220656623.18878,7.292222939431667e-06,6479806415.823066,1.2101897590793668e-05,202148708719.7602,1.207770261541009e-05,4.328013377388037e-05,2.4900651096899944,0.151139706466347,0.0239701362019404,1.8246738576589805,0.1807668968830789,0.1898749175038563,0.1898749175038563
-39.544420186430216,0.056940576089546,7563134671.669482,1.2015333004295826e-05,12588349782.192522,1.037261688802391e-05,193281191661.95392,1.31766810528934e-05,1.813299658423353e-05,0.9915886953683336,0.1799575394950807,0.0214379700440913,0.8604176041933793,0.2791450720403332,0.3176834204273531,0.3176834204273531
-64.25254350528121,0.036398939830251,11259232921.556084,9.302008613944054e-06,35528398035.78493,7.881062961183487e-06,208319798037.4098,1.0804097466170788e-05,5.762021586825956e-06,0.5687708062413892,0.149858436640352,0.0154387884847819,1.0558578400300562,0.1751419783556241,0.2155923175766227,0.2155923175766227
-58.64985719323158,0.0424695725133642,8292661981.934861,7.674876637756825e-06,15690083586.376944,7.0987239973619575e-06,196056427415.4604,1.1581415664404633e-05,1.2187001759885395e-06,1.4580676209514596,0.1436302018351853,0.0182973150359466,1.87231203508906,0.1852421024095827,0.190066024698058,0.190066024698058
-37.647535763680935,0.0170004717819392,9469652091.932606,1.488464389741421e-05,44322861995.617226,8.605852532200515e-06,201095024254.17303,1.2453918747603894e-05,3.833069274722443e-05,0.3038687489164052,0.1861858231015503,0.0188267944483086,0.5878537121319162,0.1749927157829425,0.3753923563767128,0.3753923563767128
-31.77457408979535,0.0519609732041135,3698013050.011426,9.66936919093132e-06,24901108111.13644,1.131978182028979e-05,194725037179.8873,1.3292643383145331e-05,2.8817022311525496e-05,0.1219329654032317,0.1574107150547206,0.0227683448325842,1.1316422552440195,0.2679779193960017,0.2318696542490796,0.2679779193960017
-71.92949218675494,0.0271950026694685,20714225647.609653,1.289806302636862e-05,8004455615.23339,4.389459473080933e-06,209998358599.8416,1.066419992223382e-05,9.075048271086317e-06,3.633211720287443,0.1132498691789806,0.0143551693409681,0.9622133627180632,0.0970508287509672,0.2283079488711209,0.2283079488711209
-77.33746470883489,0.0583894243044778,12052767248.140192,1.1360408931970598e-05,5145209239.567617,7.945387764833866e-06,190459160171.4492,1.3775710947811604e-05,1.275633057355176e-05,0.5350284637992985,0.1698565578088164,0.0123043813211843,1.3550760251541518,0.2784673318265075,0.3052541514289467,0.3052541514289467
-26.34271202608943,0.0322172894328832,6212389183.2418165,1.0074210189282897e-05,21850368244.627827,1.0016059913672504e-05,205498366467.6547,1.0150258239358663e-05,4.051807316205209e-06,0.8254796959793907,0.1006941860541701,0.0249784162761643,0.7972757851286859,0.111176396719762,0.169042354265605,0.169042354265605
-43.079328536987305,0.0474915789859369,15263017181.203114,1.3358836300671102e-05,38492950932.666016,1.272428695950657e-05,199071694072.336,1.1096343714743852e-05,3.030670075538688e-06,2.3424932978123305,0.1310987651348114,0.0208331519737839,1.6556694350045,0.1362198965346293,0.3085135203932212,0.3085135203932212
-53.24178230017424,0.0234288142528384,4629417978.4561205,8.083496138453484e-06,9994295885.306396,5.232478789053857e-06,204345626737.9224,1.2969884365797042e-05,9.633101260972302e-05,0.1885631336817545,0.1986559122800827,0.0164490507002919,0.6596883838513283,0.2961671990891042,0.2149768873094015,0.2961671990891042
-50.13043448328972,0.0464908318407833,9008101059.553305,1.2387380041182042e-05,29062508833.22699,9.890209476463495e-06,207023428659.8861,1.1234645251184702e-05,3.3449173039267666e-05,2.79673634529182,0.1945388509891927,0.0134790386538952,1.028207130791166,0.2174126693016774,0.3533437770861261,0.3533437770861261
-46.04708161205053,0.0213293535774573,7892808685.277878,9.178098931908609e-06,6841402341.74901,8.383236509747802e-06,192062913905.8292,1.2863069221377372e-05,1.0614030679873735e-06,0.2583351322639863,0.125426076259464,0.0237458241581916,0.8929319143614015,0.1800871879496311,0.1796106063155092,0.1800871879496311
-25.23448036983609,0.0594980578590184,20368980819.61674,1.4393373847007753e-05,13444668384.927088,5.673498977907002e-06,203132606782.0192,1.3883494578301906e-05,7.943965207034662e-06,0.6486553626731726,0.1059771158732473,0.021200863529928,1.6830850250191702,0.1689731997246109,0.2777220529133472,0.2777220529133472
-78.58763171359897,0.0336334493989124,3638147209.602194,7.164193443953991e-06,51860567330.550224,1.2604079890064894e-05,198406203277.4091,1.001097295805812e-05,2.524668745422943e-05,1.1137023849801135,0.1735823222436011,0.0160249913213774,0.5395759652105679,0.2065617032451771,0.1829251626788085,0.2065617032451771
-68.93518837168813,0.0532700214162468,6317683095.307955,8.576845347881318e-06,33012035669.49511,9.047997639514504e-06,201368253268.30148,1.3430952072143554e-05,3.423562173176034e-06,0.1519502540153179,0.1185069534927606,0.0171218518242239,1.5333153962918664,0.213093772877737,0.1755135116646011,0.213093772877737
-34.859372060745955,0.0288117489544674,12251114488.300394,1.3863534085452558e-05,11682546454.861254,6.977375916205346e-06,196407129056.7517,1.055739288404584e-05,1.0775412132020716e-05,4.739724063172843,0.1611136857420206,0.0200585806872695,0.5973757549349741,0.1433763803140951,0.3020426298102947,0.3020426298102947
-36.42208844423294,0.0416692400258034,4866624348.945966,1.0578908182680609e-05,5999199651.728951,4.2646824559196825e-06,207538392525.16623,1.1689207401126624e-05,8.09626256489248e-05,1.6832570154842708,0.182094413228333,0.0224014143599197,1.2684543572356035,0.2161496182163202,0.2902466196728739,0.2902466196728739
-59.782807640731335,0.0151015974255278,16036240440.169744,1.1853757932782174e-05,18691250321.27687,1.1756575384177264e-05,192811377774.92404,1.231464061886072e-05,2.5507433940107625e-06,0.4279134051186111,0.137980112619698,0.0147800098033621,0.7299130476538968,0.1395394029771195,0.2412414589812461,0.2412414589812461
-61.62081757560372,0.0553273549815639,4429967950.0081,1.3230884172022344e-05,8614661884.024027,1.2257406319491563e-05,200314847677.9461,1.3037150707095862e-05,5.589347825088231e-06,0.7260353886579041,0.1442030020058155,0.0124592425562441,0.6920138927889637,0.2254388389160267,0.2757436485770308,0.2757436485770308
-42.08359202370048,0.0350932342372834,19024531725.3237,8.459587767720223e-06,26831874646.117653,5.749904450960457e-06,195587823390.9607,1.0911637879908083e-05,1.775098212337287e-05,0.4778245147539273,0.1758714772760868,0.0243601513151079,1.5606349829045056,0.2017245545568444,0.2337522890676241,0.2337522890676241
-29.212046191096302,0.0451326249400153,5655537740.401988,1.1236393511295318e-05,47873763405.7626,7.478498642332851e-06,209216616842.8957,1.184276866912842e-05,7.433306320041415e-05,0.1684011630420477,0.1548358185216784,0.020176701917313,0.8096739324746148,0.2184335769703584,0.2454885874899282,0.2454885874899282
-67.08202797919512,0.0256016451213508,14297362013.755545,1.0446182005107404e-05,16926575701.24834,1.0533477160148322e-05,194255559388.54813,1.2216249275952578e-05,2.363040996794443e-06,2.0603119984807527,0.1247847748920321,0.016642097079195,1.3484855542834482,0.1403660050478292,0.2165747933124811,0.2165747933124811
-72.92591489851475,0.0403083281172439,22290066746.39809,9.795353651046753e-06,10781097875.144264,1.0855167747475206e-05,205967580769.21103,1.1358427248895168e-05,4.9466721490100544e-05,0.2789453217852114,0.1673045012168586,0.0177365757096558,0.95650098688093,0.2217403280503243,0.2513230366413788,0.2513230366413788
-23.39576814323664,0.0193711839616298,3054793677.806153,1.252003472298384e-05,41573626969.34309,4.909014440141618e-06,191241167727.85785,1.2730992298573256e-05,1.5556167857488572e-06,1.240024987119741,0.1122549834661185,0.0190383878611028,1.1511132371862671,0.1104342831857221,0.2163306391261998,0.2163306391261998
-47.89999747648835,0.0490966162132099,10023790880.21132,7.796924389898777e-06,23542796159.42852,6.634101240895688e-06,204813273400.0683,1.3523390177637338e-05,6.60618219404702e-06,3.0898702059703744,0.1316490118391812,0.0230181233892217,0.5536071915698139,0.2381489231279251,0.150798541454181,0.2381489231279251
-55.77708935365081,0.0302688314672559,6736965233.141103,1.4510735407471658e-05,5537024127.671772,9.125398748554288e-06,199852825403.2135,1.0395008727908136e-05,2.080705891152681e-05,0.1119328136941589,0.1883159612305462,0.0137562449192628,1.967591168976196,0.1743321097232067,0.3519787048271057,0.3519787048271057
-56.88558219000697,0.0375195436226204,3871041548.957541,1.1911430872976782e-05,37448089014.81548,1.0638201069086787e-05,203610506393.0153,1.0971561562269928e-05,1.084388467080759e-06,4.507606921518898,0.1515661927871406,0.0247649392383173,0.5728734190774434,0.1824428190746107,0.2661761132749538,0.2661761132749538
-46.90623166039586,0.0190816930588334,21681353329.70673,1.0655994072556496e-05,12030179825.193722,7.65502525307238e-06,198571614213.28784,1.3095152787864208e-05,3.448229244107972e-05,0.1602094224854238,0.1215113344602286,0.0120607529161497,1.9065800070884675,0.1554732030879706,0.191517537338539,0.191517537338539
-22.75018166750669,0.0512310677720233,8466812087.773951,1.3932815074920656e-05,6811307773.654089,5.854609014466404e-06,207483019512.1468,1.2150471165776253e-05,2.579206216492045e-05,0.3992097066480924,0.1473811690695584,0.0162308127265423,0.9790835594158604,0.1946356294832816,0.2984137073956515,0.2984137073956515
-73.45929205417633,0.0306838470697402,9669487443.621435,8.626713447272779e-06,19229160149.403645,1.2433952275663612e-05,192210012506.6936,1.1775007937103513e-05,8.188892891828661e-06,1.808760804715392,0.1790412520058453,0.0205942841172218,1.103452137138989,0.2227637951141813,0.2529941164600031,0.2529941164600031
-68.0806141719222,0.0562312960484996,15200625364.017635,7.100906193256378e-06,29915044644.97953,9.231234734877942e-06,207994318883.8661,1.2667893655598163e-05,1.0738693195145102e-05,0.2489091392215297,0.1349214978516102,0.018633947099559,0.7829800564195072,0.2336311285911801,0.14962824525267,0.2336311285911801
-28.094155341386795,0.0370904113445431,4611253839.638953,1.4341435424983505e-05,7762291852.623089,6.809514701366424e-06,192954816650.59924,1.1289439734071494e-05,3.3813447397024905e-06,2.897539333926922,0.1915861584246158,0.0181346190543845,1.3906923873544803,0.1641970594965595,0.3838721533813349,0.3838721533813349
-41.56233174726367,0.0439258276065811,11329216769.10034,9.118340350687503e-06,13852221146.512775,5.01480097323656e-06,201849817372.8585,1.0456147272139788e-05,2.5420959861778683e-06,1.0211963096511565,0.1641356809064746,0.014167082928121,0.6765156156704983,0.1954681280515637,0.2044232199751295,0.2044232199751295
-62.26435797289014,0.0240818127058446,5838509094.4074745,1.231627269089222e-05,58789855574.56493,1.1030630661174657e-05,196576199717.8197,1.3578700870275497e-05,7.996564508592636e-05,0.7063383841894939,0.1090762449428439,0.0226008883025497,1.626936831260413,0.1362073210860893,0.235450059408286,0.235450059408286
-60.425640381872654,0.0526744173746556,13437125170.060255,1.4692930676043036e-05,9507877704.149916,1.249824073538184e-05,209049997124.8209,1.280144127085805e-05,1.5458321463543295e-05,1.179147890686505,0.1028052423149347,0.0241597353359684,1.1906414699667296,0.1535820136249192,0.2817389064436336,0.2817389064436336
-35.90062029659748,0.026507695284672,5313183943.647254,7.999501541256904e-06,40364525516.21094,5.498088652268052e-06,193776427153.49792,1.1178847163915636e-05,4.911423572202806e-06,0.294074281753985,0.1704066339880228,0.0130714257592335,0.7630179490816474,0.2052690192335874,0.1858324243899239,0.2052690192335874
-33.74080127105117,0.0417753972485661,17734692315.464188,1.2714791715145112e-05,20730252269.738167,8.277450965717435e-06,200168976932.76404,1.00745585039258e-05,2.057729652614143e-06,0.1044362290613889,0.1978143872693181,0.0156299743391573,1.454987028508815,0.2110152722710493,0.3525499512555352,0.3525499512555352
-69.93353897705674,0.0177180345682427,4126942337.734997,9.969728820025922e-06,5383932431.968431,9.71474554017186e-06,195129446089.26773,1.3952971037477256e-05,6.531386670216439e-05,3.3206719762883665,0.128693220205605,0.0216021783594042,0.6312437423615255,0.1867915677745835,0.2009639948733149,0.2009639948733149
-79.12078669294715,0.0481788930762559,7107279973.804204,1.0257393956184388e-05,8370681824.467871,1.1651854744181037e-05,204663742929.69705,1.0622682049870493e-05,1.754540771820348e-06,0.4604414999896165,0.1852695300243795,0.0196442232141271,1.7943090330381326,0.2107593922347936,0.3219591322827759,0.3219591322827759
-24.5882005430758,0.0227153660589829,10578858957.00727,1.1059938482940198e-05,23638717904.17851,4.088152542710304e-06,199390783607.9597,1.3498225901275874e-05,5.529269839670513e-05,0.7522994425605755,0.1411529405973851,0.0175298118805512,0.5158147706425441,0.1958096086745671,0.2093657537942189,0.2093657537942189
-45.05306590348482,0.0576718548126518,3303357846.962294,8.27532783895731e-06,46449286534.25642,6.87267019599676e-06,205804620776.32547,1.2255204331129787e-05,2.346816701234745e-05,1.8889394791771008,0.1152403810061514,0.015175373898819,1.0843025468050715,0.1770344680635673,0.1595931267828888,0.1770344680635673
-51.23826168477535,0.0329114687209948,24119331460.893345,1.303429128229618e-05,14935377070.355633,8.871452806517481e-06,190765699986.3684,1.1631694726645946e-05,7.384359535959961e-06,0.1833560822022444,0.1578371950425207,0.021999653186649,0.8444497290669174,0.1961459236969938,0.3002583501863881,0.3002583501863881
-51.89159069210291,0.0588052130537107,5585420470.716648,9.4943240955472e-06,17781394616.453674,4.495109247043729e-06,198102086354.04703,1.23981532715261e-05,4.359132935213042e-06,2.706587833861187,0.1603942370042205,0.0192280115969479,1.599992329722015,0.2291589838617146,0.2506133315577562,0.2506133315577562
-44.31479312479496,0.0343523424770683,14117862319.377895,1.2188243195414544e-05,6290831362.523903,1.149538256600499e-05,202828814703.9712,1.1519759394228458e-05,1.3723908952605891e-05,0.208917336464901,0.1162234729155898,0.0179023957345634,0.6808005364711185,0.1521213452826823,0.2106887918632834,0.2106887918632834
-27.215348836034536,0.0472028598887845,4196893962.837341,7.472953230142593e-06,11083560412.69424,8.711551692336797e-06,191741439476.6092,1.073364794254303e-05,5.82808415472051e-05,0.5928566360124691,0.1405550301074981,0.0139474557628855,1.3238244572368454,0.172810914269599,0.1682055728617562,0.172810914269599
-76.57703721895814,0.020640629902482,18026527553.50228,1.4217525742948055e-05,34543378819.05608,7.274275356903671e-06,206702811941.5045,1.3356261659413577e-05,1.8335705420886945e-06,0.953891066077216,0.1831083625555038,0.0231823566937819,0.8317143615149033,0.1990940075502237,0.3888418170281629,0.3888418170281629
-70.70385476574302,0.040950340242125,10402551906.926828,1.355486223101616e-05,54233839996.4848,5.337045453488826e-06,193735897913.5752,1.021749933809042e-05,4.751072428845242e-05,0.1384797240527336,0.1281245899386704,0.0245767527837306,1.170226248204867,0.1489803217278514,0.2752898478783526,0.2752898478783526
-33.1195161677897,0.015794446254149,6992215219.583248,8.752803884446621e-06,12763194787.215843,1.290096974186599e-05,208462015613.9136,1.3841028552502392e-05,1.510570930466026e-06,4.078967354559005,0.1956733447499573,0.0126996477358043,0.9330132746515926,0.244688787368518,0.2554926046643661,0.2554926046643661
-38.410495705902576,0.0539587517967447,22943730207.26985,1.1537414737045764e-05,7169688867.474849,1.012064599059522e-05,197358238268.6436,1.2912400010973216e-05,6.325586892782235e-06,1.6367734485286165,0.1729345898143947,0.0168571114400401,1.9152095360560428,0.2310254262863964,0.3297978903613817,0.3297978903613817
-57.76461713016033,0.0280997168831527,3144080835.8617268,1.0777964696288109e-05,27664827234.74954,8.122051134705543e-06,202319000679.9996,1.1036874815821648e-05,2.008638170067692e-05,0.345061087323358,0.1037684033624827,0.0204186938172206,0.5638985606657049,0.1305679500021987,0.170507102996394,0.170507102996394
-63.36801199242473,0.0458474464248865,19302341477.53608,8.151312418282032e-06,5836261765.003508,6.372899772599339e-06,194557196162.64105,1.0314428094774483e-05,4.022839636484893e-05,0.8973593079124198,0.1100462765432894,0.0198451282512396,0.9166513903952276,0.1418953757369168,0.1506362969076197,0.1506362969076197
-40.30758710578084,0.0249047179939225,3448179736.041936,1.3406263098120687e-05,22499127223.65801,9.355851355940104e-06,209518006257.71283,1.3689909979701042e-05,1.2675839511352653e-06,0.4935105174435485,0.1666567624546587,0.0168782480210065,1.010050064032692,0.2031175957133258,0.3256725102102717,0.3256725102102717
-31.208249740302563,0.0546372955664992,8898739635.210258,1.012944182753563e-05,43700919517.10182,1.1152075838297604e-05,195911777969.44977,1.2555715166032315e-05,9.524174998779972e-06,0.1965232930197253,0.1894504494033754,0.0145617968188598,0.5304486058843702,0.295737863896241,0.2418783799682408,0.295737863896241
-65.11560767889023,0.0358039372740313,7795718184.016609,1.1436030112206936e-05,10281308804.083069,4.572542676702141e-06,200637867059.55865,1.1432143550366164e-05,2.997238699687349e-05,2.2531853351200177,0.134347531851381,0.0221625714926049,1.7267798759983408,0.141394486867157,0.2602676201200237,0.2602676201200237
-74.68016173690557,0.0497935366351157,5010646514.646853,1.2836839467287064e-05,16151535325.668163,7.775414176285266e-06,198920943494.88617,1.200874388217926e-05,3.791791515099478e-06,0.3245916210043769,0.1768854210153222,0.0235530017986893,0.6080396855793361,0.2606936174294219,0.31828705897634,0.31828705897634
-21.6126535832882,0.0295540140056982,16509195333.004051,9.595820330083371e-06,50292424694.67196,1.0197015119716523e-05,203882363643.4972,1.1886209893971682e-05,1.2045580786831184e-05,1.3625789794475616,0.1467779258266091,0.0133163676615804,1.493577824301907,0.1598431447751737,0.2183672805942004,0.2183672805942004
-49.903282057493925,0.0395976317860186,6558114786.990053,1.4818915136158468e-05,25657705127.72253,1.1996195262297987e-05,190297420285.6421,1.0859375920146703e-05,9.015393343233138e-05,3.837215083108963,0.1225012999027967,0.0158369295103475,0.7115344285050137,0.1288946246198548,0.2702895174028432,0.2702895174028432
-53.80353080108762,0.020061239353381,12718550131.116549,7.621473237872124e-06,9074627423.995504,5.980349481105804e-06,205024120025.3368,1.3237848497927188e-05,2.861959794922271e-06,0.115274880968182,0.1541163634508848,0.0210334316017106,1.2903402369816726,0.243675279946879,0.1713313984697764,0.243675279946879
-53.982449397444725,0.0394362950278446,21589126387.92696,1.2328631468117238e-05,14252293346.653774,9.377020858228204e-06,192652897257.35785,1.2946862861514093e-05,1.769532900042078e-06,0.2163686659637215,0.1818644698709249,0.0125076513169333,1.229507676371998,0.254555893283016,0.3265930406380402,0.3265930406380402
-49.84049249440432,0.0199493300914764,3854267575.9342265,9.103965982794762e-06,59396941776.93377,6.384680269286036e-06,207691837418.82443,1.1072360400110483e-05,5.619795568954165e-05,2.606872862983686,0.1384787704795599,0.0243688871758058,0.7387088535952382,0.1477518835138081,0.1941427087984352,0.1941427087984352
-21.44189605489373,0.0496308170305564,9707637544.605614,1.4327121824026107e-05,30821080932.63288,4.593739738687873e-06,196253567263.484,1.0173227291554214e-05,2.353233333886043e-05,0.9186385338861396,0.1175222421064973,0.0202235234975814,1.4383738910565211,0.1117115593586509,0.2630515463875957,0.2630515463875957
-74.73644962534308,0.0294407436903566,8500929791.937234,7.113326273858547e-06,7834127679.819101,1.1163845673203466e-05,201526545360.6844,1.3799731455743312e-05,7.480892486514004e-06,0.6139284000252668,0.1624155098572373,0.0166524196844548,0.6382629574371307,0.2772360206953621,0.1741847263362226,0.2772360206953621
-65.17015928402543,0.0546503131231293,4591114199.839691,8.643162041902542e-06,6612104517.639617,1.0220331596210595e-05,198247112557.292,1.0625592041760684e-05,1.5624980959234657e-05,3.921589237083654,0.1050643823109567,0.0176881793709471,1.8134093707959933,0.1304380313633443,0.1791283414850365,0.1791283414850365
-31.03573804721236,0.0358664037846028,15136487283.182531,1.3914473913609982e-05,19055839389.198143,7.789443034678697e-06,203286662176.2514,1.325301170349121e-05,4.9136955564909535e-06,0.1442586675240804,0.174959175940603,0.0190296644223853,0.5105962714735258,0.2660575374649769,0.3086089448786877,0.3086089448786877
-40.24671979248524,0.0458618491748347,5862214103.933793,1.0637591607868671e-05,36391503944.83556,6.0036556981503964e-06,191908741611.98737,1.2492611505091193e-05,2.086754985890619e-06,0.3595038634217229,0.1944323346950114,0.022971314182505,1.0495281846119524,0.2767396668987828,0.3011820164700307,0.3011820164700307
-63.54884210973978,0.0249685485754162,11373569313.28399,1.1927818700671196e-05,11905486222.52516,1.2010251814499494e-05,207182330954.81992,1.1620977725833656e-05,6.572525731086975e-05,1.5738099702390058,0.1260451094247401,0.0137459346875548,0.8726479730598307,0.1289187740784889,0.2329820443862389,0.2329820443862389
-57.9454811103642,0.0539003606513142,5335538110.8611145,1.3047140009701252e-05,46936502165.537285,1.1509420342743397e-05,199693884961.30704,1.0781106568872929e-05,1.0565893731600833e-05,0.5110533311022344,0.1323221738450229,0.0135147396558895,0.5913989555611544,0.1696708198316099,0.2447964432469808,0.2447964432469808
-38.34965152665973,0.0280797888664528,13494736358.411434,8.260466381907463e-06,15369208794.902594,4.518433166667819e-06,204967483840.8828,1.3152667369693517e-05,3.352756371045864e-06,0.8641926701336919,0.1881552244536578,0.0237672429820522,1.846070903086617,0.2499853453321942,0.2394115195045603,0.2499853453321942
-32.947042137384415,0.0408933346252888,4110459489.446194,1.1045138269662857e-05,8446946876.389388,7.288319772109389e-06,191087150480.5982,1.2100763130933048e-05,2.5092483254660264e-06,2.1701660789725143,0.1687369969673454,0.0212349774483591,0.9681904509377062,0.2145075525498741,0.2780208154425139,0.2780208154425139
-70.7584261521697,0.0157758819730952,17662379281.11424,1.0270303510129452e-05,24351200654.53637,8.73485153913498e-06,206126633342.3555,1.197326946258545e-05,7.974621649899563e-05,0.2035334021231358,0.1112865147180855,0.0160479967929422,1.1155813691775855,0.1282841372458316,0.176490576176616,0.176490576176616
-76.63330554962158,0.04732167692855,10624581146.2669,9.986666411161425e-06,20540091203.338203,1.291275835223496e-05,194097229149.19257,1.2584805469959977e-05,1.08382988322753e-06,1.310168267648937,0.1561933770775795,0.0170861384486779,0.7914157486101345,0.2387931761802525,0.2424722253865751,0.2424722253865751
-27.044553868472576,0.0207978886133059,7136936771.601505,1.2695962511003018e-05,5225631961.71402,5.358224812895059e-06,209370216783.1361,1.145834942907095e-05,3.411270089267854e-05,0.3381762531478337,0.1237444207072258,0.0200371494898572,1.376214092961248,0.1096002722601994,0.2392288717192739,0.2392288717192739
-44.25198020413518,0.058922647582367,24020255424.39617,7.980611510574818e-06,9410665955.828272,8.133816074579954e-06,195434416644.2752,1.029505603015423e-05,2.563197256287948e-05,0.1200849653920384,0.1447558810934424,0.0223672880195081,0.6547357978206906,0.2011801544911363,0.1642779258759688,0.2011801544911363
-52.070475202053785,0.0345082397991791,3290264313.464528,1.470980702340603e-05,39231232159.99344,1.0141832122579216e-05,200473290048.53964,1.3669607523828744e-05,8.075417061956774e-06,3.68917864687954,0.1755874058231711,0.0147569919098168,1.6817634394890504,0.1909252227383035,0.4032443533876758,0.4032443533876758
-51.30290554836392,0.0575695709092542,14178830028.992777,1.076560590416193e-05,7244243930.21474,5.484100764617323e-06,208161317594.3494,1.0434334248304369e-05,3.849619332087951e-06,0.1542885974125036,0.1808764391578734,0.0183457204792648,0.8874381786843817,0.2315257921487432,0.271596745492269,0.271596745492269
-44.876012336462736,0.0327597353607416,5608741128.056288,1.1551789119839668e-05,28465863551.8506,1.2474865853786464e-05,193434636630.1179,1.3561815936118364e-05,1.2107884417626951e-05,4.6678208228547495,0.1484755420126021,0.0188355269916355,1.0430321882731963,0.2025628492049707,0.271485477253535,0.271485477253535
-24.530101269483566,0.0480779702262952,17952451969.578808,8.767117440700532e-06,54723042221.4694,9.70078534632921e-06,201995147000.99823,1.2691612418740988e-05,9.102390685211166e-05,1.8732732296946968,0.1196334629319608,0.0228151635313406,0.5363527138768861,0.1974685401435567,0.1548265880765118,0.1974685401435567
-79.28975071758032,0.0225650155451148,4180260829.614274,1.3542442195117474e-05,13146701668.940737,8.254065824672579e-06,197033746223.8968,1.1320040591061116e-05,2.866517305102981e-06,0.3845021008439274,0.1505145846866071,0.0143654890647158,1.7070455291013704,0.1183298443334831,0.3054073921903052,0.3054073921903052
-70.10784417390823,0.0418502142420038,7021622929.22679,1.4201077103614809e-05,10982772797.531864,4.07631404325366e-06,202505533229.5597,1.2240048501640558e-05,4.038394360638217e-05,3.018817190169969,0.1072012083604931,0.0122559882514178,0.6018817373380354,0.1465717122910147,0.2233551805131987,0.2233551805131987
-33.68806105107069,0.0177434235624969,10447157753.270176,7.49129443615675e-06,33530417406.30804,1.1630726346746084e-05,197779463510.9604,1.186548598110676e-05,1.2827172676953235e-06,0.2393341465096971,0.1630808042362332,0.0249696961063891,1.509492716946914,0.2009630897517727,0.1951640601831993,0.2009630897517727
-35.717925149947405,0.0527478702971711,3131512417.346889,1.2206645645201207e-05,17601001683.245598,8.859603645280003e-06,206400321014.2255,1.0887921623885633e-05,9.594805289746058e-06,0.6790860064049066,0.1934184122830629,0.020786345697008,0.7353021504815846,0.2354038989777891,0.3265701970494614,0.3265701970494614
-60.484653394669294,0.0265316990856081,22850235126.95989,9.477936282753944e-06,6114696887.171921,6.851569358259438e-06,191439529694.6168,1.3014365684241056e-05,3.049750115539664e-05,1.0638119448029917,0.1360190410166979,0.0164387433985248,1.2489449785979945,0.1806025827873811,0.2036831529155843,0.2036831529155843
-62.32339434325695,0.0438962769135832,3433128496.9252667,7.608624495565892e-06,26396871439.74616,7.633907785639166e-06,204186686221.51016,1.235405760258436e-05,4.726873544336306e-05,0.2832390970343873,0.1297473249956965,0.0173251293748617,1.5491971214120803,0.1994609813689829,0.1669056635417474,0.1994609813689829
-41.37967068701983,0.0240138208447024,19220828449.6385,1.4833776608109474e-05,9167687604.415766,1.0626367464661596e-05,199225904438.64465,1.1727541457861662e-05,1.4879581220915726e-06,1.2212085506457524,0.1996901778504252,0.0194490622412413,0.7028237105299782,0.1750622768716228,0.401438274702719,0.401438274702719
-28.041434679180384,0.0562003816198557,7827373641.383624,9.610620498657228e-06,16639535893.219172,1.241284158080816e-05,205344349145.88928,1.0518043611198664e-05,6.315196446700249e-06,3.438711069551221,0.1693098448216915,0.0217917969254776,1.3383900701330722,0.1939944221367179,0.2687051579107707,0.2687051579107707
-68.2549568079412,0.0370210339548066,8933563600.7397,1.2823929958045484e-05,50754252821.953964,5.842751739546656e-06,190618212670.08783,1.3392535045742988e-05,1.9893356453361325e-05,0.1005762618164005,0.1009722165763378,0.0149833867298439,0.8224520981148415,0.171761960194939,0.1939859304939007,0.1939859304939007
-73.62821841612458,0.0513759786821901,16438977740.951042,1.141909247636795e-05,42425451109.71592,6.786146190017461e-06,209840028285.98026,1.0034680541604758e-05,4.307627978491768e-06,0.7836908859116172,0.1567435760982334,0.0128699202295392,1.1580310779291785,0.1680052762240141,0.2781577861394277,0.2781577861394277
-22.692062612622976,0.0307902953540906,4988926846.649153,1.0148271076381206e-05,10189265046.220695,9.217258984223009e-06,194878637045.6219,1.3906303294003007e-05,1.3670810969932453e-05,0.4426779622788722,0.1134044219739735,0.0239487082734704,0.9430754220483532,0.1820124316080112,0.1854783489049843,0.1854783489049843
-46.72914423048496,0.0376658159215003,12768762310.866505,1.3425153113901616e-05,5671940545.3289175,1.1007238076999783e-05,200941617432.9817,1.283932253718376e-05,5.727834129698028e-05,0.1763033689718819,0.1422037768177688,0.0214038466336205,1.979771565243512,0.1940818261292524,0.3119943647136574,0.3119943647136574
-56.95020291954279,0.0191895238542929,6584517941.161913,8.134436085820199e-06,22267284245.34897,5.000831861048936e-06,196214869711.5481,1.1211890894919634e-05,1.8201054027445429e-06,1.9679948067213744,0.1871481555514037,0.0154157735211774,0.5457385145367191,0.2098214076466632,0.2087560347451768,0.2098214076466632
-55.71427296847105,0.048940718891099,3959378730.1948056,9.28720674663782e-06,12218233039.237823,5.737514422275125e-06,202473058532.92343,1.1670310236513616e-05,1.2735378807337351e-05,0.2527424584480728,0.1722865958698093,0.0198475009584799,1.892586587172316,0.2334801079665598,0.2562669546299673,0.2562669546299673
-48.07888567447662,0.0301513969385996,17014898091.787989,1.2028241351246836e-05,35202439518.55333,1.22368294512853e-05,197199145238.84653,1.2294843640178442e-05,4.012869847285791e-06,2.8536352338091806,0.1039527823217213,0.0169202936282381,0.5818036452026394,0.1375037911901849,0.191136457285802,0.191136457285802
-23.45202563330531,0.0401510694064199,5182680527.720211,7.305069983005523e-06,19597991520.12143,1.052108089532703e-05,208620915599.16736,1.3459540773183107e-05,3.015234245576938e-06,1.1364960493166985,0.1266669082455337,0.0145657562706619,1.0951564677311718,0.2017558315893044,0.1489239131199492,0.2017558315893044
-72.75513054803014,0.0192523669218644,13106867452.767809,1.4002527467906476e-05,6413545101.324798,7.457944908179341e-06,193581728078.42493,1.0583127617836e-05,9.48889514748083e-05,0.6346884496932432,0.1966181534342468,0.0222030299194157,0.9945248680151624,0.1242312303559187,0.3662098086288706,0.3662098086288706
-66.90955026075244,0.0451511892210692,24319387096.331707,1.372267270088196e-05,7603555909.717357,4.8944793147966265e-06,206856259293.85425,1.3975984912365677e-05,1.1977372280054768e-06,4.8654534857123615,0.1392241654917597,0.0235506167178973,1.3990942737014245,0.2054265368778913,0.3219789326047179,0.3219789326047179
-29.26662104204297,0.0256586507381871,3330703558.0521474,8.96773760765791e-06,31679043383.62128,1.0832340103574097e-05,191582956649.36304,1.009853418916464e-05,3.804919984377841e-05,0.1484240527519735,0.1841708330437541,0.0132743096807971,0.7719981698090356,0.19302890887431,0.2249107062009563,0.2249107062009563
-42.26444538682699,0.0553472829982638,11209877621.709854,1.1744604386389256e-05,57491629929.27315,9.110887159593403e-06,202987104486.67407,1.1155870482325557e-05,2.8476540950385434e-05,0.4179332255302005,0.1598146460950374,0.0158329576365649,1.6370258183473367,0.1917466771733097,0.302856674932472,0.302856674932472
-61.55998423695564,0.0351516253827139,7531343854.130789,1.0938031569123268e-05,14617962914.585169,6.61126749496907e-06,197948527019.4709,1.277741313353181e-05,9.039935627861512e-06,1.7277020599537454,0.1164854101836681,0.0209929607529193,0.6669212137181405,0.1750897020875969,0.1977934446394913,0.1977934446394913
-59.721936639398336,0.0416054094443097,9431983836.861025,8.069184221327305e-06,38145940242.90789,8.360419393517076e-06,205177717506.8856,1.3617346808314324e-05,1.376900660627679e-06,0.4675376386725549,0.1227075831964612,0.019243092062883,0.758315562905303,0.2173529234171711,0.1554624586055669,0.2173529234171711
-34.913913048803806,0.0532075549056753,20801038840.41381,1.0086570620536804e-05,5091871243.199989,1.2581234543584284e-05,204040808323.77075,1.125084624812007e-05,1.840953642683488e-05,2.102221413561982,0.1778937745839357,0.0139641228765249,0.6274529494064824,0.2341844585450141,0.2456629359554414,0.2456629359554414
-68.7626875191927,0.0287987313978374,3713928459.17293,1.1346035771071912e-05,21233886322.45005,5.658982628025114e-06,198767534289.50903,1.2628247819840908e-05,5.7918254663879335e-06,0.164756057019517,0.1455012697726488,0.0232101322542876,1.4756845549837638,0.2028434675711407,0.2579815314909896,0.2579815314909896
-78.41687072068453,0.05961132817436,6186770590.424182,1.287966126203537e-05,25158223630.194347,6.956805552355944e-06,200792075041.68152,1.179799120500684e-05,1.504129683294634e-05,1.27277115048427,0.1903410487808287,0.0245616847397759,0.5197220642718743,0.2830047590029689,0.3297274504503082,0.3297274504503082
-25.290771946311,0.0337961690034717,12005187083.19938,9.685757271945478e-06,8235647964.818949,9.0356169315055e-06,195752839837.2233,1.2174477219581605e-05,4.782285488552623e-06,0.2724385245711139,0.132943966332823,0.0126702975137159,1.7664502361531051,0.1682718024408791,0.2005009263475524,0.2005009263475524
-46.22598936781287,0.046602741102688,4649501398.324814,1.4901093222200872e-05,15835272707.302675,1.17360162185505e-05,209677061140.5373,1.307208464294672e-05,2.0025340675134543e-06,0.109334873491693,0.1101749091409146,0.0168404566999524,0.8506933900240488,0.1795289050895213,0.2492592545690625,0.2492592545690625
-50.06765553727746,0.0214906903356313,15326458751.93365,7.65653569996357e-06,45665334949.336754,4.252273651771247e-06,194403176456.68985,1.0947625126689673e-05,6.358872440599475e-05,3.17184511016351,0.1660644232295453,0.0203909306302666,1.067659312823412,0.175175610109,0.1913352112878583,0.1913352112878583
-53.06470548734069,0.0473837481904774,7860248473.80745,1.1868559785187245e-05,5945486416.959032,8.628617613576353e-06,196730257496.23776,1.321405690163374e-05,4.8827545002373294e-05,0.1322753023488786,0.1654604092240333,0.0241621109247207,0.684899152830094,0.2795840178232758,0.2751122109929374,0.2795840178232758
-43.143938425928354,0.0232825419539585,8972544721.534435,1.056599985063076e-05,18145748898.754967,7.113304250873625e-06,201690724268.55563,1.0836666237562897e-05,1.5513478914919856e-06,4.270356545294118,0.108019845187664,0.0131134742479771,1.5775178998303792,0.0873132411752497,0.1840447351034782,0.1840447351034782
-26.51164207607508,0.0582829760201275,3653917352.078791,1.3850686997175217e-05,32671833205.49309,4.412218452431261e-06,193113716561.3473,1.1909933779388669e-05,6.499881125563618e-06,1.5163743258478193,0.1354949047788977,0.0156339371083304,0.8368542090449984,0.1816561350787085,0.2735753872541168,0.2735753872541168
-77.27934218943119,0.0320723785227164,20453697306.85538,8.591708026826382e-06,11353638686.518946,1.1334385610185562e-05,207840148974.21,1.2031536534428596e-05,2.063113776495886e-05,0.3724642686863042,0.1913302442058921,0.021642640103586,1.3050220786616404,0.2563963123360984,0.2664523318274094,0.2664523318274094
-71.8767823651433,0.05203035059385,12202338990.491438,7.1830841600894924e-06,13582523347.019049,1.0036682312376795e-05,192363459784.5376,1.13928104005754e-05,5.554655832270395e-06,2.431990148672788,0.1480231220833957,0.0196418352033942,0.926185002012796,0.2147237018725938,0.1751572902238319,0.2147237018725938
-31.948906108736992,0.0272259170981124,6291836530.284957,1.437649776786566e-05,53354653401.9617,7.957715365104376e-06,207324536610.3947,1.2517281778156755e-05,1.7504999437060046e-05,0.2325028673201916,0.1788630391471088,0.0174877509698271,1.1884935049190175,0.1957469302862041,0.3655212124094271,0.3655212124094271
-37.70657559856773,0.0425375643745064,16103423804.2701,9.16116202622652e-06,29329342381.603333,5.253124321810901e-06,198729903921.4849,1.372928223013878e-05,7.429478274636305e-05,0.583858304754394,0.1530177858658135,0.0151713987560942,0.5596709747446261,0.2580070261328654,0.186597306477509,0.2580070261328654
-58.46719244495034,0.0170300224749371,4887571666.7202015,1.2406209513545035e-05,7048113954.586869,1.273660832364112e-05,203456946983.93344,1.0352807123214008e-05,2.33771291414914e-06,0.9685778289808784,0.1205726441927254,0.0219591790689155,1.945455602382212,0.0626178846025014,0.2396325669943769,0.2396325669943769
-64.0698591992259,0.05691657228861,19102090931.48855,1.4525047309696676e-05,22852453407.135345,1.1268998785875737e-05,190919297542.423,1.101317486166954e-05,3.432922327295376e-06,0.3100497606204948,0.1143435976468026,0.0247800225857645,1.0176795491369537,0.1534768890777388,0.2886057452667663,0.2886057452667663
-39.60342258214951,0.0363254869077354,4447232346.846808,7.784503147006035e-06,5486668718.718604,4.769837179221213e-06,205646292921.1557,1.2889598924666645e-05,1.0916276627606052e-05,1.426507535760473,0.1592467836104333,0.0120901184417307,0.9024000649754554,0.2334870520451327,0.1773413778179316,0.2334870520451327
-30.03693727776408,0.0432048484822735,14234724931.927343,1.2507674247026444e-05,10479257887.23038,6.489779637195169e-06,199549228362.73907,1.3864782866090535e-05,8.165441987392818e-05,3.5549947148710745,0.1851347611285746,0.0162474831575527,1.73951057899756,0.2421266536539828,0.3544138936802453,0.3544138936802453
-66.28826471045613,0.024723143633455,5631745371.610532,9.809726856648922e-06,41151824923.52089,9.553172043524682e-06,204510333798.8257,1.024026132375002e-05,2.59250478438786e-06,0.1244280648836542,0.1417513505555689,0.0206220629950985,0.5222955812576693,0.1671571168171791,0.1953306547790236,0.1953306547790236
-75.38227928802371,0.038361369674094,3066804041.827985,1.0464583724737168e-05,49259994382.75777,1.2116482605226338e-05,195283654145.8964,1.3316837046295404e-05,3.3920986434710845e-05,0.8063202746925384,0.1976020153611898,0.0186188761256635,1.4844042796350476,0.2789651425733131,0.3362276220438531,0.3362276220438531
-20.908275712281466,0.0184733291622251,22380170620.82544,1.1220005474984646e-05,17102563932.9714,6.178674387745559e-06,200010038875.0434,1.069530625641346e-05,1.0680886349611976e-06,0.5492230091493839,0.1292231824249029,0.0181052659023553,0.6168000664939175,0.1156429776092929,0.2037959180620419,0.2037959180620419
-48.732214234769344,0.050666649187915,6708420234.728429,8.443138428032399e-06,8873522176.44827,7.895658771507442e-06,193935482110.82816,1.1559101037681105e-05,8.029609775082972e-06,0.1935426907113469,0.1017908478155732,0.0141504249190911,1.2826185518885296,0.1506090728577091,0.1457435236698917,0.1506090728577091
-54.976000636816025,0.0314817278087139,9980178642.18749,1.324922512471676e-05,27073864857.53769,1.0395365339703856e-05,208895977493.37555,1.2436562668532133e-05,2.5258369614829592e-05,2.2878507693934944,0.1716894561424851,0.0225731218466535,0.7216714765383672,0.2074161711561445,0.3360144006829835,0.3360144006829835
-55.45244924724102,0.0556032974179834,7221339998.709267,7.86939436942339e-06,35707193505.5991,1.2961404705420131e-05,206508158706.1286,1.200434885919094e-05,9.894979816931458e-05,0.1724454618580021,0.1117939296178519,0.0148788104709237,1.7324860913405713,0.1748893459103337,0.1601663792405058,0.1748893459103337
-48.344400115311146,0.0350121261226013,10742993428.318806,1.4563172563910484e-05,12644012210.786663,5.327151890844107e-06,191312389783.5612,1.1882792297750711e-05,3.114371440814532e-06,2.007433536599835,0.167630800884217,0.0218955952003598,0.5315710775367055,0.2012277938891437,0.3310330576396103,0.3310330576396103
-20.374041590839624,0.0447056177258491,3246976350.299588,9.847897619009018e-06,6450715300.784845,8.182466853410005e-06,202710987087.3392,1.0871582310646772e-05,4.161223468081784e-06,0.707489933388841,0.1888558839447796,0.0193504360141232,1.002640528326867,0.2188482727513989,0.2695436281787757,0.2695436281787757
-75.82948109135032,0.0262238272977992,23695562872.9277,1.2592580996453764e-05,20061481606.43528,1.0110763089731332e-05,197593617048.11453,1.3249079249799251e-05,1.3110025226965168e-05,0.4893555760857472,0.1314137880690395,0.017424564580433,0.9085428109022426,0.1743503318320269,0.2584564161724038,0.2584564161724038
-66.64769614115357,0.0396861432585865,13674004194.76998,1.1180051118135452e-05,31516664574.200283,1.1557994410395622e-05,202121829744.4284,1.0325658310204745e-05,8.67854348698922e-06,3.1229852452615607,0.1763016320765018,0.0153160523921251,1.287830099911735,0.168060647096066,0.3139863624724083,0.3139863624724083
-29.532108660787344,0.019798188493587,5409598733.028622,1.0377615354955196e-05,7423629244.973002,4.487424751743674e-06,196926670875.4003,1.3702117621898653e-05,2.7538614823246523e-05,0.1109974133997775,0.1438580103218555,0.0215027835797518,0.7090690276227767,0.2227776873616361,0.2019780074559517,0.2227776873616361
-39.18643452227116,0.049177721645683,17459076160.126812,1.3162241227924826e-05,14419456075.76189,7.336906580254435e-06,208346705697.47687,1.2552296794950962e-05,3.6652114158406606e-05,0.2765827491258134,0.1242627812549471,0.0238454190818592,1.5066485750769003,0.1789247580291781,0.277847960441711,0.277847960441711
-64.63430438190699,0.0299928863486275,4064945804.208973,8.403138563036918e-06,55519577666.30285,8.703856401145457e-06,193229946307.83795,1.1427749540656803e-05,1.1648390415169623e-06,1.253158028121644,0.1551011784002185,0.0129740122007206,0.6126350798290685,0.1982636126135502,0.1861826058780093,0.1982636126135502
-58.987700808793306,0.0460610767873004,14929589070.832315,1.0525891192257405e-05,10040129615.521536,1.0312382796779274e-05,201146240998.0595,1.0205291904509068e-05,6.029088689383665e-06,0.664267454296651,0.1613729421049356,0.0142652628235518,0.8244960929144393,0.1825628266794594,0.2509034116245668,0.2509034116245668
-37.33352435752749,0.021959784803912,4531409469.997908,1.1781684681773186e-05,38692808239.499176,7.67982618138194e-06,196029548365.6228,1.3829798605293036e-05,1.8960110492348223e-05,1.0853223625839623,0.1179910633713007,0.0229161739069968,1.3138916381358607,0.1477754961101634,0.2267557220709278,0.2267557220709278
-31.37084111571312,0.0597712605027481,11502100336.85965,8.504878908395767e-06,21736013609.52368,6.095693621784448e-06,209947113171.21985,1.2916794288903475e-05,4.5278168734846464e-05,2.7251277239730705,0.1376290174201131,0.018732525951229,0.6821261729812832,0.2285024161095904,0.1699704450349318,0.2285024161095904
-72.30945017188787,0.0335605769231915,5930631754.051892,1.3810593388974669e-05,5121393715.641339,1.1900622220709918e-05,194751944765.4485,1.1040293395519256e-05,1.4260973682151828e-06,0.2645227496739296,0.182530671544373,0.0184479187885299,1.605550186100215,0.1781020010000424,0.3805942878600136,0.3805942878600136
-77.68260449171066,0.0533428965741768,3811866909.2445865,1.4461543768644334e-05,8040782851.380312,9.468999236822127e-06,205530128851.53293,1.2401570599526167e-05,6.115393951938341e-05,1.701177965686813,0.1251847489736974,0.0163370278272777,0.5680638340818323,0.1908056366656886,0.2657507401267898,0.2657507401267898
-26.02134745568037,0.0285385489929467,21339066761.406567,7.221115671098232e-06,25029209588.82608,6.27512845955789e-06,190412825569.51047,1.152415420860052e-05,1.9421638756790025e-06,0.4242657878094479,0.1950848772190511,0.0208888392038643,1.932298356694768,0.230642965904349,0.2149957819374855,0.230642965904349
-42.68289061263204,0.0410388114815577,8618299095.444002,1.244422597438097e-05,44098838480.02022,4.685714228078723e-06,204313835669.3089,1.0722416982054712e-05,4.57346722661316e-06,0.1506721399263681,0.1739025183953345,0.0248683765614405,0.9299384405799614,0.2090073037888687,0.3079272312149145,0.3079272312149145
-53.61438779160381,0.0155313551612198,9837309385.86487,9.24616204202175e-06,15620272242.739794,1.1054289437830446e-05,199118057209.9984,1.3344055000692604e-05,1.453899888577087e-05,4.790784553314748,0.1055221655406057,0.012356498866342,1.167751370478697,0.1254164716100835,0.1558713861097953,0.1558713861097953
-50.51405446603894,0.0430943348910659,5087113939.464316,1.3286364533007146e-05,18596776886.33347,6.676589284092187e-06,192094704899.9369,1.0610475331544877e-05,2.138185406446845e-05,0.1225133875728231,0.1002576416358351,0.015946987918578,0.6300155309577143,0.1307845803383939,0.1948414482361752,0.1948414482361752
-45.69095594808459,0.0165760342078283,16769668059.14556,8.031061008572578e-06,5972506469.478769,9.309232803061603e-06,206977065447.7179,1.348699476197362e-05,6.785813212083007e-06,3.6086676211884168,0.1702073669061065,0.021335202188231,1.4499470110341055,0.2138121853324313,0.2175880558843361,0.2175880558843361
-24.90215852856636,0.0518827778846025,6441173067.256427,1.1307866990566254e-05,11735565492.913578,1.0897685864940286e-05,198374440819.02505,1.2259599324315787e-05,1.5987583397277324e-06,1.4480582482233209,0.1991715162992477,0.0236650431714952,0.7696962082695411,0.2768486158951146,0.3192285584982469,0.3192285584982469
-78.8925164565444,0.0274738687975332,12498339716.0013,1.0001662127673627e-05,33181860923.4872,5.0928098373115054e-06,203178941309.4521,1.163511211425066e-05,5.08028908702796e-05,0.3052759128882094,0.1308392226696014,0.013617742197588,1.199639758093928,0.1585895057468782,0.2010883496739573,0.2010883496739573
-69.3261045217514,0.0581105554942041,19647676151.7507,9.72571337223053e-06,51589149969.01517,7.524278862401842e-06,196458374410.86768,1.2804859790951014e-05,2.2582123877233627e-06,2.3945971035974387,0.1866402965970337,0.0146544969016686,0.8472393729477947,0.2925042526814829,0.2639587285578374,0.2925042526814829
-34.495893232524395,0.0322954820701852,3508029304.33553,1.2966627649962905e-05,13382436458.399712,1.0718406058847904e-05,201341345608.2344,1.118324126303196e-05,7.108550598373674e-05,0.184834953301892,0.1433095288462937,0.0224690050920471,1.086597331917373,0.162187593156475,0.2830228296118008,0.2830228296118008
-36.09706165269017,0.0479160138778388,8762717892.122852,7.74351755529642e-06,6872776491.751569,1.2303225129842756e-05,192760160956.53177,1.0063328735530378e-05,1.6966507292147908e-05,0.5245176589912947,0.1127033661119639,0.0199366403762251,0.5120310840124076,0.1485724795190247,0.1304730336223555,0.1485724795190247
-60.0803398899734,0.0228040491929277,7672638359.909881,1.4941094890236856e-05,29213400924.82753,5.9348033424466845e-06,207565271500.49805,1.3940763663500548e-05,5.344586997888471e-06,0.8439336463180473,0.157651565503329,0.0171874564923346,1.7784352647050918,0.1524493123069907,0.3616241521270899,0.3616241521270899
-61.99162028729916,0.0504394738795235,10224991369.425291,1.2068347968161108e-05,5511590551.9457855,4.045318234711885e-06,195560915805.3994,1.266349982470274e-05,2.667089084859436e-06,0.3667071579235358,0.1513744533993304,0.0165486197145655,1.1116040981541462,0.2232123550412955,0.2776018017025358,0.2776018017025358
-41.68535221368074,0.0316500661801546,6869371308.658745,9.374083653092385e-06,23420526031.136784,1.167931248433888e-05,200366093106.56787,1.1286021422594786e-05,8.471498520912698e-05,1.5393765908753505,0.1189804286696016,0.0203281014515087,0.9878194142707905,0.1427248515824276,0.1847244276284549,0.1847244276284549
-28.892541620880365,0.0388385268626734,23311962216.697536,1.4089358329772952e-05,41794329651.23032,8.828594828024505e-06,194282438438.3857,1.0468354854732752e-05,1.1268086681661662e-05,4.33509410205653,0.1495316601358354,0.0242694536652416,1.9002959845711689,0.1111655751170352,0.3202538075776871,0.3202538075776871
-67.42902686819434,0.0179397382959723,3192859067.2559195,7.345161609351635e-06,10831745593.778168,6.9001430235803126e-06,209165400099.00928,1.3589930906891824e-05,3.581606083065669e-06,0.1302319585311378,0.1804181165061891,0.0126062758490443,0.5716624088296923,0.2905150204777804,0.1765467866836531,0.2905150204777804
-73.30401355400681,0.0436629081750288,5498622535.175355,8.882693588733673e-06,16850582684.69286,5.453032402321696e-06,191194804590.1954,1.0982792492955924e-05,2.458008545999876e-05,1.013821297235017,0.1370614031329751,0.0136469994364306,1.6128177322408497,0.1641099076698753,0.202537563697415,0.202537563697415
-22.99017494544387,0.0241704556066542,13905764294.47631,1.368463944643736e-05,47630095932.845024,1.2523517303168772e-05,205999371837.8246,1.310735923796892e-05,7.730958918667121e-06,0.5575612224102781,0.192949385382235,0.0230710336165502,0.6714390525477416,0.2260656755043116,0.3716295997766314,0.3716295997766314
-47.58778817951679,0.0566699564969167,4270875371.468599,1.0900013305246831e-05,26966903406.637367,9.66971282660961e-06,199899160005.15225,1.214705350995064e-05,1.033560386912554e-06,0.2220288322439802,0.1639303039759397,0.0189255707561969,1.393398867000158,0.238801358235947,0.2828339986952848,0.2828339986952848
-56.116735972464085,0.0364743844605982,18353661500.285866,1.1659606412053108e-05,8652753131.258234,8.302712580189109e-06,204781511016.1901,1.1770612735301256e-05,3.2548831537355e-05,2.545615233227552,0.1065347533673048,0.0177914702575653,0.7857001033731933,0.1375788543340556,0.1992458242342606,0.1992458242342606
-57.47058968991041,0.0453957160329446,11841019075.80186,1.4762572385370733e-05,58519470185.08374,7.07514293771237e-06,198525194376.7071,1.1347197093069551e-05,7.185847347276639e-06,0.200499754127319,0.1463596919551492,0.0207229695878922,1.3438166744782518,0.1773399505173414,0.3351394212345503,0.3351394212345503
-46.35598570108414,0.0255131738819181,6106351874.775096,7.552906230092049e-06,13780100748.58722,8.934845467098056e-06,203642201423.64505,1.2718784596771002e-05,2.2846925232181643e-05,2.204020694637593,0.1772423336282372,0.0161473545003682,0.8081009531475221,0.2442876212792981,0.1986306760372461,0.2442876212792981
-22.11387602612376,0.0548885228717699,15499816091.669296,1.2768196165561676e-05,7803417000.057317,1.1854366076178846e-05,192256441805.5117,1.3526808608323336e-05,5.380063482082568e-05,0.8776790229062835,0.1546502780169248,0.0121922159707173,1.5724341791926617,0.2196801685730576,0.31438003942722,0.31438003942722
-74.06077893450856,0.0357090894598513,4703718364.629242,9.539370767772198e-06,30055333109.00197,4.151515196077525e-06,207451314870.2681,1.0399402678012848e-05,1.7083942871891636e-06,0.503433322153849,0.1222478609532117,0.0246771161267533,0.6980718477573304,0.1526993049000081,0.1827799743341192,0.1827799743341192
-68.65832639858127,0.0498883817670866,8168076032.217953,1.020191216468811e-05,19143080535.592865,8.478828796185552e-06,192928003761.91736,1.3041545789688824e-05,6.834577796691777e-05,3.863086742523407,0.1671051324345171,0.0226757191363722,1.9717598813251604,0.2360808331814199,0.2977034511191186,0.2977034511191186
-27.55126165226102,0.0293027840182185,9322490565.621214,1.1488467626273632e-05,6776680318.804425,9.77484609093517e-06,208045622054.48743,1.0915055416524412e-05,2.151737177582959e-06,0.114735497117364,0.1097072930075228,0.0140486117638647,0.5554380550845902,0.1352131655143504,0.1707116000989111,0.1707116000989111
-40.9187301620841,0.0389891732158139,3765121255.383202,8.203856743872165e-06,12090821641.198069,1.2699648640118535e-05,196603022068.7389,1.1830562338232994e-05,5.138509380926648e-06,0.3231131923810982,0.1337949252687394,0.0182058772975578,1.1409337967636388,0.1875776157962515,0.1795869697199979,0.1875776157962515
-62.87319824099541,0.020512967063114,21079363757.78168,1.3478809729218484e-05,37614076074.75804,5.5581505456939335e-06,201798504590.98816,1.220501846447587e-05,1.6166248745984498e-05,1.371921958317097,0.1896729893051087,0.0185174619993194,0.9494869053116344,0.1670931635692358,0.3705003990741015,0.3705003990741015
-60.961209293454885,0.0590591855160892,3370113548.17614,1.1605585016310216e-05,14860046896.700825,4.9166946439072485e-06,193827730398.62512,1.342753480374813e-05,7.647735797071666e-05,0.6047380130628007,0.1959019881673157,0.0217463377919048,0.5443919411091394,0.3347266084336815,0.2958512369206948,0.3347266084336815
-35.33023262396455,0.0342492643883451,24590281793.19204,1.083488728106022e-05,46242999181.44466,1.0792551611550153e-05,209023184310.64487,1.0552998010069131e-05,2.4294968790473542e-06,0.9330309815377784,0.1275658798404038,0.0155294552370905,1.6955219354419773,0.1183141762536293,0.2288677953185417,0.2288677953185417
-33.153934217989445,0.0467538827005773,7432183765.539202,1.3611708521842956e-05,23746140327.35316,9.133098331280053e-06,195078133381.9032,1.1700438421219588e-05,3.2335035640316166e-06,2.647700391090792,0.1034355233423411,0.0132128054769709,0.8910457976600945,0.1284410734088246,0.2234882862472397,0.2234882862472397
-70.55516757071018,0.0212408421048894,11058460007.214075,8.820867352187635e-06,8413853814.090201,6.571474309079348e-06,200195799358.18912,1.2326847217977048e-05,1.026483306370781e-05,0.2131308686745319,0.1733768562786281,0.0240635824752971,1.0248212437378676,0.2343364743784838,0.2305401592229713,0.2343364743784838
-79.64906055480242,0.0403501307219266,17240474517.478004,7.419935882091522e-06,5355711043.887398,5.759802305139601e-06,199422478713.0952,1.12468527443707e-05,8.410975751983294e-06,1.6480903464251313,0.1159761374816298,0.0220582166016101,0.7244384248325434,0.1701867684518325,0.1403601010015318,0.1701867684518325
-24.02516536414624,0.0162434261245653,4014443125.791343,1.41454521343112e-05,20634078629.69137,1.2196975647471845e-05,204617323167.6221,1.2874299108982088e-05,2.650269862886517e-05,0.3434698935784327,0.1609220480546355,0.0150715832393616,1.2574491976409503,0.1368495221580734,0.3284078789546606,0.3284078789546606
-44.458902683109045,0.0540618325676769,12956289266.069927,9.42235729843378e-06,40549108831.51801,1.0543355769477782e-05,190733995418.9956,1.3879100359976293e-05,3.5411211775350766e-05,0.1378239165059556,0.1834713786840439,0.017591946917586,0.599452405560682,0.3310849394538709,0.2275572988947511,0.3310849394538709
-51.86724344268441,0.0278457471029832,5125180292.158947,1.2135302141308786e-05,9557186587.063566,7.418078632093965e-06,205851050149.6493,1.0007554318755864e-05,1.1143841745840915e-06,4.1067025035861295,0.1401306927204132,0.0195384482340887,1.5363050255667874,0.0949471704004681,0.2637793560749021,0.2637793560749021
-52.50223284587264,0.0525770000880584,21904106414.924725,8.331672616302967e-06,27791333665.92661,1.2076616731472313e-05,202860519345.84976,1.3772292487323284e-05,2.786216098130238e-06,0.1053223319471703,0.1407101972959935,0.0233146124305203,0.964252351433128,0.2661660444756303,0.1835508022177902,0.2661660444756303
-43.67299431934953,0.0267563422210514,3000324087.073257,1.3102856501936914e-05,7206871049.568175,6.200949664227664e-06,198055657055.2289,1.0145864080637696e-05,8.773100713207777e-05,3.285273912271566,0.1856019332073629,0.0138604268832132,1.1353836900888583,0.1204362810154382,0.3217564662802386,0.3217564662802386
-26.67059604078532,0.0423809296125546,10181948331.81225,1.0326035469770432e-05,12696291873.270262,7.855805638246238e-06,206671116910.87485,1.110757354274392e-05,1.17288530678912e-05,1.1667284092479986,0.1583954283036291,0.018030288523063,0.5826545972108466,0.1993664098724369,0.2223225753176263,0.2223225753176263
-77.15288944542408,0.0172633912134915,6839769373.202661,1.1116390071809292e-05,53982229018.91542,1.0417653893120586e-05,191787859313.19,1.2982091680169106e-05,3.689494529982699e-06,0.2966020267025139,0.1150112607516348,0.0191437591388821,1.8585826377507864,0.1356318020019602,0.2122870664571075,0.2122870664571075
-71.30720186978579,0.048633533748798,4360032560.63128,1.264231935143471e-05,34700352861.942955,1.1229205197654663e-05,208513328395.7839,1.159362244233489e-05,3.134176822043391e-05,1.9385790631585609,0.1708306852728128,0.0204907478420063,0.6574050148352435,0.2284900929788594,0.3144534079487041,0.3144534079487041
-32.48506985604763,0.0221098310127854,18733717989.648525,9.917293094098567e-06,11140723209.675272,4.79204794857651e-06,193709075562.6559,1.2465149827301502e-05,9.966313696240436e-06,0.1790667511459688,0.1024419400840997,0.0167414174722507,1.652452435384595,0.1338576336000406,0.1572250229564412,0.1572250229564412
-37.8584467433393,0.0574232051940634,5753695769.470423,1.4640388138592246e-05,6259101517.002885,6.449990474618971e-06,202267697509.3782,1.328824844956398e-05,1.3256364377079205e-06,0.4496207113092584,0.128165123052895,0.0127736827880144,0.8033032315490874,0.1998017834022682,0.2731152594988335,0.2731152594988335
-58.34782252088189,0.033008883325383,14553171961.767817,7.926952883601188e-06,17702423643.941963,9.57538670208305e-06,197385051157.3255,1.0660782475024465e-05,4.2088539057747097e-05,0.7719698307007671,0.1980614366009831,0.0244574904870241,1.366939674616918,0.2204809342550395,0.2541876366617264,0.2541876366617264
-63.99513375014067,0.0381223360262811,6415705695.83241,9.050171859562397e-06,9120370110.594893,9.935850632376967e-06,209491183832.2877,1.1938109785318375e-05,1.919662423819477e-05,0.4026190089819545,0.1918393112719059,0.0223031600778922,1.4170912832698763,0.254248318579383,0.2784785100938571,0.2784785100938571
-39.711564779281616,0.0186352855106815,12447727551.40293,1.2259348079562189e-05,25771429666.04903,8.07612986396998e-06,194608508870.0056,1.206549610570073e-05,6.049637598674334e-06,1.7898084097603797,0.1343872971832752,0.0144648481765761,0.6425955706636429,0.1313742339972093,0.2343992120289368,0.2343992120289368
-30.64701734110713,0.0511309024784713,4781120632.810923,7.0440578758716585e-06,50067285756.131454,5.152288752608001e-06,200664679873.7347,1.318009876832366e-05,1.4439122729634122e-06,4.459801520698833,0.1087190462276339,0.0170231985859572,1.2245196369603115,0.1799388769517493,0.1309953905530818,0.1799388769517493
-65.64568342640996,0.030940743223764,15762538791.956257,1.4273373745381834e-05,16069422507.138935,1.2855018396861848e-05,195860474724.32257,1.0808492608368395e-05,4.543328819890147e-05,0.1615598448781728,0.1645536286756396,0.0197454049307852,0.7518134740142765,0.178803361395155,0.3339957751875297,0.3339957751875297
-75.29998822137713,0.0559744025766849,9171562788.657022,1.3985830634832384e-05,10335779012.658918,8.527858755551277e-06,203835934270.1733,1.3634347949177028e-05,1.8840783898689583e-06,1.0479630048889563,0.121288317721337,0.0210947724068537,1.0652813966975352,0.2008420944826844,0.290955844224424,0.290955844224424
-21.02398352697492,0.037190579320304,8031946534.22553,8.698789082467557e-06,43905854041.5561,7.231653706170618e-06,198952648062.25897,1.0259873166680335e-05,5.986096722793245e-05,0.6896956768333203,0.152118322532624,0.0157303618481382,0.8667762861558346,0.1665859340529064,0.1911295146615792,0.1911295146615792
-49.33475371450186,0.044372237836942,20062985151.940125,1.198339969664812e-05,22395647721.780376,4.311446317471564e-06,205070539787.41168,1.1485742919147016e-05,1.4103428833581908e-05,0.2430711130001871,0.1793797587044537,0.0133757253084331,1.820821527519056,0.2123215922384428,0.3209796678933306,0.3209796678933306
-54.34095993638039,0.0234790229843929,3581605563.1498537,1.0708933338522911e-05,5805875286.414708,1.1452722324989737e-05,190265725180.5067,1.2612213682383298e-05,4.476534888245147e-06,2.9738699105324176,0.1469323222525418,0.0234500038214027,0.5016919145514369,0.195447626908311,0.2325251418568624,0.2325251418568624
-54.660032615065575,0.0529933462757617,8701275495.267767,1.1008546471595763e-05,19892139672.97101,7.513392220251261e-06,200869138706.4755,1.212816383689642e-05,1.2873649974254898e-06,0.8512973714601466,0.1355685601010918,0.0220315872412174,0.6508707625563518,0.2077377650421407,0.2224063495886812,0.2224063495886812
-49.13378406316042,0.0288920434797182,7623053736.498483,1.0299021296203136e-05,6521526042.82946,1.0496395302005113e-05,195673333425.07483,1.175068597123027e-05,4.08792242291996e-05,0.5190501576548309,0.1906707206740975,0.0152450021505355,1.6684419340343437,0.2033862992547299,0.3028956320382546,0.3028956320382546
-21.22585305944085,0.0413911914266645,19672824522.03012,1.3022207893431187e-05,12567749032.016735,1.2296670992858709e-05,209600007012.48645,1.099588567391038e-05,3.057790878833874e-05,0.2067178545416856,0.1649534504860639,0.0175613481895998,0.7953098263044082,0.1935050191561538,0.3002939391498922,0.3002939391498922
-74.98184671625495,0.0151805188274011,3514227910.3704715,8.293271556496621e-06,36186882650.85252,5.7172236619517205e-06,194482673332.09515,1.3117461308836936e-05,9.722038036134942e-06,2.1377872959263184,0.1083315145224332,0.0197142495987936,1.380181883891428,0.1389344039773564,0.1499490400038372,0.1499490400038372
-65.85488075390458,0.046410451484844,6519697402.040473,7.948111511766911e-06,56265967348.86368,6.67007799539715e-06,205271871760.48755,1.044744959101081e-05,1.186070423672711e-05,0.3331251316074151,0.1525062234140932,0.0215706359967589,0.975922305825804,0.1973712720025638,0.189875379127664,0.1973712720025638
-30.32154804095626,0.021606114548631,12644581578.339891,1.4734556034207348e-05,14332078740.832417,9.09162744041532e-06,190076677724.71906,1.3572015918791294e-05,3.731490506610471e-06,1.3306497489667004,0.1208888650871813,0.0155599543955177,1.1222105346389173,0.1197765875491614,0.2710999604275796,0.2710999604275796
-40.03795810043812,0.0594190506264567,5022925105.659143,9.957643449306488e-06,7505189881.441394,1.0886756374500691e-05,203946663606.9119,1.2674576461315156e-05,2.8052367306285856e-06,3.746843546825096,0.1481012827716767,0.0130394853604957,0.5897011127118782,0.233753039158347,0.2037245426639239,0.233753039158347
-63.78684345632792,0.0339115838287398,16549014924.582235,1.2732737414538862e-05,31249734441.4636,4.870824762620031e-06,198829939384.01343,1.1298136223107577e-05,8.831760583437433e-05,0.1182915531726999,0.1781988657079637,0.0240901130409911,1.837034286396841,0.214985661944855,0.3416359004480971,0.3416359004480971
-58.19814519956708,0.0400357726821675,4296319526.347048,1.435156947374344e-05,5152593569.81749,5.635327036492526e-06,206796286068.85672,1.0083440482616426e-05,1.4007786177281384e-05,2.567969190038712,0.1844271433539688,0.0226451208926737,1.053266790224963,0.155774649446503,0.3568299768784808,0.3568299768784808
-38.12622709199786,0.0194446121994405,18452798065.131844,7.0810055658221245e-06,21447578955.72547,1.2635651853866874e-05,191679552309.21503,1.395996044948697e-05,4.446807086831403e-06,0.2197547856351623,0.1418730539269745,0.0142244126442819,0.8763483656122544,0.2277312684015137,0.1504482961840007,0.2277312684015137
-32.218189388513565,0.0488254342367872,5485574840.049738,1.2365707732737064e-05,39023124438.08483,9.856421505101024e-06,203047068174.92844,1.2794454481452704e-05,1.8631358958668064e-06,0.6235373963548488,0.1146179120056331,0.0181792474528774,1.8002632199366573,0.1571636032827281,0.2507943315669316,0.2507943315669316
-71.4578103646636,0.0303436328284442,13866023011.646423,9.074763730168342e-06,9930972110.657175,8.419231000356374e-06,197851940896.3621,1.1169966854155065e-05,5.918719578465379e-05,0.904927548233306,0.1587772260420024,0.0186908813947811,0.5072386666562906,0.2039682701646778,0.2039998053987951,0.2039998053987951
-76.8933367729187,0.0552538409130647,23101415830.36532,1.0666122473776342e-05,15450888418.359837,4.231983930803835e-06,202391110714.525,1.227781755104661e-05,1.4799839634403252e-06,0.1421036836858744,0.1020605122670531,0.0205496497619897,1.4323022097138285,0.1708714407788546,0.1936716662575017,0.1936716662575017
-26.81387674063444,0.0353658755030483,3165554897.934448,1.189153589308262e-05,44474890357.67191,1.1795856720767914e-05,197273767497.3905,1.1656198605895042e-05,4.657479141194847e-05,3.9829012428877673,0.1712244039401412,0.0161738847754895,0.6359999015866075,0.2005590574102864,0.2821492883425714,0.2821492883425714
-43.53063764050603,0.0450577377481386,10387234838.391624,8.676154136657715e-06,24697773239.795525,9.0109324445948e-06,208702853880.82263,1.0598175548017026e-05,1.9767288678859167e-05,1.598418639699295,0.1968989491462707,0.0120165138849988,1.237651347420764,0.2197143411421973,0.2577798968959426,0.2577798968959426
-52.76269255205989,0.025872912928462,6982188163.604287,1.3889232806861402e-05,8089689926.596701,7.012251758016645e-06,193507115356.6241,1.3475611012429e-05,6.22860887507432e-06,0.3541328174134919,0.1293402820825576,0.0247076155757531,0.7441042204463675,0.1778854923635544,0.2735246034561961,0.2735246034561961
-51.540849674493074,0.0433092447090893,17563064152.831818,9.585686951875687e-06,33383547075.28729,1.1353576933033765e-05,195204463638.36526,1.0740635223686696e-05,5.173610977995906e-06,1.2029836843509036,0.1271845473907888,0.0209634066214784,1.9935572872656184,0.1406008295729768,0.2232013066733037,0.2232013066733037
-44.66719342395663,0.0245198261970654,4086912630.178837,1.2856737516820432e-05,11580115318.592796,4.35347634833306e-06,200086789019.40585,1.336514150723815e-05,1.627441299844567e-05,0.2876716857831212,0.1962958022020757,0.0158053921842947,0.5491675321877446,0.2623078892061372,0.3249023492770717,0.3249023492770717
-23.815968483686447,0.0570209564454853,13641536805.414982,7.572035081684589e-06,6023404770.298238,7.136889870278537e-06,194014682155.10248,1.2389270801097154e-05,6.911439617300429e-05,0.1021504335033642,0.1722144641913473,0.0132467380054295,1.1535348647532575,0.2702355814632676,0.1822342448875187,0.2702355814632676
-79.97452940791845,0.0361221788590774,5394152083.428248,1.4862492963671685e-05,18395018221.34528,8.57427027542144e-06,208819217812.27,1.151277044415474e-05,2.1762390429557445e-06,3.3873867188477065,0.1046107777394354,0.0235210687611252,0.9387769110684792,0.1178891939022542,0.2675779420624669,0.2675779420624669
-70.35329848527908,0.0507929644268006,3217645879.8930936,1.3396131582558157e-05,28895635219.90035,1.276136231329292e-05,190857196431.607,1.2936906050890684e-05,5.248963950251276e-05,0.4360651491994903,0.1597471628338098,0.0222321947077289,1.3300387088742986,0.2332791198469385,0.3564432959097227,0.3564432959097227
-33.472075276076794,0.031300522503443,23492985583.26323,8.17120860517025e-06,6931411661.324835,5.1976086134091015e-06,205740131270.1404,1.105949019640684e-05,1.666528594625423e-06,0.7959435892523424,0.1171388987451791,0.0145937359100207,0.8167659565276246,0.1435853837657283,0.1426168362128251,0.1435853837657283
-35.011159498244524,0.0384876943007111,7335912571.809029,1.1386590093374252e-05,13204798147.70825,7.978075058199463e-06,199611339010.29825,1.0194886580109596e-05,6.978420807789647e-06,1.99876735690459,0.1397372486069798,0.0169482670444995,1.556292297611338,0.1233978724126784,0.2572080309459476,0.2572080309459476
-61.16217939183116,0.0182921117870137,10919454650.391836,1.0173021517693998e-05,51903219080.82081,9.976771838031707e-06,204416485913.09787,1.3816524181514978e-05,2.2190569647084107e-05,0.1736693908328382,0.1838530810549855,0.0198766719214618,0.7055657316051639,0.2735315392087694,0.2661305688595072,0.2735315392087694
-63.01555447280407,0.0584643114963546,8557890660.138769,8.804198950529098e-06,10739961672.931324,9.493262608535588e-06,192459739539.77228,1.2531391516327858e-05,3.6463733454110834e-05,4.598169199378413,0.1776301391422748,0.0203617608295753,0.7314553543991278,0.2822184267675283,0.230919087072014,0.2822184267675283
-40.65827090293169,0.0319460216257721,9773720968.120878,1.3513233743608e-05,42253333080.3158,6.510138290934264e-06,207264876905.8287,1.1409834537655115e-05,1.1473468654050593e-06,0.1567028848875677,0.1459601439535618,0.0168124821214005,1.2449382274206993,0.1647405518410508,0.2882337371265425,0.2882337371265425
-27.81081477180124,0.0475650930544361,3816755483.144472,1.0790047354996204e-05,23278480942.401943,4.714322577230632e-06,198633614629.50708,1.0336734961718322e-05,8.621060374196176e-06,0.3905180130102362,0.1234167261049151,0.0126423167120665,0.605253666050648,0.1483185691542746,0.1816080960252073,0.1816080960252073
-68.5150452516973,0.0231561729870736,21376740567.576347,1.1519473657011986e-05,5585657051.674502,1.1293751669116316e-05,203516616225.2426,1.3714232437312603e-05,2.7168455089516847e-05,1.845324317017529,0.1534692896530032,0.0245325211137533,1.52103303179796,0.1859516726654279,0.2960381054203557,0.2960381054203557
-74.32765984907746,0.0427407544897869,11642351444.001078,1.223963249474764e-05,8768947147.241924,1.0341016962192952e-05,196804566234.35025,1.0852692622691394e-05,3.1975475040132093e-06,0.2357593351243451,0.1108886512927711,0.0232396813733503,0.5380809219628873,0.1546600850697287,0.2084855148783429,0.2084855148783429
-21.96326708421111,0.0169256704207509,6000016568.378028,9.45270137488842e-06,26804107861.01506,7.919245430268346e-06,201609092354.77448,1.3229152470827103e-05,1.0149251837543084e-05,3.066009083408097,0.1659366372041404,0.013991693389602,1.7160247785606415,0.1720871237327129,0.2327039841076893,0.2327039841076893
-46.50566257536411,0.0522335286391899,14741245336.710678,1.4229614168405534e-05,48152740956.715485,6.119931177236139e-06,193039398286.49164,1.2017442055046558e-05,7.59583924463966e-05,1.0804400597388808,0.1900729064829647,0.017959322668612,0.8807064158368443,0.2436565287373847,0.3817127094602344,0.3817127094602344
-57.202809788286686,0.0271215744316577,4471779109.277359,7.455006383359432e-06,16708275132.317184,1.2135675034485755e-05,207921790424.7344,1.1892894383519887e-05,2.413352523731004e-06,0.6689440900204843,0.1334074889309704,0.0192726473566144,1.0372256529625596,0.1794501193933166,0.164952339070317,0.1794501193933166
-56.443111412227154,0.0407011309219524,5787938837.592507,1.0123402267694474e-05,30311610783.45824,1.1117188530042766e-05,194164212029.42728,1.1473444998264312e-05,1.6775778998366824e-05,0.7294775727556672,0.1201434764079749,0.0164175131805241,0.8563256015296267,0.1592226138488651,0.1940990138306939,0.1940990138306939
-47.37951576709747,0.0158912202715873,14631750691.323645,1.1317077182233334e-05,7718793518.904484,4.609635163098573e-06,209281260203.57013,1.2600831855088472e-05,5.285242833510807e-06,0.4746197624189788,0.1501998546533286,0.0207631267998367,1.0754542900098425,0.1556848124498367,0.2512106595851754,0.2512106595851754
-23.199375849217176,0.0537081690179184,4349660225.664948,8.093875534832478e-06,13863924477.763847,6.333628829568624e-06,195367424227.2973,1.3652568127959967e-05,2.243164238035476e-06,0.1672514204941802,0.18079972313717,0.0249464834323152,0.5175268574705981,0.3241078656374305,0.1872193636172518,0.3241078656374305
-72.97854067757726,0.0281951177772134,18680141052.46153,1.3338692232966424e-05,57744591679.52661,9.388521516695618e-06,200562256164.8488,1.0280961550772192e-05,7.060196791139125e-05,2.0698368338830444,0.1491381202824414,0.0122347518587484,1.760182452832174,0.0906777036438829,0.2919417550947225,0.2919417550947225
-67.63090712949634,0.0587083532055839,10089926897.087706,1.4933841653168202e-05,37114963849.14609,1.1960229270160197e-05,199777959324.4195,1.3169691506773232e-05,1.6460755126530123e-06,0.2682451554732264,0.1933432944118976,0.0143871086258441,0.6229025637039374,0.3099047731100544,0.3841596286367386,0.3841596286367386
-28.57438938692212,0.0346016376279294,6781264414.741286,7.631539210677146e-06,12164486672.358215,6.014127461239695e-06,204895617552.1016,1.079521630704403e-05,5.231387381247132e-05,1.2920701300035269,0.1366801656782627,0.0228379682414233,1.4659766082290884,0.1572759215130124,0.1713946930829748,0.1713946930829748
-42.00439985841513,0.0471073731640353,22251531366.55962,1.2908436745405196e-05,6702999582.760802,7.743814786896109e-06,191003066580.7425,1.1958219669759274e-05,2.191861280952505e-05,3.219933644445768,0.1077097220346331,0.0188583379248157,0.7610148406233881,0.1488819999705576,0.2206463991279182,0.2206463991279182
-61.79067566990853,0.0208912985119968,3049592742.098344,9.649230800569058e-06,19306491088.53733,1.0235198125243184e-05,206198509167.87985,1.208469096943736e-05,6.95517519913469e-06,0.107652194592421,0.1627676261588931,0.0183673338657245,1.212888604019876,0.2167951038522574,0.2295917997194576,0.2295917997194576
-59.93796532973647,0.0495374606922268,19922267215.4568,7.279894202947617e-06,8362863416.5634575,8.749717028811573e-06,198177687674.7608,1.3299327038228512e-05,1.008250967518803e-06,2.809664979018538,0.1690385852009058,0.0153941589724272,1.6323218360440697,0.2653783707950201,0.2071216267452902,0.2653783707950201
-36.35753924027085,0.0296549080638214,3558437744.7276034,1.4035577259957792e-05,24065362988.139164,7.242692563682794e-06,203373177945.61383,1.0672899167984724e-05,3.175621501704722e-05,0.2565714303826139,0.1014387134462595,0.0213810368627309,0.6636548744311028,0.1092647027372278,0.2170991130608937,0.2170991130608937
-34.2363441362977,0.0393429293017834,9183283477.91966,9.250859566032888e-06,45851370793.89447,4.528903823345899e-06,191978176031.2617,1.1572719041258098e-05,2.387349314168627e-05,0.6443049946525051,0.1304518820717931,0.0239259047256782,1.4102633647316456,0.1670382922165636,0.198401349119462,0.198401349119462
-69.46938164532185,0.0201635065348818,8046089956.0941,1.205671547353268e-05,15023317849.7492,1.1459398904815314e-05,207095805648.7143,1.2447236761450768e-05,7.507673872734945e-06,1.1189822479500744,0.1995715292170644,0.0128482995061203,0.7765835009214694,0.2055932675616064,0.3487859738740674,0.3487859738740674
-78.6256467178464,0.0457464665360748,4839397465.351637,1.1715336807072163e-05,9662103564.830488,1.015333382040262e-05,192561499271.54184,1.1120664861053228e-05,1.134366510901551e-05,0.1461392258260266,0.1429098858498037,0.0150046219602227,1.1005422107418512,0.190276686271112,0.258701412918819,0.258701412918819
-25.05275629460812,0.0251608797674998,15946877932.498976,1.0975050136446954e-05,40206850882.461365,8.082763595506548e-06,207756378892.8092,1.2992191828787328e-05,3.6061398660849113e-06,4.939236841710511,0.1870280071161687,0.0218150107618421,0.9973896017616366,0.2178990266597743,0.301618743353965,0.301618743353965
-45.541253592818975,0.0545349425543099,6334739953.713081,1.3690416365861893e-05,20911264093.53499,5.374121343716979e-06,196344974786.04315,1.3753400862216947e-05,2.697414961170169e-06,1.7539055037124025,0.1564708628691733,0.0194722823007032,1.8814090750004409,0.2209754527250282,0.3552544487434077,0.3552544487434077
-50.78185984864831,0.0360587255889549,12283867389.74999,8.992242000997066e-06,5323404473.367314,1.2866100102663038e-05,201461994349.9565,1.0125935424119236e-05,8.566609216790551e-05,0.4114988272906131,0.1138725169934332,0.0173463584305718,0.5771934888263772,0.1379804716701453,0.1549525438382488,0.1549525438382488
-53.295339699834585,0.0563267827732488,3738707642.5631847,1.2532360315322878e-05,53656376404.57521,8.24366245791316e-06,209750758185.9827,1.3892191663384438e-05,3.757237476241338e-05,1.404527042970873,0.117591325007379,0.0138258733646944,1.2728854683280708,0.1900326438640235,0.2492998470957743,0.2492998470957743
-42.88383567705751,0.0368397427350282,20943064378.51744,9.777167730033396e-06,12866792653.633276,9.750739494338633e-06,194945935830.4739,1.0017654452472928e-05,1.1939166536165435e-06,0.314746888771485,0.161760557256639,0.0230500576375052,0.7176519065221323,0.1813826633717322,0.2316172390523332,0.2316172390523332
-25.81946764141321,0.0440226874547079,8178501698.49658,1.45618851557374e-05,7146002783.637967,1.246006825752556e-05,201030877996.23608,1.1227961134165526e-05,8.935434722565368e-06,0.1263133361569954,0.1813498735427856,0.0191084140520542,1.4891837360023137,0.2129947174010296,0.381727410630195,0.381727410630195
-78.00075627863407,0.0238325175549834,9338930437.740343,7.755539312958717e-06,28096271833.865013,5.5296600796282286e-06,196147580463.43924,1.2854370467364787e-05,2.83577953998665e-05,3.5002106466447893,0.1387980729341507,0.0177681118249893,0.6200430465213344,0.2072323396304396,0.1607444532316099,0.2072323396304396
-72.1002497151494,0.0377701264014467,15688718323.587202,8.471919156610965e-06,17896829055.605545,6.835605537518858e-06,204114504028.1117,1.171151699498296e-05,4.133512399378907e-06,0.5407683732029955,0.1939161908812821,0.0165720769418403,1.7492508807506608,0.2443972995530288,0.260155140895699,0.260155140895699
-31.69631354510784,0.0189862921647727,4758739428.758356,1.3212692454457284e-05,6206060578.807291,8.906329184770584e-06,199310292322.18863,1.2338963896036148e-05,1.302090546565144e-05,0.8185479986513309,0.1263659161515534,0.0201451593609526,0.5262871120489524,0.1351614988630166,0.2390547077322512,0.2390547077322512
-37.00714847072959,0.051480277092196,11691568217.14842,1.0497325956821442e-05,11290442675.212029,1.161915675550699e-05,205416521802.5446,1.3406631417572496e-05,9.783789028802312e-05,2.322550026691572,0.105134920310229,0.0242905292138457,1.0123530927362387,0.1776245223470868,0.1972560667846949,0.1972560667846949
-59.19597366824746,0.030587073052302,6025984149.487438,1.1195014230906964e-05,34489915611.84629,4.127434415742754e-06,190533834323.28705,1.053508495911956e-05,3.0798042536857102e-06,0.1905629739822865,0.1743026266805827,0.0124273023512214,0.8995029446037414,0.1861015319084887,0.2671431071862945,0.2671431071862945
-64.78400629013777,0.0482812460884451,13033431909.858105,1.3814341247081757e-05,16206528266.613407,5.893873151391744e-06,202592362519.35364,1.1820155091583727e-05,4.625449035731824e-06,4.204564544629154,0.1680248052813112,0.0148373397132381,0.562232887909808,0.2241953251153026,0.3106885566580282,0.3106885566580282
-38.91862958669663,0.0224605777440592,5152845350.948436,8.620179764926434e-06,49522714362.39816,1.2401270950213074e-05,197709722723.81183,1.2191742178052663e-05,1.4702165306883446e-05,0.1342789837358456,0.1114127875305712,0.0224456471437588,1.953041081884637,0.1565190850693858,0.1596650358794309,0.1596650358794309
-29.798978846520185,0.0577728347014635,17199504234.12886,1.1843381620943549e-05,25928307474.56721,1.0673094110563397e-05,206313501261.17468,1.3061655659228564e-05,6.15638463744477e-05,0.3781055792607876,0.1325888521037996,0.0201155147887766,0.9204031124367924,0.2132312610232121,0.2448892870752634,0.2448892870752634
-66.49709792807698,0.0326553069474175,4002955957.813159,1.0599051073193553e-05,8999301255.553135,7.617942858487367e-06,191509260945.0221,1.093425026535988e-05,1.9554589412743906e-06,1.4930148335146725,0.1876933014951646,0.0171664800290018,1.1802733245615935,0.1906847304914354,0.30316067355338,0.30316067355338
-76.08903063461185,0.0529291198588907,7365032766.16795,9.12890426069498e-06,5728966942.030136,5.046390136703848e-06,208226174972.95145,1.3514510702341796e-05,4.397638394585141e-05,0.2289241638203559,0.1450209626927971,0.0159680631766095,0.8336030499640827,0.2580815336617091,0.1960138080923222,0.2580815336617091
-20.230764020234343,0.0264054281031712,10963852936.969715,1.2430716291069984e-05,22531759292.897552,1.0992441520094873e-05,193342925123.8704,1.0388020865619184e-05,1.3849028238680822e-06,2.468866068977714,0.1751269379630685,0.0211562289809808,1.299070759154019,0.1224204974530134,0.3224300348501511,0.3224300348501511
-48.48677422851324,0.042031473191455,3423576297.1922607,7.153818964958191e-06,43429540693.93597,9.267212025821208e-06,201930299159.1394,1.1365417256951332e-05,5.881424760185992e-06,0.9832623953325266,0.1554826896637678,0.0236885006893426,0.6896663412388422,0.2207308150819381,0.16920318130336,0.2207308150819381
-55.191972106695175,0.0176171405101195,24994042946.08724,1.4413514904677868e-05,10423867543.538176,6.775743929669261e-06,197125448193.4011,1.2739872965961696e-05,1.84983198356546e-05,0.5748725856499026,0.1238691460341215,0.0134347998164594,1.5874253233820903,0.096137896261285,0.2715057127261913,0.2715057127261913
-54.77503769099712,0.046968099377118,3122773196.4255896,8.533226609230042e-06,7901039522.729759,4.21025810483843e-06,199504111818.96924,1.2827022753655913e-05,7.345935966617005e-05,1.1023051981493217,0.158077632356435,0.024429525594227,0.9367319043065048,0.2497391833013363,0.2073818022632198,0.2497391833013363
-49.051280207932,0.0211475166119635,22797457035.84896,1.3774371676146985e-05,30486116838.63038,1.1835173948667944e-05,204543015621.6025,1.1200507145375014e-05,2.3117533234146872e-06,0.6543553970456378,0.1155242999084293,0.0127445342959836,1.17548463139283,0.0855433928285659,0.2378144733754034,0.2378144733754034
-20.59014180675149,0.0592733901226893,7060025457.266154,1.0559066452085972e-05,59759110336.58282,8.989194146357477e-06,190652352776.3784,1.005289876833558e-05,5.517635015911157e-06,0.2605760818103666,0.141363640408963,0.0167122627571225,0.566049214819535,0.1752976490058032,0.2002053169233686,0.2002053169233686
-75.58414122089744,0.0341559482831507,10510063094.07672,1.175638248026371e-05,14063241872.61413,7.051555977202951e-06,205925367232.4121,1.3927389785647392e-05,1.738586945381863e-05,2.767764654722221,0.1855344044975936,0.0204627891238778,1.9241452032662183,0.2399013288573988,0.3537147156664435,0.3537147156664435
-65.96280300989747,0.0542541087744757,18248517238.54269,1.2468856789171696e-05,11747673906.882118,5.613665449433028e-06,193887388911.09824,1.0507638301700354e-05,6.692274898896594e-06,0.4308982120723088,0.1288231698796153,0.0191713331388309,0.6776393778038869,0.1660462337034833,0.2393602007028792,0.2393602007028792
-30.24612700566649,0.0277303309366106,4246859337.004918,9.213780239224434e-06,36612351908.55415,1.2674895455129443e-05,208926903363.3173,1.3379260636866092e-05,2.12447739377414e-05,1.6757685627894134,0.1979893563315272,0.0180598527519032,1.593912217291671,0.2505099297445792,0.2883025929749998,0.2883025929749998
-39.39513899385929,0.040542416316457,14058524716.304068,1.4498436868190768e-05,18848921627.090588,9.83475522417575e-06,195018465332.6869,1.237416934967041e-05,5.005334037030682e-05,4.719236449602651,0.1705083839595317,0.0138899848889559,0.8279932549043314,0.2020575339366594,0.351383928212267,0.351383928212267
-64.39624581485987,0.0161279978882521,5558436624.228087,7.191974513232708e-06,6668390326.270836,8.458470444194972e-06,200292089842.2599,1.1746738243848086e-05,1.5900720630060845e-06,0.1530272695378836,0.1029596291482448,0.0233421926051378,1.3185699989328468,0.1444357551448982,0.1225933566639087,0.1444357551448982
-58.73497949913144,0.0550038115493953,12792134276.133602,9.815214455127717e-06,24203966317.850056,6.551114850677549e-06,192834164220.8397,1.0898998260498049e-05,7.832957987638416e-06,2.03884940801132,0.1091825233772397,0.0234224232593551,1.499276182199652,0.1418802261450994,0.2015807344422747,0.2015807344422747
-37.556891571730375,0.0355168575933203,6593389989.273622,1.2617391102015971e-05,8560296065.840845,9.193008570931852e-06,208107721973.21057,1.3026480484753849e-05,2.464326074948073e-05,0.1698719716259966,0.164285440929234,0.0133461676901206,0.6108757624299861,0.2412375144484018,0.2716007585469334,0.2716007585469334
-32.099522203207016,0.0455110140983015,16333774501.276417,7.84055457264185e-06,15239267373.984152,1.0767797387205065e-05,196696871146.5597,1.2219143237918616e-05,3.2945839111914986e-05,0.4820517813554497,0.1917114812880754,0.0157007980067282,1.2954813342115086,0.2683789528888782,0.2323559429087486,0.2683789528888782
-71.60989429801702,0.0253209299454465,4954279191.250858,1.4599886372685434e-05,47451086586.38581,4.972210587002337e-06,201736395135.52188,1.1847570993006227e-05,1.0372367617692468e-06,0.7185633226845144,0.1351009953767061,0.0210671980194747,0.7147326287020023,0.1397860593669715,0.2959238117108855,0.2959238117108855
-77.42263048887253,0.039082628712058,7724871121.584292,1.3125832594931127e-05,39662462507.67712,7.394492777995764e-06,198448445424.4376,1.2704705599695445e-05,8.220237195760641e-05,0.1127328001634534,0.1792565786279738,0.0197733632614836,1.005529760939751,0.271227854817742,0.3386482636539786,0.3386482636539786
-26.25208180397749,0.0202987088961526,8821434695.043037,8.431795254349709e-06,9331012150.630411,1.0597703342325984e-05,203721393123.26907,1.1330142661929131e-05,2.610266127464816e-06,3.076333055511012,0.1476415150798857,0.0170523536885157,0.9130142608515984,0.1546666218572214,0.1892213375856177,0.1892213375856177
-43.40440483763814,0.0499818251933902,3473519106.631851,1.1154935836791992e-05,5295905859.860893,1.2177784559316933e-05,192333200294.52444,1.041544457525015e-05,3.471959877641596e-06,1.2344356439988071,0.1217472433112561,0.0144939970560371,1.7187642153325968,0.127292571162649,0.23981188012302,0.23981188012302
-52.92234210297465,0.0290885352389886,19456460002.45136,1.0410481624305249e-05,20415709425.43052,5.818544174544512e-06,207372113633.90088,1.3541889172047375e-05,1.1038871454302036e-05,0.2809074983524444,0.1518547384999692,0.0223311245832592,0.5284321501600393,0.2443929765102387,0.2189597856581481,0.2443929765102387
-50.27593867853284,0.0510265142982825,5872953426.319891,1.4122528344392775e-05,13067160687.643017,1.0442338145337996e-05,203761310819.53644,1.0308149226009849e-05,2.9191561715076056e-05,1.5634672740762998,0.1539861544966697,0.018591453211382,1.3856402529737717,0.1476052699709388,0.3341741501500178,0.3341741501500178
-45.89960319921374,0.0311440472491085,11388865078.314331,7.319865606725216e-06,55459249209.13974,7.800359667278826e-06,199034594688.5645,1.3679709609597922e-05,9.26562792547135e-06,0.361234555460192,0.1223260715603828,0.0182778914533555,0.779741241929211,0.209244918445786,0.13728264702379,0.209244918445786
-25.61623409390449,0.0380179384583607,4561739885.65448,1.2096701867878437e-05,28225039701.99616,6.2212396198883644e-06,205145153701.3054,1.2565915782004595e-05,1.2331951986616124e-06,0.1282881864091811,0.1466759642586112,0.0141206197449937,1.6213042886616984,0.2020661812416687,0.2581512204117279,0.2581512204117279
-78.20768054574728,0.0188386016059666,15031327310.636711,9.337856695055962e-06,7323903151.528002,1.2016775994561612e-05,190183788090.94427,1.14384226500988e-05,3.918107743096633e-05,4.402944927614536,0.1767308225855231,0.0227497165715321,0.6736019688021813,0.1917924985530026,0.2583893960672822,0.2583893960672822
-69.08082187175751,0.0442459091870114,9580527103.137962,1.0936911650002003e-05,6181760492.273463,9.594647762365638e-06,209394589364.52863,1.2111839782446622e-05,2.9951514128986643e-06,0.5662784760817157,0.1341065491549671,0.0246035274304449,1.9148256256459129,0.1781177654347244,0.2656427431157321,0.2656427431157321
-34.712050668895245,0.0236602363362908,8394209605.848582,1.1630459055304529e-05,17452263591.035736,6.391178633086383e-06,194668483287.096,1.1985384277999402e-05,9.4243602616268e-05,0.9986766293143488,0.1891659851185977,0.012119824046269,0.5748639974149035,0.2057469275053565,0.2881666186243447,0.2881666186243447
-36.80388452485204,0.0558480859966948,21843155437.27498,8.907318204641342e-06,33980541711.481853,4.815703305415808e-06,200761264804.75067,1.0760201290249826e-05,1.2592228612123395e-05,2.5075836578025394,0.166445564944297,0.0160749564012512,1.1080362977001816,0.2044020453784792,0.2225576970269916,0.2225576970269916
-59.40287111327052,0.0373717832844704,3901507758.182663,1.3652262888848784e-05,10916426012.792198,1.1174788122065365e-05,195800509843.9753,1.3134752366691829e-05,3.9683256787253405e-06,0.2255005860103081,0.1097809043712914,0.0206493871146813,0.9826526943484786,0.1674936287073352,0.2459052818959164,0.2459052818959164
-61.29951737821102,0.0421995860897004,23953160054.72388,1.127902862429619e-05,51186573391.03638,1.280060242768377e-05,208575744219.1244,1.248220618069172e-05,2.025296979985219e-06,3.665135572713125,0.103552674409002,0.0196120303198695,0.5140283179576068,0.1642554480967268,0.1808391103281636,0.1808391103281636
-42.40680921822786,0.0173897615214809,3282669754.892477,1.0038373552262784e-05,16458943313.124784,5.175943003036081e-06,193614922501.1468,1.1607703302055595e-05,6.430257218237965e-05,0.1206852847672802,0.1726738414727151,0.0176643454041332,1.786583568418353,0.1932306190305549,0.2425012998743656,0.2425012998743656
-29.12333318963647,0.0523956686351448,10682661609.279804,1.3253678984940051e-05,9223361509.344309,8.017319061793385e-06,202205291222.7809,1.0645703803747894e-05,1.5142166424002886e-05,0.3007212490535342,0.1954369858838618,0.0151439755512401,0.8413831167100669,0.2241027655009783,0.3503214103194884,0.3503214103194884
-67.16911008581519,0.0268827031413093,7179921463.820287,8.055872544646263e-06,26047077631.0072,9.955110653303562e-06,197479194682.09143,1.3272208504378796e-05,4.8150279094722e-06,1.470714538563192,0.1278355942107737,0.0221318049104884,1.0798158663538149,0.1941710354900998,0.174490834202847,0.1941710354900998
-72.60451490059495,0.0572200284898281,4178237007.0734935,7.718400843441486e-06,21972007960.46644,1.1392880481667816e-05,202940024565.90533,1.01609274931252e-05,1.788022755441608e-05,0.1877244000068136,0.1830017771571874,0.0239895846527069,0.766188837200897,0.2450611610537187,0.2124308861834496,0.2450611610537187
-47.81109817326069,0.0484303476568311,5290253327.562859,9.689307123422622e-06,10078581658.997932,7.176206695847213e-06,206591621227.56244,1.2965081103146075e-05,1.3431733136139337e-06,0.8313297870215345,0.1160977954044938,0.0154574414687231,0.6339729273754202,0.1909000707691864,0.1664526655026247,0.1909000707691864
